1.000000000 -0.000000000 0.000000000 0.000000000 -0.000000000 1.000000000 0.000000000 0.000000000 0.000000000 0.000000000 1.000000000 0.000000000
0.999979198 0.000372608 -0.006435965 -0.008312521 -0.000370182 0.999999881 0.000378109 -0.001596686 0.006436104 -0.000375719 0.999979198 0.091078125
0.999906957 0.000921148 -0.013610399 -0.015794152 -0.000919515 0.999999583 0.000126253 -0.001404124 0.013610510 -0.000113726 0.999907374 0.187937915
0.999772727 0.001379726 -0.021274714 -0.025943669 -0.001392519 0.999998868 -0.000586522 -0.001890263 0.021273881 0.000616014 0.999773502 0.285603851
0.999542117 0.001750629 -0.030207893 -0.043122284 -0.001811016 0.999996424 -0.001971822 -0.002045045 0.030204333 0.002025626 0.999541700 0.389353812
0.999126494 0.001974513 -0.041741516 -0.059205089 -0.002118602 0.999991953 -0.003407966 -0.005451282 0.041734453 0.003493422 0.999122620 0.501339793
0.998463750 0.001527940 -0.055387389 -0.079123713 -0.001744910 0.999991000 -0.003869171 -0.010891784 0.055380978 0.003959873 0.998457432 0.624928832
0.997427464 0.001855084 -0.071658909 -0.108592398 -0.002179264 0.999987721 -0.004446013 -0.004032964 0.071649782 0.004590739 0.997419298 0.759935379
0.995904982 0.000361205 -0.090405479 -0.135366589 -0.000745455 0.999990821 -0.004216563 -0.008526499 0.090403125 0.004266690 0.995896101 0.914840758
0.993911922 -0.000682038 -0.110175312 -0.176156670 0.000201470 0.999990404 -0.004372923 -0.012385782 0.110177234 0.004324103 0.993902564 1.076356769
0.991228223 -0.001069075 -0.132156849 -0.224168375 0.000449802 0.999988794 -0.004715662 -0.015370518 0.132160410 0.004614853 0.991217613 1.235838890
0.987683594 0.002782475 -0.156439364 -0.269222707 -0.003808417 0.999973178 -0.006258728 -0.016168471 0.156417742 0.006777429 0.987667739 1.395983696
0.983335197 0.007001819 -0.181666806 -0.337233514 -0.008562014 0.999932885 -0.007805388 -0.020703131 0.181599945 0.009230747 0.983329117 1.570240855
0.977961421 0.010017549 -0.208545268 -0.411378652 -0.012129389 0.999887288 -0.008850132 -0.024055509 0.208433077 0.011184614 0.977972627 1.751353741
0.971224427 0.010463646 -0.237936124 -0.488289326 -0.012996904 0.999874234 -0.009080502 -0.026714483 0.237811178 0.011911637 0.971238256 1.937589169
0.963193178 0.012561914 -0.268516392 -0.578366220 -0.015444655 0.999843419 -0.008626059 -0.027992526 0.268366009 0.012455703 0.963236451 2.130886316
0.953702390 0.014336046 -0.300410390 -0.676312447 -0.017435767 0.999818683 -0.007639821 -0.031379368 0.300246418 0.012523999 0.953779399 2.323279381
0.942454278 0.016652366 -0.333920211 -0.761237323 -0.019877326 0.999782920 -0.006243156 -0.038129263 0.333743751 0.012521327 0.942580640 2.489239454
0.929885745 0.018964972 -0.367359519 -0.868987441 -0.022557978 0.999730468 -0.005489119 -0.043354779 0.367156416 0.013391140 0.930062890 2.674085379
0.915994287 0.021726390 -0.400602937 -0.988615930 -0.025887152 0.999652445 -0.004976600 -0.042318370 0.400355607 0.014929006 0.916238308 2.855879784
0.899901271 0.021972474 -0.435539961 -1.106964469 -0.026502155 0.999639273 -0.004327436 -0.041010614 0.435287803 0.015437013 0.900159001 3.033680916
0.881403208 0.017249992 -0.472049624 -1.241717935 -0.022277769 0.999738932 -0.005063470 -0.039621089 0.471839070 0.014979172 0.881557465 3.230522633
0.860340476 0.013263372 -0.509547293 -1.372083545 -0.018385574 0.999818385 -0.005017963 -0.049820554 0.509388089 0.013685477 0.860428035 3.389993429
0.835171103 0.014660391 -0.549794853 -1.530455828 -0.018854441 0.999820352 -0.001980604 -0.051513519 0.549667001 0.012020218 0.835297406 3.570541620
0.806061983 0.020260964 -0.591484189 -1.712104559 -0.023496736 0.999721527 0.002224055 -0.059245836 0.591364384 0.012105222 0.806313515 3.737571955
0.773537695 0.023554198 -0.633312523 -1.914522409 -0.027094098 0.999624550 0.004084950 -0.061334919 0.633170843 0.013999167 0.773885429 3.912073851
0.737705052 0.022742417 -0.674739957 -2.123358011 -0.026187504 0.999644220 0.005062198 -0.065331742 0.674615026 0.013935350 0.738038182 4.072500229
0.697558403 0.018227300 -0.716295958 -2.340187311 -0.020102261 0.999780715 0.005864610 -0.061673630 0.716245830 0.010308261 0.697771907 4.242015839
0.654673874 0.014516284 -0.755771995 -2.579265118 -0.014709142 0.999870896 0.006463217 -0.059898321 0.755768239 0.006885462 0.654802978 4.405146122
0.610672832 0.013875923 -0.791761458 -2.836517572 -0.011970617 0.999893904 0.008290779 -0.058083124 0.791792572 0.004414920 0.610774159 4.540407181
0.562212884 0.014581846 -0.826863945 -3.114721298 -0.009496563 0.999892414 0.011176185 -0.057389181 0.826938033 0.001568971 0.562290907 4.682161331
0.511642754 0.014986650 -0.859067678 -3.411550522 -0.007942488 0.999887645 0.012712910 -0.050278150 0.859161615 0.000318667 0.511704206 4.799493790
0.459229559 0.016487632 -0.888164520 -3.714695930 -0.007627028 0.999864042 0.014617600 -0.042971157 0.888284862 0.000061223 0.459292948 4.898024082
0.404467463 0.018859860 -0.914357781 -4.046483994 -0.006328660 0.999821067 0.017823163 -0.042455435 0.914530516 -0.001422229 0.404514492 4.995280266
0.349124223 0.020549044 -0.936851025 -4.401666164 -0.006178202 0.999788225 0.019627167 -0.032371085 0.937056065 -0.001064263 0.349177212 5.078634739
0.294129789 0.023849094 -0.955467761 -4.771421909 -0.004111537 0.999710917 0.023687743 -0.029171525 0.955756605 -0.003038829 0.294142783 5.146002293
0.240130335 0.025577890 -0.970403612 -5.130107880 0.001843409 0.999638975 0.026804633 -0.033000451 0.970738888 -0.008225457 0.239996508 5.211490154
0.189084813 0.025903462 -0.981619060 -5.513600826 0.004227378 0.999621272 0.027192814 -0.027439356 0.981951654 -0.009291424 0.188903704 5.247455120
0.141622484 0.027077507 -0.989550352 -5.928251743 0.001369838 0.999619484 0.027549084 -0.021216318 0.989919722 -0.005257094 0.141531512 5.265602112
0.099301465 0.027485529 -0.994677663 -6.351283550 -0.000621661 0.999619961 0.027560031 -0.010922657 0.995057166 -0.002118399 0.099280827 5.264713287
0.061480209 0.025896095 -0.997772455 -6.794690609 -0.001079337 0.999664485 0.025878698 -0.002604670 0.998107731 -0.000514095 0.061487541 5.262176037
0.027202984 0.023066556 -0.999363780 -7.257518768 -0.000615183 0.999733865 0.023058355 0.006094185 0.999629736 -0.000012465 0.027209941 5.246833324
-0.004193766 0.020413008 -0.999782860 -7.726510048 -0.000443313 0.999791443 0.020415045 0.011605374 0.999991059 0.000528833 -0.004183841 5.218681335
-0.031051163 0.018797832 -0.999341071 -8.216826439 -0.000260496 0.999822915 0.018814992 0.013556347 0.999517798 0.000844552 -0.031040765 5.186176300
-0.051843401 0.016307261 -0.998522103 -8.725564003 -0.000884009 0.999865532 0.016375098 0.024549277 0.998654842 0.001731644 -0.051822014 5.141434669
-0.068010852 0.015372197 -0.997566164 -9.243995667 -0.000936982 0.999879837 0.015471731 0.036190145 0.997684240 0.001986947 -0.067988284 5.088158131
-0.080983758 0.015767882 -0.996590674 -9.790432930 0.000309690 0.999875188 0.015794683 0.043413840 0.996715307 0.000970478 -0.080978550 5.035425663
-0.090613917 0.016934713 -0.995742083 -10.340600967 0.000304599 0.999855816 0.016976958 0.049379978 0.995886028 0.001235047 -0.090606026 4.976192951
-0.097433642 0.018364869 -0.995072544 -10.913142204 -0.002168215 0.999823391 0.018664852 0.046425957 0.995239615 0.003976115 -0.097376637 4.909933090
-0.101929814 0.019247260 -0.994605362 -11.506373405 -0.002080146 0.999806643 0.019561091 0.054173432 0.994789422 0.004062782 -0.101870053 4.845278740
-0.103269912 0.019768480 -0.994456947 -12.114098549 -0.000064796 0.999802411 0.019881468 0.066942267 0.994653404 0.002117594 -0.103248224 4.777598858
-0.102143906 0.021974036 -0.994526923 -12.731128693 0.001920950 0.999758542 0.021892335 0.073622890 0.994767785 0.000325732 -0.102161460 4.714952469
-0.100527555 0.024583321 -0.994630456 -13.368782997 0.001183842 0.999696910 0.024588894 0.076606661 0.994933605 0.001294376 -0.100526191 4.646358490
-0.098844610 0.024665594 -0.994797111 -14.029998779 -0.000678115 0.999690771 0.024854312 0.082575075 0.995102644 0.003131302 -0.098797321 4.573406219
-0.097398683 0.022165347 -0.994998574 -14.696208954 -0.002320938 0.999744117 0.022498256 0.092179939 0.995242715 0.004500630 -0.097322330 4.508452415
-0.096062593 0.021884872 -0.995134652 -15.378739357 -0.002517461 0.999749780 0.022229381 0.107074611 0.995372117 0.004640624 -0.095983461 4.439302444
-0.094179325 0.024584070 -0.995251656 -16.087356567 -0.003373519 0.999681473 0.025012722 0.115486510 0.995549560 0.005713181 -0.094066389 4.366208553
-0.092411682 0.028385552 -0.995316148 -16.793889999 -0.003792043 0.999576271 0.028859122 0.123160258 0.995713651 0.006441202 -0.092264898 4.299826145
-0.090708956 0.030256005 -0.995417714 -17.523674011 -0.003752792 0.999520898 0.030722702 0.136487097 0.995870352 0.006522420 -0.090551957 4.229236126
-0.088838652 0.029659769 -0.995604336 -18.264902115 -0.005566970 0.999526143 0.030273350 0.147271186 0.996030509 0.008231943 -0.088631459 4.155981541
-0.087030195 0.026270928 -0.995859206 -19.018045425 -0.008125439 0.999600291 0.027079713 0.168866083 0.996172488 0.010448545 -0.086781949 4.079709530
-0.085570246 0.025509031 -0.996005535 -19.794727325 -0.008987865 0.999611795 0.026373569 0.183038950 0.996291578 0.011208755 -0.085307755 4.010559559
-0.084199712 0.028246991 -0.996048391 -20.561212540 -0.006675495 0.999559760 0.028910870 0.193395376 0.996426523 0.009083403 -0.083974063 3.951964378
-0.083161436 0.030342052 -0.996074080 -21.352638245 -0.004599015 0.999514043 0.030830808 0.206644684 0.996525407 0.007144894 -0.082981490 3.886673450
-0.081875160 0.032275856 -0.996119857 -22.150062561 -0.003483480 0.999460161 0.032670412 0.216850564 0.996636510 0.006144858 -0.081718519 3.819355965
-0.080962770 0.027638584 -0.996333838 -22.950845718 -0.003257087 0.999602854 0.027993938 0.227649376 0.996711791 0.005511613 -0.080840603 3.744552374
-0.080787100 0.020529589 -0.996519923 -23.756477356 -0.002468682 0.999780774 0.020796897 0.237787813 0.996728301 0.004140213 -0.080718696 3.680445671
-0.080791473 0.016044814 -0.996601820 -24.579717636 0.001078076 0.999871075 0.016010053 0.247395143 0.996730447 0.000219063 -0.080798373 3.611153841
-0.081093073 0.016573416 -0.996568680 -25.410053253 0.002230989 0.999862134 0.016446650 0.259967506 0.996704042 -0.000889625 -0.081118882 3.541512966
-0.080900848 0.024265323 -0.996426642 -26.238311768 0.001651459 0.999705434 0.024211088 0.262373537 0.996720850 0.000313139 -0.080917105 3.462654352
-0.081549250 0.031302158 -0.996177554 -27.095661163 0.000024618 0.999506652 0.031404752 0.273262411 0.996669292 0.002536511 -0.081509799 3.395595074
-0.082134470 0.036783610 -0.995942295 -27.932209015 -0.001605428 0.999312460 0.037040487 0.284093142 0.996619940 0.004641213 -0.082018949 3.319190741
-0.082374856 0.037231144 -0.995905697 -28.776260376 -0.003511329 0.999284923 0.037647903 0.294755548 0.996595204 0.006598193 -0.082185216 3.240886688
-0.082695089 0.033402812 -0.996014953 -29.618234634 -0.003786107 0.999420404 0.033831365 0.313198924 0.996567667 0.006568707 -0.082520686 3.164315939
-0.082551703 0.030812467 -0.996110320 -30.453474045 -0.003934029 0.999503911 0.031243470 0.327960610 0.996578991 0.006497927 -0.082389534 3.078733683
-0.083133399 0.032168049 -0.996019125 -31.273149490 -0.004733424 0.999454796 0.032674097 0.341788918 0.996527195 0.007430888 -0.082935810 3.011681795
-0.083226919 0.034217156 -0.995943010 -32.113838196 -0.005730480 0.999377370 0.034814030 0.354369521 0.996514142 0.008604696 -0.082979016 2.940163136
-0.082919888 0.033028834 -0.996008694 -32.945201874 -0.006387136 0.999412417 0.033673454 0.363905996 0.996535718 0.009153842 -0.082660228 2.860337734
-0.082776248 0.027889585 -0.996177793 -33.769649506 -0.006813296 0.999569118 0.028550675 0.377203077 0.996544778 0.009150572 -0.082550563 2.790983915
-0.082268231 0.023652153 -0.996329486 -34.604660034 -0.008517868 0.999665022 0.024434665 0.389568776 0.996573746 0.010496800 -0.082039230 2.707954407
-0.081926212 0.024391744 -0.996339798 -35.427299500 -0.008554691 0.999646366 0.025176125 0.393316686 0.996601701 0.010585967 -0.081688575 2.644412518
-0.081293218 0.026873855 -0.996327817 -36.256061554 -0.007212812 0.999594331 0.027550479 0.400340319 0.996664166 0.009425994 -0.081066415 2.574348211
-0.080540203 0.032018244 -0.996236980 -37.106910706 -0.006726481 0.999443710 0.032665107 0.410671562 0.996728718 0.009332024 -0.080280021 2.491502523
-0.080073752 0.037695583 -0.996075869 -37.934177399 -0.006394925 0.999244690 0.038329586 0.423959374 0.996768415 0.009439023 -0.079772212 2.428759813
-0.080146134 0.040655155 -0.995953619 -38.773811340 -0.006859025 0.999121785 0.041336440 0.441159040 0.996759534 0.010144229 -0.079796873 2.351179361
-0.079846852 0.040612869 -0.995979428 -39.606834412 -0.006059127 0.999131501 0.041227154 0.461734086 0.996788740 0.009326626 -0.079531409 2.280533075
-0.079794288 0.036155488 -0.996155441 -40.425365448 -0.006486572 0.999301970 0.036789287 0.480860859 0.996790290 0.009397210 -0.079504065 2.214402199
-0.079401597 0.031661268 -0.996339798 -41.255119324 -0.007254182 0.999450743 0.032338243 0.496961117 0.996816337 0.009795339 -0.079128303 2.137844563
-0.079086274 0.028958933 -0.996446967 -42.068363190 -0.011736229 0.999481797 0.029978611 0.507330775 0.996798694 0.014065427 -0.078705408 2.058990955
-0.079632834 0.027413625 -0.996447265 -42.886569977 -0.014717561 0.999480486 0.028673252 0.517367899 0.996715605 0.016948607 -0.079188026 1.984755874
-0.080540366 0.025391510 -0.996427894 -43.705451965 -0.012607073 0.999569595 0.026490584 0.525844932 0.996671677 0.014695602 -0.080185607 1.918174148
-0.081571817 0.021563280 -0.996434212 -44.534976959 -0.009014170 0.999709010 0.022372084 0.534947455 0.996626675 0.010806957 -0.081353731 1.849290133
-0.082310103 0.020555526 -0.996394753 -45.344470978 -0.004485213 0.999769509 0.020995660 0.540911853 0.996596694 0.006197201 -0.082198940 1.784304619
-0.083929472 0.023947984 -0.996183872 -46.160930634 -0.004263757 0.999693453 0.024391575 0.546860993 0.996462584 0.006294659 -0.083801635 1.704714775
-0.085588492 0.030184556 -0.995873213 -46.989200592 -0.002425178 0.999531686 0.030503869 0.550223589 0.996327579 0.005025949 -0.085475214 1.634522319
-0.087516248 0.033826225 -0.995588660 -47.811653137 -0.000436088 0.999421895 0.033994798 0.561757803 0.996163011 0.003409261 -0.087450907 1.562424779
-0.088971570 0.033094246 -0.995484233 -48.623321533 -0.000402001 0.999446630 0.033261899 0.568179429 0.996034026 0.003359549 -0.088909023 1.484779239
-0.089684255 0.029109729 -0.995544791 -49.420715332 -0.003692316 0.999556184 0.029559648 0.577670276 0.995963454 0.006326900 -0.089536980 1.397087336
-0.090863332 0.025488431 -0.995537102 -50.211719513 -0.009030521 0.999610245 0.026416933 0.585130095 0.995822430 0.011390550 -0.090597749 1.311853766
-0.092381388 0.024200175 -0.995429575 -51.001869202 -0.012678629 0.999595106 0.025478086 0.589357853 0.995642900 0.014974385 -0.092037141 1.229064941
-0.093556605 0.025120094 -0.995297015 -51.798210144 -0.014332430 0.999544144 0.026574517 0.596930802 0.995510757 0.016751247 -0.093153916 1.147152543
-0.094337791 0.026964741 -0.995175004 -52.582736969 -0.014211600 0.999494851 0.028428981 0.601366341 0.995438874 0.016824957 -0.093906924 1.068744779
-0.095085695 0.026363092 -0.995119929 -53.373600006 -0.016248401 0.999474883 0.028031036 0.608767688 0.995336413 0.018834457 -0.094607398 0.980119884
-0.095682561 0.026134986 -0.995068789 -54.153930664 -0.016950814 0.999467492 0.027880453 0.616465509 0.995267570 0.019534895 -0.095188595 0.897294104
-0.096087977 0.027964294 -0.994979978 -54.927837372 -0.015416645 0.999443591 0.029578574 0.625316024 0.995253503 0.018181397 -0.095603392 0.818571746
-0.096406572 0.030705418 -0.994868279 -55.699234009 -0.014880805 0.999367893 0.032286294 0.636919379 0.995230854 0.017917052 -0.095888712 0.742794335
-0.096550122 0.035009909 -0.994712234 -56.477149963 -0.014757055 0.999221027 0.036600962 0.646595776 0.995218635 0.018212847 -0.095958255 0.660441935
-0.097047657 0.037063699 -0.994589388 -57.240810394 -0.014992483 0.999138594 0.038696129 0.659363747 0.995166779 0.018666729 -0.096408367 0.583777964
-0.097819544 0.037218731 -0.994507968 -57.991600037 -0.014510596 0.999140859 0.038819369 0.669233263 0.995098352 0.018228197 -0.097195439 0.506688952
-0.098023169 0.035464406 -0.994552076 -58.733161926 -0.014079584 0.999215364 0.037018374 0.677252710 0.995084465 0.017631536 -0.097446933 0.429457009
-0.098073751 0.031631798 -0.994676352 -59.467418671 -0.013563078 0.999359369 0.033118024 0.694248438 0.995086730 0.016738882 -0.097581901 0.351375848
-0.097735241 0.028736252 -0.994797528 -60.190307617 -0.013979369 0.999444842 0.030243916 0.701821744 0.995114207 0.016862540 -0.097279258 0.272214472
-0.096620440 0.026504951 -0.994968414 -60.893344879 -0.014376485 0.999503970 0.028021863 0.710158587 0.995217443 0.017011633 -0.096191466 0.202156395
-0.094560623 0.025674039 -0.995188057 -61.588226318 -0.017263681 0.999474823 0.027424987 0.714435339 0.995369434 0.019773934 -0.094067730 0.130795315
-0.089788310 0.026663098 -0.995603919 -62.287418365 -0.017407538 0.999446929 0.028335916 0.720860898 0.995808780 0.019875245 -0.089274496 0.054955918
-0.084267706 0.028341828 -0.996040046 -62.932682037 -0.016939806 0.999410272 0.029870881 0.722686768 0.996299088 0.019389872 -0.083737895 0.005954945
-0.076883465 0.029690821 -0.996598005 -63.585075378 -0.015975060 0.999391675 0.031006463 0.731261075 0.996912062 0.018304594 -0.076362371 -0.044175752
-0.068017706 0.030871086 -0.997206450 -64.216835022 -0.016856002 0.999342978 0.032086946 0.736486018 0.997541666 0.018991388 -0.067452662 -0.083913833
-0.055988539 0.032920770 -0.997888505 -64.853797913 -0.019147620 0.999237061 0.034039576 0.740593314 0.998247743 0.021013012 -0.055315465 -0.128993347
-0.041487161 0.034368791 -0.998547733 -65.430679321 -0.022367205 0.999125719 0.035317995 0.748648465 0.998888612 0.023799967 -0.040682167 -0.147163257
-0.022940002 0.035408735 -0.999109566 -66.021369934 -0.023894299 0.999067664 0.035955880 0.759374976 0.999451220 0.024697851 -0.022072550 -0.157957286
-0.000657391 0.036385249 -0.999337614 -66.595832825 -0.025020663 0.999024332 0.036390312 0.765407562 0.999686718 0.025028009 0.000253631 -0.153307185
0.024766121 0.036818154 -0.999015033 -67.135498047 -0.024048502 0.999054313 0.036223430 0.771121025 0.999403894 0.023127701 0.025628120 -0.120938547
0.053992651 0.036221132 -0.997884154 -67.659263611 -0.022668108 0.999128819 0.035039801 0.781611085 0.998283982 0.020728255 0.054766677 -0.070705414
0.088497758 0.036194108 -0.995418549 -68.158081055 -0.021774026 0.999171138 0.034394737 0.788886845 0.995838284 0.018630413 0.089212492 -0.011558598
0.125782818 0.036513343 -0.991385758 -68.576805115 -0.021109222 0.999194682 0.034122709 0.788791001 0.991833150 0.016635327 0.126452297 0.063978620
0.167053863 0.036378060 -0.985276461 -69.044319153 -0.021077707 0.999222517 0.033319242 0.792270780 0.985722363 0.015201258 0.167690724 0.162894249
0.212145329 0.037332129 -0.976524830 -69.483848572 -0.020056058 0.999225855 0.033842899 0.796376646 0.977032244 0.012405622 0.212729827 0.283505529
0.260788441 0.035941917 -0.964726686 -69.912284851 -0.016866751 0.999323845 0.032671388 0.799467027 0.965248644 0.007751481 0.261218280 0.427348495
0.310662329 0.031054921 -0.950012922 -70.307243347 -0.009366068 0.999517620 0.029610392 0.797210753 0.950474143 -0.000300948 0.310803294 0.600888729
0.361832678 0.025745049 -0.931887507 -70.706428528 -0.004166631 0.999653220 0.025999382 0.798330665 0.932233691 -0.005524596 0.361814469 0.799809217
0.413998514 0.021314552 -0.910027921 -71.070304871 0.000809569 0.999716818 0.023783531 0.802010000 0.910277188 -0.010583077 0.413864046 1.009309053
0.465287387 0.020917857 -0.884912372 -71.446037292 0.000315703 0.999716699 0.023797635 0.810108840 0.885159492 -0.011352111 0.465149075 1.241340041
0.513828635 0.019832077 -0.857663453 -71.812583923 0.001517549 0.999710202 0.024025837 0.815823793 0.857891500 -0.013646710 0.513649642 1.493987322
0.558769643 0.014728623 -0.829192042 -72.165931702 0.010070089 0.999648035 0.024542321 0.826284230 0.829261780 -0.022063542 0.558424711 1.783761501
0.602165163 0.009100016 -0.798319578 -72.475997925 0.019976113 0.999450207 0.026460497 0.818215013 0.798121572 -0.031880911 0.601652384 2.090291977
0.644605637 0.003763181 -0.764505863 -72.797668457 0.021485588 0.999503672 0.023035849 0.822420359 0.764213324 -0.031274896 0.644204855 2.410157919
0.686563849 0.000375848 -0.727069378 -73.077423096 0.017383330 0.999705493 0.016931681 0.816454172 0.726861537 -0.024263570 0.686355233 2.691153526
0.726947963 -0.006830918 -0.686658561 -73.357353210 0.014440143 0.999881446 0.005340541 0.822549284 0.686540604 -0.013797746 0.726960599 3.033751965
0.766247451 -0.009274038 -0.642478704 -73.631362915 0.009538740 0.999949753 -0.003057743 0.827499747 0.642474771 -0.003785451 0.766297519 3.400741339
0.802908242 -0.009994095 -0.596018910 -73.877670288 0.007701999 0.999949872 -0.006391734 0.828250527 0.596052945 0.000541439 0.802944958 3.795069933
0.836623549 -0.010435385 -0.547678947 -74.110809326 0.007837283 0.999944150 -0.007080689 0.810668051 0.547722280 0.001631555 0.836658657 4.215965748
0.867582440 -0.008662665 -0.497218013 -74.370391846 0.004352921 0.999942183 -0.009825963 0.809181213 0.497274518 0.006360481 0.867569923 4.675607204
0.893333197 -0.007394495 -0.449334204 -74.577293396 0.003932486 0.999954879 -0.008637538 0.798406601 0.449377954 0.005949199 0.893321931 5.153497696
0.914315760 -0.001281547 -0.405000389 -74.769386292 -0.002014884 0.999968112 -0.007712945 0.789051294 0.404997438 0.007868096 0.914283931 5.649836540
0.931721389 0.003083420 -0.363161027 -74.955734253 -0.006898261 0.999933779 -0.009208151 0.780259609 0.363108635 0.011084612 0.931680799 6.163707256
0.945123017 0.008212040 -0.326611519 -75.136642456 -0.011468029 0.999901891 -0.008044615 0.774074435 0.326513410 0.011348739 0.945124447 6.696023464
0.954948604 0.008775673 -0.296641409 -75.290603638 -0.011114279 0.999919116 -0.006198065 0.763055980 0.296562999 0.009215788 0.954968870 7.262682438
0.962249756 0.007975735 -0.272051126 -75.444892883 -0.009646122 0.999942005 -0.004803176 0.754286170 0.271997005 0.007246093 0.962270796 7.844583511
0.967849255 0.008235668 -0.251396209 -75.580718994 -0.009279295 0.999952614 -0.002966162 0.745814919 0.251359820 0.005203577 0.967879772 8.446765900
0.972545862 0.011171491 -0.232442781 -75.743965149 -0.011528391 0.999933541 -0.000177001 0.736932039 0.232425377 0.002851833 0.972609997 9.076232910
0.975994825 0.015817724 -0.217218190 -75.885597229 -0.015933933 0.999872327 0.001216604 0.733370543 0.217209682 0.002273741 0.976122320 9.712798119
0.978774786 0.019492663 -0.204009369 -76.018829346 -0.019324804 0.999809265 0.002815146 0.724336982 0.204025358 0.001187046 0.978964865 10.358190536
0.981432557 0.018628756 -0.190900430 -76.145347595 -0.018450068 0.999826133 0.002713550 0.712636948 0.190917805 0.000858959 0.981605649 11.024463654
0.983981073 0.018550826 -0.177305445 -76.268066406 -0.018462356 0.999827206 0.002148918 0.708917499 0.177314699 0.001158982 0.984153509 11.711333275
0.986543238 0.019363495 -0.162350044 -76.391921997 -0.019251985 0.999812067 0.002260192 0.708251715 0.162363306 0.000895784 0.986730635 12.426125526
0.988715827 0.020684147 -0.148368150 -76.494743347 -0.020554006 0.999785900 0.002410526 0.707949340 0.148386240 0.000666235 0.988929212 13.137481689
0.990549266 0.020990066 -0.135541618 -76.593811035 -0.021185305 0.999775648 0.000001961 0.693006694 0.135511249 0.002869548 0.990771711 13.855960846
0.991991103 0.021136889 -0.124526508 -76.686294556 -0.021936262 0.999746621 -0.005051510 0.678720832 0.124388166 0.007742700 0.992203474 14.588236809
0.993180633 0.020945165 -0.114688732 -76.774177551 -0.022379268 0.999686480 -0.011230922 0.660654426 0.114417531 0.013720986 0.993338048 15.329718590
0.994062722 0.018464411 -0.107230380 -76.853431702 -0.019788953 0.999740481 -0.011301344 0.651725829 0.106993847 0.013356223 0.994169950 16.108676910
0.994785547 0.020266879 -0.099954635 -76.939865112 -0.020876970 0.999769330 -0.005061370 0.637947142 0.099828996 0.007121731 0.994979143 16.875545502
0.995163620 0.024896134 -0.095024504 -77.022056580 -0.024724780 0.999689937 0.002980415 0.623110831 0.095069222 -0.000616541 0.995470524 17.644687653
0.995488703 0.025626959 -0.091353863 -77.082504272 -0.025115078 0.999661803 0.006748662 0.608744740 0.091495901 -0.004423856 0.995795667 18.402889252
0.995877981 0.024596615 -0.087304987 -77.165359497 -0.024154281 0.999689519 0.006119513 0.595448911 0.087428398 -0.003985500 0.996162832 19.168426514
0.996163607 0.024038423 -0.084144630 -77.234855652 -0.023760151 0.999708474 0.004307050 0.593315899 0.084223613 -0.002291238 0.996444285 19.943784714
0.996415675 0.023890199 -0.081148125 -77.312873840 -0.023382368 0.999700665 0.007202740 0.575281322 0.081295907 -0.005279488 0.996675968 20.742376328
0.996675730 0.021618521 -0.078550622 -77.371269226 -0.020935817 0.999735653 0.009504550 0.569451928 0.078735344 -0.007828433 0.996864796 21.511993408
0.996959984 0.019388610 -0.075464077 -77.430458069 -0.018576149 0.999761820 0.011453335 0.559179544 0.075668186 -0.010016684 0.997082770 22.277189255
0.997181237 0.018659841 -0.072673082 -77.485733032 -0.018147841 0.999805689 0.007699227 0.553181231 0.072802640 -0.006358665 0.997326076 23.035699844
0.997242689 0.021380046 -0.071062244 -77.548210144 -0.021393759 0.999770939 0.000568211 0.539437652 0.071058109 0.000953645 0.997471690 23.792873383
0.997329354 0.021927090 -0.069666028 -77.600730896 -0.022473212 0.999722421 -0.007064991 0.530323088 0.069491766 0.008611742 0.997545242 24.529260635
0.997390270 0.022811022 -0.068501197 -77.656608582 -0.023639394 0.999656618 -0.011306585 0.517755389 0.068219751 0.012896404 0.997586906 25.288543701
0.997511864 0.024852691 -0.065973461 -77.718368530 -0.025537731 0.999628127 -0.009560490 0.496569157 0.065711327 0.011221517 0.997775555 26.051853180
0.997580171 0.028203128 -0.063548543 -77.775436401 -0.028606346 0.999575913 -0.005444010 0.476261467 0.063368060 0.007248729 0.997963905 26.801864624
0.997636378 0.031155657 -0.061244123 -77.833000183 -0.031230427 0.999512196 -0.000263802 0.463342369 0.061206020 0.002175858 0.998122692 27.566812515
0.997873604 0.029024953 -0.058358699 -77.884552002 -0.028995777 0.999578655 0.001346749 0.452315450 0.058373194 0.000348270 0.998294711 28.328348160
0.998016953 0.026262151 -0.057206128 -77.929557800 -0.026224447 0.999655068 0.001409886 0.437815547 0.057223432 0.000093109 0.998361349 29.090793610
0.998148203 0.024188478 -0.055814523 -77.975532532 -0.024139374 0.999707401 0.001553892 0.421582907 0.055835780 -0.000203686 0.998439968 29.841674805
0.998190165 0.023677075 -0.055279028 -78.013366699 -0.023754250 0.999717534 -0.000739377 0.415120453 0.055245917 0.002051150 0.998470664 30.589046478
0.998257041 0.021435020 -0.054985140 -78.050964355 -0.021586565 0.999764621 -0.002163632 0.404594660 0.054925822 0.003346802 0.998484790 31.344182968
0.998333037 0.019876147 -0.054185707 -78.093818665 -0.020022739 0.999797225 -0.002163784 0.393575490 0.054131705 0.003245123 0.998528540 32.104232788
0.998303294 0.023959087 -0.053070735 -78.149536133 -0.024060769 0.999709666 -0.001277789 0.381756216 0.053024713 0.002552543 0.998589933 32.880748749
0.998310387 0.023973154 -0.052929327 -78.192672729 -0.024100728 0.999707878 -0.001773236 0.366539389 0.052871358 0.003045875 0.998596668 33.653572083
0.998231351 0.023302974 -0.054691095 -78.235328674 -0.023443878 0.999723196 -0.001936100 0.353619814 0.054630842 0.003214846 0.998501420 34.429214478
0.998180211 0.021238845 -0.056437388 -78.286949158 -0.021345876 0.999771237 -0.001294120 0.341027290 0.056396998 0.002496470 0.998405278 35.216442108
0.997974992 0.022545362 -0.059476890 -78.346031189 -0.022679467 0.999741495 -0.001580559 0.331524998 0.059425894 0.002926262 0.998228371 36.020286560
0.997716904 0.026435370 -0.062145837 -78.406898499 -0.026566446 0.999646187 -0.001283663 0.308692068 0.062089920 0.002931726 0.998066247 36.810146332
0.997519732 0.027834089 -0.064650230 -78.466468811 -0.028334098 0.999575138 -0.006829935 0.307088405 0.064432658 0.008644801 0.997884631 37.592960358
0.997338772 0.028592052 -0.067066886 -78.529067993 -0.029360209 0.999513805 -0.010495825 0.296246618 0.066734172 0.012436991 0.997693360 38.395530701
0.997211695 0.027804639 -0.069250859 -78.588996887 -0.028693473 0.999517679 -0.011873379 0.277779490 0.068887338 0.013827323 0.997528613 39.212516785
0.997048914 0.027785452 -0.071563475 -78.653274536 -0.028583933 0.999539733 -0.010157629 0.256461769 0.071248315 0.012173220 0.997384310 40.042476654
0.996917963 0.026306780 -0.073908478 -78.720436096 -0.027082188 0.999587953 -0.009508780 0.238648593 0.073627897 0.011481077 0.997219682 40.867767334
0.996822000 0.025857899 -0.075347096 -78.787254333 -0.026532998 0.999616146 -0.007972482 0.226567656 0.075112022 0.009946331 0.997125506 41.685871124
0.996770263 0.025328558 -0.076206751 -78.859046936 -0.025739906 0.999658942 -0.004420303 0.212243319 0.076068789 0.006367583 0.997082233 42.524063110
0.996680558 0.024847904 -0.077525355 -78.922050476 -0.024874628 0.999690413 0.000621056 0.197939172 0.077516779 0.001309422 0.996990144 43.368278503
0.996770978 0.025271194 -0.076215215 -78.998100281 -0.025145713 0.999680459 0.002605719 0.184353128 0.076256700 -0.000680817 0.997087955 44.211940765
0.996818364 0.028413007 -0.074470565 -79.075866699 -0.028261278 0.999595821 0.003090590 0.170479357 0.074528269 -0.000976123 0.997218370 45.090518951
0.996980250 0.028263818 -0.072330736 -79.142745972 -0.028226538 0.999600410 0.001537713 0.164496064 0.072345294 0.000508577 0.997379541 45.950466156
0.997148693 0.026000166 -0.070841022 -79.207412720 -0.026130319 0.999658108 -0.000910975 0.153791964 0.070793122 0.002759477 0.997487247 46.819301605
0.997356534 0.022566913 -0.069069192 -79.270065308 -0.022777202 0.999738038 -0.002258515 0.134989411 0.069000125 0.003825748 0.997609317 47.677574158
0.997533083 0.021321690 -0.066881761 -79.334014893 -0.021557890 0.999763727 -0.002811766 0.126864165 0.066806011 0.004246659 0.997756958 48.552814484
0.997639537 0.019217540 -0.065923855 -79.393890381 -0.019258259 0.999814630 0.000017849 0.108270116 0.065911971 0.001251771 0.997824728 49.421302795
0.997736275 0.016551843 -0.065178633 -79.452453613 -0.016427362 0.999862075 0.002445336 0.095350377 0.065210126 -0.001369088 0.997870624 50.294143677
0.997800887 0.016394190 -0.064222597 -79.512062073 -0.016253680 0.999864221 0.002709774 0.081128716 0.064258300 -0.001659962 0.997931898 51.199977875
0.997852981 0.017926678 -0.062990889 -79.571426392 -0.017985383 0.999838173 -0.000364995 0.063188426 0.062974155 0.001497127 0.998013973 52.068584442
0.997853100 0.020381439 -0.062239800 -79.640174866 -0.020793336 0.999765873 -0.005977297 0.043823000 0.062103402 0.007258637 0.998043299 52.931320190
0.997871280 0.021970555 -0.061401963 -79.695312500 -0.022740830 0.999670923 -0.011874181 0.029758714 0.061120868 0.013245236 0.998042464 53.801273346
0.997807443 0.027002309 -0.060424570 -79.761550903 -0.028079493 0.999460280 -0.017049197 -0.003744896 0.059931587 0.018708507 0.998027086 54.652481079
0.997865677 0.027625872 -0.059167877 -79.828582764 -0.028729362 0.999427199 -0.017881248 -0.032233760 0.058640003 0.019542940 0.998087883 55.520381927
0.997964263 0.023695150 -0.059210554 -79.875152588 -0.024450531 0.999628186 -0.012065728 -0.049079355 0.058902655 0.013488894 0.998172641 56.357002258
0.997939050 0.023518546 -0.059703253 -79.931610107 -0.023751164 0.999712825 -0.003189543 -0.070898429 0.059611097 0.004600993 0.998211145 57.214954376
0.997880697 0.022208780 -0.061163727 -79.983901978 -0.021959215 0.999747634 0.004749474 -0.093028165 0.061253756 -0.003396302 0.998116553 58.070243835
0.997800231 0.019668261 -0.063308083 -80.044372559 -0.019541895 0.999805629 0.002614629 -0.108215213 0.063347198 -0.001371718 0.997990668 58.900806427
0.997772753 0.015045738 -0.064987250 -80.102279663 -0.015166917 0.999884069 -0.001371689 -0.119142622 0.064959064 0.002354289 0.997885168 59.749904633
0.997606039 0.013251036 -0.067872442 -80.158180237 -0.013444439 0.999906719 -0.002393452 -0.140576586 0.067834400 0.003300228 0.997691154 60.567783356
0.997388303 0.015210400 -0.070605397 -80.223159790 -0.015582136 0.999867439 -0.004717157 -0.158488989 0.070524298 0.005805020 0.997493207 61.390571594
0.997150183 0.016898002 -0.073526174 -80.298271179 -0.017528001 0.999814868 -0.007931498 -0.180544123 0.073378548 0.009197662 0.997261763 62.206943512
0.996869445 0.017821668 -0.077031299 -80.375473022 -0.018746048 0.999760389 -0.011293621 -0.198677093 0.076811582 0.012702297 0.996964753 63.022586823
0.996562243 0.020122048 -0.080366291 -80.446296692 -0.021399951 0.999657273 -0.015071332 -0.226817355 0.080035493 0.016739357 0.996651471 63.825241089
0.996204853 0.024212742 -0.083603479 -80.532455444 -0.025574852 0.999556422 -0.015260007 -0.249887452 0.083196893 0.017340239 0.996382236 64.625923157
0.995796025 0.027729476 -0.087299578 -80.611686707 -0.029000614 0.999490559 -0.013325984 -0.272091746 0.086885564 0.015801702 0.996092916 65.430358887
0.995389104 0.030945655 -0.090789378 -80.700538635 -0.031744622 0.999468863 -0.007369056 -0.295258313 0.090513110 0.010217151 0.995842874 66.231399536
0.994984150 0.031623378 -0.094901964 -80.784713745 -0.031912863 0.999489546 -0.001533798 -0.315688968 0.094805010 0.004554696 0.995485425 67.043945312
0.994549334 0.030624405 -0.099667892 -80.871025085 -0.030577853 0.999530435 0.001995012 -0.331045836 0.099682197 0.001063492 0.995018721 67.843551636
0.993889749 0.030036250 -0.106212169 -80.960571289 -0.029862337 0.999548852 0.003227787 -0.343827993 0.106261216 -0.000036320 0.994338214 68.633636475
0.993369997 0.027886726 -0.111527555 -81.057273865 -0.027294809 0.999604106 0.006830970 -0.355186820 0.111673906 -0.003741557 0.993737817 69.412567139
0.992524505 0.029035032 -0.118541330 -81.147735596 -0.028462829 0.999573648 0.006517555 -0.366085380 0.118680023 -0.003094813 0.992927670 70.198783875
0.991640210 0.033653706 -0.124567747 -81.257369995 -0.033201143 0.999432504 0.005707887 -0.376167119 0.124689125 -0.001524381 0.992194653 70.970962524
0.990851879 0.035774931 -0.130125374 -81.376594543 -0.035814751 0.999356389 0.002034858 -0.385626048 0.130114421 0.002644164 0.991495490 71.733024597
0.990084052 0.034395456 -0.136200175 -81.489814758 -0.034831695 0.999392807 -0.000820384 -0.392840415 0.136089265 0.005556333 0.990680993 72.494392395
0.989287436 0.035815679 -0.141519129 -81.607307434 -0.036427766 0.999334812 -0.001736002 -0.408713520 0.141362831 0.006872632 0.989933968 73.260459900
0.988569975 0.037790284 -0.145949468 -81.731597900 -0.037707463 0.999283254 0.003334972 -0.416790605 0.145970881 0.002206529 0.989286423 74.029075623
0.987641156 0.038272697 -0.151987270 -81.860626221 -0.037589885 0.999266088 0.007364365 -0.425608367 0.152157575 -0.001560166 0.988355041 74.797729492
0.986674309 0.037715804 -0.158275723 -81.987541199 -0.036636222 0.999281228 0.009734120 -0.441345215 0.158529088 -0.003805783 0.987346947 75.555595398
0.985602736 0.035362065 -0.165338278 -82.122093201 -0.034849636 0.999374509 0.006000136 -0.448267698 0.165447026 -0.000151773 0.986218691 76.308998108
0.984231532 0.032675721 -0.173840731 -82.262138367 -0.033386730 0.999441803 -0.001166520 -0.453115404 0.173705578 0.006952098 0.984773099 77.059349060
0.982620955 0.030485880 -0.183102876 -82.396820068 -0.031506397 0.999499977 -0.002666339 -0.467561454 0.182930052 0.008388911 0.983090103 77.785499573
0.980657876 0.029663868 -0.193468884 -82.553985596 -0.030181549 0.999544382 0.000271766 -0.478491515 0.193388805 0.005572679 0.981106400 78.525978088
0.978415012 0.030170342 -0.204435334 -82.718376160 -0.029462490 0.999544680 0.006506027 -0.487469047 0.204538539 -0.000342419 0.978858352 79.268234253
0.975868464 0.031560179 -0.216066360 -82.899665833 -0.029217957 0.999474645 0.014026798 -0.487839162 0.216395542 -0.007375292 0.976277888 80.004478455
0.973188043 0.032889038 -0.227647468 -83.063339233 -0.029589543 0.999401987 0.017892491 -0.497391582 0.228099808 -0.010676771 0.973579228 80.727111816
0.970229030 0.036053956 -0.239490300 -83.253715515 -0.033866968 0.999338508 0.013242273 -0.503196597 0.239809334 -0.004737226 0.970808506 81.439727783
0.967317641 0.036117662 -0.250982076 -83.460182190 -0.036206055 0.999335289 0.004266812 -0.508870959 0.250969350 0.004959709 0.967982411 82.142616272
0.964124084 0.033850063 -0.263284922 -83.667106628 -0.035168964 0.999381363 -0.000296751 -0.512675822 0.263112009 0.009545566 0.964718103 82.851531982
0.960912764 0.032500453 -0.274936974 -83.879768372 -0.032327928 0.999464035 0.005160141 -0.527466357 0.274957329 0.003929701 0.961448491 83.556167603
0.957468331 0.033748053 -0.286557972 -84.095230103 -0.031647231 0.999427438 0.011960977 -0.526031673 0.286797643 -0.002383488 0.957988203 84.284530640
0.953866601 0.033728421 -0.298330247 -84.331512451 -0.029984724 0.999403775 0.017118232 -0.527364850 0.298729748 -0.007383157 0.954309165 85.000381470
0.949868202 0.031199500 -0.311089873 -84.570053101 -0.027710069 0.999493718 0.015631467 -0.532698750 0.311420053 -0.006227515 0.950251937 85.705238342
0.946094871 0.029084196 -0.322581023 -84.813941956 -0.026807815 0.999574423 0.011498142 -0.536531746 0.322778195 -0.002230642 0.946471989 86.402603149
0.943361938 0.025167136 -0.330809414 -85.086509705 -0.024910966 0.999677062 0.005014820 -0.547331512 0.330828816 0.003509993 0.943684220 87.082115173
0.940374970 0.021130206 -0.339482665 -85.331985474 -0.022751275 0.999740779 -0.000795335 -0.559115410 0.339377820 0.008471576 0.940611959 87.810424805
0.937764466 0.020937797 -0.346640259 -85.600883484 -0.023325935 0.999724209 -0.002718125 -0.567545831 0.346487701 0.010634668 0.937994182 88.516372681
0.934763432 0.026201263 -0.354303300 -85.890029907 -0.028990522 0.999576330 -0.002565928 -0.582228005 0.354086012 0.012669973 0.935127079 89.222229004
0.931702256 0.026789814 -0.362233669 -86.168205261 -0.028777994 0.999585807 -0.000093325 -0.597529531 0.362081170 0.010511310 0.932087362 89.921714783
0.928694487 0.027487800 -0.369825542 -86.456497192 -0.026981773 0.999614477 0.006541960 -0.600578725 0.369862854 0.003903067 0.929078162 90.627464294
0.925909519 0.029142244 -0.376619518 -86.745437622 -0.025487863 0.999567211 0.014683731 -0.603567600 0.376884490 -0.003996578 0.926251650 91.338340759
0.923385024 0.039415397 -0.381846100 -87.065292358 -0.033670992 0.999197006 0.021716746 -0.613096237 0.382395416 -0.007195783 0.923970759 92.040672302
0.920582771 0.046109647 -0.387815952 -87.378433228 -0.042148780 0.998935938 0.018718002 -0.612644672 0.388266355 -0.000885502 0.921546698 92.734367371
0.918261886 0.042875987 -0.393645406 -87.669677734 -0.041632622 0.999064445 0.011701466 -0.619680643 0.393778861 0.005643480 0.919187844 93.402008057
0.916418970 0.034651086 -0.398717165 -87.979812622 -0.036264226 0.999336123 0.003498327 -0.609300554 0.398573697 0.011253238 0.917067230 94.123985291
0.914685607 0.034884226 -0.402657658 -88.293563843 -0.036897253 0.999315381 0.002759036 -0.610857546 0.402478188 0.012333312 0.915346444 94.821647644
0.912585676 0.041036122 -0.406821012 -88.628753662 -0.041280676 0.999114096 0.008179529 -0.618679285 0.406796247 0.009329326 0.913471282 95.519699097
0.910208642 0.043966122 -0.411809653 -88.954788208 -0.042366106 0.999017358 0.013017950 -0.629262984 0.411977321 0.005597719 0.911176860 96.214630127
0.907931745 0.040550686 -0.417151719 -89.267272949 -0.039403904 0.999158800 0.011363989 -0.642947853 0.417261571 0.006119680 0.908765793 96.892677307
0.905704558 0.038818009 -0.422128558 -89.611984253 -0.040663257 0.999162078 0.004635062 -0.643295467 0.421954751 0.012967123 0.906524122 97.612030029
0.903535664 0.036254913 -0.426976770 -89.948043823 -0.040899847 0.999161780 -0.001709535 -0.650965571 0.426556796 0.019007904 0.904261053 98.304222107
0.901233971 0.037241109 -0.431729585 -90.292045593 -0.042647161 0.999086142 -0.002844360 -0.662045062 0.431229144 0.020975474 0.901998580 98.997108459
0.899200916 0.039630290 -0.435737461 -90.644020081 -0.043465756 0.999054253 0.001166668 -0.670582592 0.435371578 0.017890589 0.900073111 99.700309753
0.897233903 0.041783925 -0.439574242 -90.995063782 -0.044887237 0.998986423 0.003337830 -0.682274044 0.439268172 0.016736461 0.898200154 100.385818481
0.894946396 0.042169478 -0.444176435 -91.340980530 -0.045116901 0.998973966 0.003937620 -0.693278849 0.443886757 0.016515907 0.895930648 101.083145142
0.892873943 0.040461306 -0.448485255 -91.691375732 -0.043629024 0.999042511 0.003271762 -0.703816235 0.448188275 0.016645703 0.893784165 101.764579773
0.890900493 0.038529962 -0.452561289 -92.042381287 -0.041575201 0.999130130 0.003219632 -0.719917119 0.452291787 0.015946956 0.891727388 102.440345764
0.888685465 0.038007051 -0.456939518 -92.393371582 -0.040845755 0.999158680 0.003667971 -0.727187932 0.456694573 0.015404370 0.889490187 103.115943909
0.886411250 0.039148200 -0.461240321 -92.755203247 -0.042011097 0.999108911 0.004063416 -0.733229160 0.460988402 0.015775353 0.887265861 103.783103943
0.884332359 0.039482724 -0.465185344 -93.128608704 -0.042420696 0.999091208 0.004155009 -0.751402020 0.464926630 0.016059076 0.885203540 104.454879761
0.882137895 0.036782648 -0.469552755 -93.486892700 -0.041546054 0.999136627 0.000216254 -0.763797104 0.469155282 0.019317299 0.882904410 105.113891602
0.879853249 0.033585317 -0.474057317 -93.839408875 -0.040267155 0.999181271 -0.003947565 -0.780164540 0.473536551 0.022562219 0.880485177 105.761077881
0.877940595 0.032102190 -0.477692097 -94.191574097 -0.039985098 0.999180257 -0.006340201 -0.796895027 0.477096945 0.024666887 0.878504455 106.401245117
0.876103818 0.033329014 -0.480969101 -94.558494568 -0.039708242 0.999206543 -0.003089523 -0.802728891 0.480484605 0.021805180 0.876732051 107.044662476
0.874257624 0.037004903 -0.484049916 -94.918167114 -0.039186917 0.999216139 0.005611904 -0.813191116 0.483878255 0.014062174 0.875022352 107.686584473
0.872832477 0.038895782 -0.486467630 -95.265968323 -0.035920713 0.999235272 0.015444565 -0.825396121 0.486696362 0.003993747 0.873562098 108.315673828
0.871390760 0.039248034 -0.489017129 -95.612152100 -0.033751428 0.999229014 0.020054704 -0.828475237 0.489427269 -0.000970457 0.872043610 108.922790527
0.869893610 0.035589714 -0.491953731 -95.958358765 -0.030314803 0.999365509 0.018693797 -0.819121897 0.492306918 -0.001348136 0.870420635 109.529647827
0.868275464 0.034065150 -0.494911343 -96.297012329 -0.030401705 0.999418259 0.015453844 -0.824520946 0.495149881 0.001627953 0.868806064 110.108764648
0.866633356 0.032075506 -0.497913390 -96.631515503 -0.029968023 0.999476075 0.012225850 -0.821868002 0.498044699 0.004326152 0.867140591 110.690322876
0.865176260 0.030554788 -0.500535965 -96.957763672 -0.028819291 0.999521852 0.011200808 -0.827968597 0.500638902 0.004734420 0.865643263 111.243949890
0.864169002 0.028104527 -0.502416193 -97.277320862 -0.026265994 0.999597371 0.010738013 -0.831364989 0.502515674 0.003917004 0.864559233 111.776077271
0.862863719 0.028655976 -0.504623711 -97.590805054 -0.026398143 0.999584019 0.011624612 -0.835377216 0.504746914 0.003290673 0.863261163 112.298995972
0.861798048 0.028380239 -0.506456971 -97.893432617 -0.025085226 0.999596536 0.013328652 -0.842921197 0.506630898 0.001217980 0.862162173 112.804679871
0.860318780 0.026442807 -0.509069979 -98.180320740 -0.022577565 0.999650300 0.013769523 -0.847465038 0.509256005 -0.000352621 0.860614896 113.287994385
0.859069943 0.024850028 -0.511254609 -98.456939697 -0.020694731 0.999690294 0.013817212 -0.848917961 0.511439621 -0.001289677 0.859318256 113.751495361
0.858356118 0.023858255 -0.512499392 -98.735931396 -0.020313818 0.999715269 0.012517037 -0.849702954 0.512651980 -0.000333258 0.858596385 114.188247681
0.857280314 0.023612076 -0.514308214 -99.002326965 -0.022318117 0.999713063 0.008695992 -0.849639297 0.514365911 0.004023487 0.857561350 114.602912903
0.855543911 0.021192184 -0.517296314 -99.244155884 -0.021810435 0.999750197 0.004885216 -0.861103773 0.517270565 0.007102940 0.855792463 115.008041382
0.853667796 0.017552877 -0.520522118 -99.490417480 -0.019015625 0.999815941 0.002529425 -0.863026440 0.520470619 0.007738764 0.853844464 115.386970520
0.851334929 0.013840421 -0.524440050 -99.718360901 -0.014123293 0.999894202 0.003461421 -0.876216292 0.524432480 0.004459991 0.851440370 115.753623962
0.847396314 0.014348707 -0.530766964 -99.924644470 -0.014260926 0.999889135 0.004262626 -0.868696511 0.530769348 0.003957095 0.847507060 116.115325928
0.843646526 0.018184749 -0.536591053 -100.145637512 -0.017585784 0.999825895 0.006234547 -0.876070857 0.536611021 0.004176621 0.843819380 116.442070007
0.840626419 0.024418278 -0.541064680 -100.370704651 -0.021962961 0.999698281 0.010993632 -0.886080921 0.541169882 0.002641845 0.840909123 116.740425110
0.838161170 0.029888261 -0.544603050 -100.601974487 -0.023975641 0.999551296 0.017956933 -0.884481668 0.544895411 -0.001993601 0.838501632 117.011779785
0.833569169 0.031585008 -0.551511347 -100.793495178 -0.023194386 0.999484897 0.022183789 -0.888576686 0.551927924 -0.005699757 0.833872318 117.290977478
0.828147233 0.028443160 -0.559788465 -100.965301514 -0.018636378 0.999556720 0.023217496 -0.887727320 0.560200691 -0.008795079 0.828310251 117.556716919
0.821568549 0.026263986 -0.569504440 -101.141792297 -0.015250988 0.999593318 0.024097389 -0.886040330 0.569905698 -0.011112153 0.821634948 117.801261902
0.813275814 0.024823587 -0.581348658 -101.315017700 -0.012469822 0.999603689 0.025238464 -0.883354783 0.581744730 -0.013276520 0.813263059 118.030693054
0.803090036 0.025207249 -0.595324278 -101.477096558 -0.011732951 0.999580145 0.026496565 -0.888563752 0.595742166 -0.014294216 0.803048611 118.239051819
0.791399658 0.027624123 -0.610674739 -101.647102356 -0.013910464 0.999533534 0.027187148 -0.898466051 0.611140966 -0.013021130 0.791414797 118.425430298
0.778152525 0.025978744 -0.627537847 -101.812171936 -0.013838581 0.999610782 0.024221823 -0.894814193 0.627922773 -0.010164043 0.778209329 118.591049194
0.763468862 0.023527570 -0.645415962 -101.961112976 -0.014363263 0.999707580 0.019452248 -0.896777332 0.645684898 -0.005580908 0.763583601 118.749595642
0.748659432 0.020109752 -0.662649691 -102.116676331 -0.014371937 0.999797225 0.014103970 -0.894746423 0.662799001 -0.001035513 0.748796761 118.907020569
0.733717918 0.020097207 -0.679156840 -102.271064758 -0.017978242 0.999786735 0.010162541 -0.891061962 0.679216206 0.004753607 0.733922899 119.043327332
0.720256567 0.024794223 -0.693264544 -102.449707031 -0.025881482 0.999625742 0.008861895 -0.891863346 0.693224788 0.011559871 0.720628738 119.138275146
0.703354716 0.026446601 -0.710346937 -102.613716125 -0.028429486 0.999554753 0.009064323 -0.885617554 0.710270286 0.013819363 0.703793347 119.270294189
0.684678495 0.024960486 -0.728417695 -102.776184082 -0.025393061 0.999623537 0.010385537 -0.880198658 0.728402674 0.011385999 0.685054660 119.411399841
0.665083230 0.023831794 -0.746388853 -102.941192627 -0.022344789 0.999678254 0.012008460 -0.873948872 0.746434867 0.008691275 0.665401697 119.540420532
0.643314898 0.025375923 -0.765181005 -103.118980408 -0.022321483 0.999647319 0.014385137 -0.866925776 0.765276194 0.007825798 0.643654525 119.661735535
0.619865716 0.030294498 -0.784122944 -103.304527283 -0.025543435 0.999504030 0.018423095 -0.868875384 0.784291983 0.008609344 0.620332062 119.768455505
0.595334828 0.034572162 -0.802733600 -103.486305237 -0.027480785 0.999365389 0.022660017 -0.867460549 0.803007662 0.008569448 0.595907152 119.878265381
0.569996297 0.037124239 -0.820808172 -103.663520813 -0.028856752 0.999266982 0.025156651 -0.862297297 0.821140349 0.009346656 0.570649803 119.977401733
0.544316292 0.040528644 -0.837900519 -103.853240967 -0.031889450 0.999110043 0.027610231 -0.859023929 0.838273764 0.011691486 0.545124352 120.069847107
0.521439075 0.046273723 -0.852032900 -104.031059265 -0.036470659 0.998824596 0.031926136 -0.871836662 0.852508783 0.014426668 0.522513747 120.091629028
0.493746459 0.049665615 -0.868186474 -104.225929260 -0.038406886 0.998638988 0.035285920 -0.873590410 0.868757367 0.015922042 0.494981974 120.171737671
0.464104772 0.049003184 -0.884423792 -104.422637939 -0.036763586 0.998673856 0.036041591 -0.872402787 0.885017037 0.015787514 0.465290934 120.250679016
0.432001770 0.045937456 -0.900702059 -104.632736206 -0.036015928 0.998784006 0.033665575 -0.869907320 0.901153326 0.017896028 0.433131009 120.325881958
0.398064286 0.041753095 -0.916406870 -104.857666016 -0.035579395 0.998914778 0.030057488 -0.862547398 0.916667223 0.020640392 0.399117947 120.388977051
0.359469593 0.039674688 -0.932312965 -105.099746704 -0.034416482 0.998979628 0.029241825 -0.856525660 0.932521880 0.021575389 0.360468358 120.452041626
0.318790227 0.039920613 -0.946984172 -105.342361450 -0.033270974 0.998968244 0.030911768 -0.863208652 0.947241187 0.021652723 0.319789588 120.498413086
0.276443392 0.037848808 -0.960284591 -105.614471436 -0.031385783 0.999046624 0.030341350 -0.851313412 0.960517526 0.021751614 0.277367830 120.534774780
0.230060279 0.035790939 -0.972518027 -105.920455933 -0.029780710 0.999114394 0.029724784 -0.845384002 0.972720623 0.022123786 0.230922490 120.571594238
0.180401847 0.033819400 -0.983011484 -106.229934692 -0.027644029 0.999188185 0.029302722 -0.834449470 0.983204424 0.021888133 0.181190386 120.603218079
0.132222116 0.033986807 -0.990637243 -106.547309875 -0.025509181 0.999197662 0.030875739 -0.825530052 0.990891874 0.021187888 0.132983074 120.586845398
0.082939252 0.035534278 -0.995920837 -106.874565125 -0.022425540 0.999177575 0.033782903 -0.817754984 0.996302247 0.019532133 0.083667904 120.539337158
0.029720593 0.037770115 -0.998844385 -107.242828369 -0.018047195 0.999143183 0.037244420 -0.803532362 0.999395251 0.016919412 0.030376770 120.519050598
-0.024024829 0.039540637 -0.998929143 -107.617614746 -0.013376532 0.999115348 0.039869726 -0.790250778 0.999621868 0.014320072 -0.023474654 120.476943970
-0.077977784 0.041203555 -0.996103227 -107.997787476 -0.007846891 0.999089420 0.041941337 -0.776171744 0.996924222 0.011086808 -0.077583455 120.418617249
-0.131574467 0.043357540 -0.990357637 -108.409744263 -0.003901541 0.999012709 0.044254798 -0.768644392 0.991298616 0.009686721 -0.131275386 120.337402344
-0.182515264 0.044286869 -0.982205212 -108.819877625 -0.000428182 0.998981357 0.045122869 -0.744537890 0.983202994 0.008656172 -0.182310373 120.220695496
-0.231916681 0.045818977 -0.971655965 -109.244651794 0.003127537 0.998920083 0.046358142 -0.729849279 0.972730577 0.007712336 -0.231809542 120.084968567
-0.281881243 0.045206487 -0.958383739 -109.619163513 0.006763092 0.998958111 0.045131195 -0.688470185 0.959425390 0.006240001 -0.281893343 119.949928284
-0.329303265 0.046290495 -0.943088830 -110.052276611 0.012540110 0.998923838 0.044652402 -0.667904139 0.944140851 0.002877745 -0.329529434 119.771934509
-0.373372883 0.048217442 -0.926427364 -110.496261597 0.017985603 0.998836875 0.044737469 -0.650881231 0.927507043 0.000041403 -0.373805821 119.558975220
-0.415407389 0.049208518 -0.908303559 -110.940177917 0.021812974 0.998787522 0.044134568 -0.626046956 0.909373879 -0.001478974 -0.415977061 119.322822571
-0.454841733 0.050380170 -0.889146149 -111.400520325 0.024979675 0.998727500 0.043810863 -0.608725488 0.890221834 -0.002283573 -0.455521435 119.066993713
-0.488952577 0.051430088 -0.870792866 -111.774620056 0.027912213 0.998671710 0.043309979 -0.596785247 0.871863723 -0.003129230 -0.489738584 118.818008423
-0.517836392 0.051459216 -0.853930593 -112.245368958 0.028372977 0.998673201 0.042975828 -0.581734121 0.855009079 -0.001974101 -0.518609345 118.506103516
-0.540642202 0.049990483 -0.839766085 -112.716430664 0.027161295 0.998749673 0.041968163 -0.559008181 0.840814173 -0.000119374 -0.541324019 118.170227051
-0.558145344 0.048511788 -0.828323841 -113.205871582 0.026269985 0.998822093 0.040795851 -0.540563941 0.829327285 0.001009958 -0.558762252 117.811302185
-0.571968734 0.048167720 -0.818859994 -113.707702637 0.025629230 0.998836458 0.040852588 -0.518225193 0.819875002 0.002379652 -0.572537661 117.443740845
-0.583398700 0.048700970 -0.810724497 -114.228424072 0.026377620 0.998810172 0.041018073 -0.495541960 0.811757505 0.002544907 -0.583989143 117.058609009
-0.593676507 0.050395593 -0.803124249 -114.718879700 0.028423043 0.998727500 0.041659027 -0.478629470 0.804201663 0.001904750 -0.594353437 116.709434509
-0.601529300 0.051913682 -0.797162175 -115.252777100 0.030020291 0.998650432 0.042382255 -0.457942873 0.798286438 0.001563128 -0.602275848 116.299926758
-0.608038604 0.051775459 -0.792217433 -115.792541504 0.029130863 0.998654246 0.042908795 -0.433219016 0.793372750 0.003012230 -0.608728528 115.874252319
-0.613759577 0.052123576 -0.787770569 -116.370605469 0.029183470 0.998634160 0.043338452 -0.410835654 0.788953364 0.003609506 -0.614442348 115.417419434
-0.618150234 0.052433308 -0.784309328 -116.929183960 0.029624380 0.998618007 0.043412127 -0.382659227 0.785501599 0.003600543 -0.618849218 114.971351624
-0.621715784 0.053238939 -0.781431556 -117.512496948 0.030566787 0.998576403 0.043713748 -0.359273762 0.782646179 0.003291681 -0.622458041 114.508689880
-0.623758376 0.053715929 -0.779769182 -118.073593140 0.030907402 0.998550534 0.044063434 -0.337186873 0.781005919 0.003384300 -0.624514520 114.050773621
-0.624501646 0.053886093 -0.779162407 -118.675125122 0.031319086 0.998542428 0.043955840 -0.304894000 0.780395329 0.003047841 -0.625279009 113.562614441
-0.625004232 0.053353496 -0.778796017 -119.280166626 0.031148484 0.998571515 0.043412335 -0.281027615 0.779999673 0.002874578 -0.625773251 113.061943054
-0.625967264 0.053248324 -0.778029323 -119.913246155 0.031772487 0.998579085 0.042780053 -0.261219442 0.779201806 0.002058983 -0.626769662 112.555427551
-0.627008379 0.052367892 -0.777250350 -120.564804077 0.032384641 0.998627603 0.041158661 -0.222294480 0.778339088 0.000635850 -0.627843797 112.049179077
-0.627390087 0.053614985 -0.776857138 -121.191452026 0.032716282 0.998560846 0.042494245 -0.202275798 0.778017461 0.001244591 -0.628241301 111.523063660
-0.628136396 0.054942675 -0.776161075 -121.856246948 0.032006007 0.998484075 0.044778395 -0.171640351 0.777444720 0.003285126 -0.628942668 110.982879639
-0.629183710 0.055944532 -0.775240600 -122.528823853 0.031143302 0.998419940 0.046774220 -0.142158538 0.776632369 0.005286034 -0.629931808 110.433944702
-0.629517615 0.056025464 -0.774963677 -123.203155518 0.031371053 0.998416483 0.046696525 -0.115513496 0.776352584 0.005084869 -0.630278349 109.873504639
-0.630437851 0.054612923 -0.774316132 -123.883453369 0.031695843 0.998501182 0.044618480 -0.084480613 0.775592327 0.003586573 -0.631223917 109.314445496
-0.630895376 0.054529559 -0.773949325 -124.580436707 0.033363082 0.998511255 0.043154974 -0.052105632 0.775150299 0.001404931 -0.631775260 108.744621277
-0.631515801 0.055777457 -0.773354173 -125.291465759 0.035651818 0.998443127 0.042898752 -0.023003442 0.774542987 -0.000480246 -0.632521212 108.157928467
-0.632100523 0.056688342 -0.772809923 -126.008949280 0.037681546 0.998389184 0.042414706 0.002592072 0.773969591 -0.002310320 -0.633218527 107.569702148
-0.633163750 0.054442342 -0.772100866 -126.718650818 0.037342940 0.998510242 0.039783724 0.031754531 0.773116529 -0.003642902 -0.634253561 106.982246399
-0.634113431 0.050705519 -0.771575689 -127.445053101 0.037084270 0.998693585 0.035153579 0.059551679 0.772350252 -0.006321964 -0.635165513 106.375350952
-0.635223210 0.047147829 -0.770888329 -128.190322876 0.035263542 0.998864591 0.032033272 0.078742296 0.771523178 -0.006835972 -0.636164486 105.758804321
-0.635037005 0.045074373 -0.771165609 -128.934844971 0.032855421 0.998968840 0.031333715 0.100732915 0.771782577 -0.005438900 -0.635863125 105.129623413
-0.635066807 0.045468573 -0.771117926 -129.683822632 0.031494346 0.998960137 0.032965485 0.118335783 0.771815121 -0.003350568 -0.635838389 104.501831055
-0.634808719 0.047081396 -0.771233678 -130.438720703 0.030743025 0.998890460 0.035674300 0.139805436 0.772057593 -0.001063698 -0.635551810 103.867858887
-0.635085404 0.049455568 -0.770857096 -131.210800171 0.031447850 0.998776317 0.038169168 0.163448751 0.771801472 -0.000001113 -0.635863662 103.232704163
-0.634995878 0.051724460 -0.770781934 -131.970214844 0.032797594 0.998661339 0.039996888 0.186183780 0.771818936 0.000118071 -0.635842383 102.596694946
-0.635413349 0.053735986 -0.770300090 -132.724975586 0.034162298 0.998555183 0.041478854 0.204273775 0.771416128 0.000040994 -0.636331081 101.974662781
-0.635308087 0.054016151 -0.770367324 -133.480697632 0.034368038 0.998540103 0.041672327 0.230433136 0.771493614 -0.000001252 -0.636237025 101.344215393
-0.635773003 0.053248446 -0.770037234 -134.241256714 0.032676961 0.998580039 0.042072915 0.255258173 0.771184146 0.001586345 -0.636610210 100.709373474
-0.635689914 0.053889338 -0.770061314 -135.005828857 0.032589037 0.998544395 0.042976309 0.279802918 0.771256328 0.002224049 -0.636520803 100.066307068
-0.636080265 0.054543070 -0.769692659 -135.760086060 0.031756010 0.998503923 0.044514004 0.301440299 0.770969093 0.003872107 -0.636860847 99.436943054
-0.636322320 0.056116436 -0.769379497 -136.525817871 0.032547712 0.998415530 0.045902826 0.326788068 0.770736337 0.004167449 -0.637140572 98.802246094
-0.636911929 0.055386819 -0.768944442 -137.279052734 0.032141618 0.998456478 0.045295786 0.350992888 0.770266294 0.004134307 -0.637708962 98.175437927
-0.637348592 0.055433504 -0.768579125 -138.045272827 0.033026557 0.998457611 0.044625953 0.381126314 0.769867539 0.003058763 -0.638196349 97.531333923
-0.638462007 0.055238806 -0.767668486 -138.805694580 0.033899397 0.998471439 0.043652818 0.412133873 0.768906355 0.001847171 -0.639358699 96.896217346
-0.639329493 0.055758812 -0.766908526 -139.567001343 0.034301545 0.998442531 0.043997403 0.439326316 0.768167377 0.001822696 -0.640246451 96.257972717
-0.640124559 0.055075157 -0.766294479 -140.310394287 0.033717010 0.998480082 0.043597285 0.461897284 0.767530918 0.002070535 -0.641008615 95.629318237
-0.640789807 0.054236274 -0.765798211 -141.053787231 0.032952163 0.998525083 0.043145668 0.479412496 0.767008960 0.002412594 -0.641631901 95.003089905
-0.641418517 0.053109221 -0.765350699 -141.797348022 0.032858379 0.998587370 0.041756317 0.511116326 0.766487181 0.001635092 -0.642257512 94.376029968
-0.641539931 0.052777961 -0.765271842 -142.544235229 0.032038890 0.998603344 0.042011242 0.532935977 0.766420245 0.002433432 -0.642334938 93.738899231
-0.641821623 0.050876785 -0.765164435 -143.290557861 0.028640017 0.998690903 0.042380974 0.558563173 0.766319036 0.005286706 -0.642438531 93.108764648
-0.640904486 0.049504746 -0.766022623 -144.031967163 0.027040286 0.998754859 0.041921567 0.584055543 0.767144263 0.006154248 -0.641445100 92.471122742
-0.640263081 0.048212625 -0.766641200 -144.784866333 0.026000462 0.998816729 0.041099329 0.604322255 0.767715514 0.006381359 -0.640758932 91.839378357
-0.638579130 0.045749325 -0.768195152 -145.508804321 0.024121510 0.998930693 0.039439101 0.628196001 0.769178092 0.006654959 -0.638999999 91.212898254
-0.636965752 0.046594363 -0.769482672 -146.264770508 0.024949992 0.998894691 0.039832711 0.653123200 0.770488262 0.006173483 -0.637424350 90.585578918
-0.636074364 0.048710413 -0.770088792 -147.021331787 0.025895009 0.998790801 0.041787859 0.672973990 0.771193206 0.006638729 -0.636566579 89.955169678
-0.634492874 0.054238990 -0.771023214 -147.780639648 0.028454153 0.998497665 0.046825502 0.701748371 0.772404790 0.007771634 -0.635083020 89.322547913
-0.633849680 0.060776185 -0.771064758 -148.543884277 0.030913806 0.998102069 0.053258993 0.734266698 0.772838295 0.009921649 -0.634525537 88.692764282
-0.633363068 0.062983237 -0.771287382 -149.286361694 0.031848527 0.997959495 0.055339985 0.761372089 0.773199141 0.010485935 -0.634076536 88.082321167
-0.633221090 0.059502326 -0.771680295 -150.034088135 0.031826142 0.998198926 0.050852880 0.796322644 0.773316383 0.007641508 -0.633974254 87.465148926
-0.633361578 0.055568617 -0.771858275 -150.789535522 0.031347308 0.998442113 0.046158563 0.829274178 0.773220897 0.005039378 -0.634116828 86.841674805
-0.633182764 0.055464584 -0.772012472 -151.538635254 0.031470101 0.998449147 0.045921858 0.862284303 0.773362279 0.004781618 -0.633946300 86.219017029
-0.633150458 0.057855692 -0.771863461 -152.293273926 0.030944848 0.998297334 0.049444549 0.889647365 0.773409903 0.007420640 -0.633862793 85.590560913
-0.633243024 0.058910832 -0.771707654 -153.038284302 0.031110859 0.998230517 0.050674435 0.918660402 0.773327410 0.008080740 -0.633955359 84.973419189
-0.633840442 0.058791764 -0.771226168 -153.793014526 0.032678720 0.998252213 0.049240947 0.948482513 0.772773206 0.006008210 -0.634653747 84.349151611
-0.634640574 0.057953097 -0.770631373 -154.534851074 0.033459026 0.998309731 0.047520358 0.977790833 0.772082746 0.004373773 -0.635506928 83.742645264
-0.635370970 0.058543369 -0.769984603 -155.276351929 0.032904204 0.998268962 0.048748564 1.006836176 0.771505594 0.005637697 -0.636197448 83.123046875
-0.636144280 0.061373424 -0.769125342 -156.027282715 0.032982595 0.998083293 0.052363504 1.044267297 0.770864785 0.007943000 -0.636949241 82.506698608
-0.636213183 0.064328857 -0.768826783 -156.755676270 0.033909563 0.997886360 0.055434059 1.073297858 0.770767808 0.009197299 -0.637049794 81.890213013
-0.636583686 0.065889455 -0.768387735 -157.472259521 0.035059098 0.997785985 0.056515120 1.099873304 0.770410359 0.009037619 -0.637484312 81.285911560
-0.637281477 0.065199777 -0.767867982 -158.199584961 0.035924569 0.997844696 0.054912034 1.134782791 0.769793391 0.007409098 -0.638250172 80.677986145
-0.637680769 0.063916981 -0.767644227 -158.914382935 0.036139201 0.997936547 0.053071208 1.166412711 0.769452572 0.006100443 -0.638674855 80.071830750
-0.638087094 0.061865799 -0.767474771 -159.658767700 0.034048915 0.998058856 0.052144445 1.200232506 0.769211054 0.007141013 -0.638954937 79.452087402
-0.637397230 0.060075749 -0.768189847 -160.385009766 0.032386061 0.998163760 0.051188722 1.235668182 0.769854486 0.007748903 -0.638172388 78.845756531
-0.636679888 0.058046952 -0.768940330 -161.086059570 0.029760867 0.998269558 0.050717019 1.265355110 0.770553648 0.009406173 -0.637305737 78.250801086
-0.636367798 0.057011779 -0.769276083 -161.811645508 0.027996426 0.998314977 0.050826609 1.296504617 0.770877540 0.010807434 -0.636891723 77.646850586
-0.635693967 0.056378737 -0.769879699 -162.536300659 0.026253665 0.998331428 0.051430594 1.324972391 0.771494567 0.012481956 -0.636113405 77.035041809
-0.634955645 0.057071488 -0.770437777 -163.255935669 0.026789617 0.998294353 0.051871721 1.349647999 0.772083879 0.012296507 -0.635401666 76.439971924
-0.634912014 0.055832095 -0.770564437 -163.971038818 0.026407646 0.998370826 0.050579302 1.380636215 0.772132993 0.011764616 -0.635352075 75.847450256
-0.634299099 0.054498285 -0.771164417 -164.682266235 0.026087429 0.998452961 0.049103323 1.412031651 0.772647500 0.011028496 -0.634739518 75.253585815
-0.633674800 0.055235915 -0.771625042 -165.395675659 0.027152242 0.998421192 0.049172863 1.439936519 0.773122907 0.010208261 -0.634174049 74.658561707
-0.633205593 0.058467347 -0.771772146 -166.111434937 0.030359350 0.998251557 0.050716273 1.467570305 0.773388028 0.008683326 -0.633873522 74.079940796
-0.633012712 0.058564000 -0.771923065 -166.806884766 0.030533787 0.998247206 0.050695568 1.494053125 0.773538947 0.008521211 -0.633691370 73.511672974
-0.632645726 0.056474939 -0.772379458 -167.502838135 0.030122655 0.998377144 0.048326410 1.520817399 0.773855209 0.007307382 -0.633320272 72.934593201
-0.632377088 0.054235961 -0.772759855 -168.205596924 0.031677168 0.998522222 0.044158477 1.549835920 0.774012625 0.003445970 -0.633160651 72.361564636
-0.631264150 0.053248592 -0.773737788 -168.890151978 0.032016706 0.998579025 0.042600907 1.570588946 0.774906874 0.002119892 -0.632071972 71.790954590
-0.630941093 0.052218810 -0.774071455 -169.581939697 0.029110398 0.998623192 0.043639340 1.592853665 0.775284469 0.005000323 -0.631592512 71.221931458
-0.630519152 0.052757602 -0.774378717 -170.270645142 0.028814018 0.998590589 0.044571809 1.617282152 0.775638580 0.005790417 -0.631150603 70.650825500
-0.630455971 0.052581239 -0.774442017 -170.943374634 0.028593285 0.998599231 0.044523358 1.635361433 0.775698185 0.005926183 -0.631076276 70.093185425
-0.630700707 0.052394498 -0.774255335 -171.613662720 0.029039908 0.998612940 0.043921333 1.655551195 0.775482595 0.005216915 -0.631347537 69.547073364
-0.630572379 0.052256171 -0.774369240 -172.274368286 0.028902799 0.998619795 0.043853421 1.673709989 0.775592029 0.005271321 -0.631212473 69.011657715
-0.630556047 0.051791627 -0.774413764 -172.917388916 0.028316068 0.998641968 0.043731701 1.692438960 0.775627077 0.005646930 -0.631166279 68.477394104
-0.630543768 0.051451828 -0.774446428 -173.558319092 0.027375372 0.998653889 0.044058822 1.711680532 0.775670886 0.006580251 -0.631103456 67.950332642
-0.630640864 0.051140387 -0.774388015 -174.186538696 0.026905578 0.998667419 0.044040553 1.728096604 0.775608420 0.006938412 -0.631176412 67.433204651
-0.630915582 0.052338261 -0.774084091 -174.811874390 0.027701749 0.998605549 0.044940609 1.748710513 0.775356710 0.006910255 -0.631485701 66.924537659
-0.630963743 0.053506251 -0.773965061 -175.440231323 0.027680913 0.998536348 0.046465002 1.775094032 0.775318265 0.007893675 -0.631521344 66.407897949
-0.631293714 0.055695053 -0.773541391 -176.047241211 0.027918329 0.998403609 0.049100772 1.794482350 0.775041103 0.009401028 -0.631840825 65.915565491
-0.631102622 0.057611171 -0.773557007 -176.634353638 0.029178558 0.998295426 0.050543532 1.813434958 0.775150359 0.009326875 -0.631707847 65.425949097
-0.631368637 0.059944745 -0.773162603 -177.219558716 0.030615136 0.998157382 0.052388534 1.829210997 0.774878323 0.009406000 -0.632040381 64.943420410
-0.631848216 0.061709989 -0.772631645 -177.804336548 0.032551743 0.998058736 0.053094424 1.853812575 0.774408281 0.008397112 -0.632630408 64.469329834
-0.632265210 0.062552281 -0.772222757 -178.358459473 0.034234285 0.998017490 0.052812636 1.874511242 0.773995280 0.006955098 -0.633153081 64.010673523
-0.633247316 0.062427744 -0.771427631 -178.906188965 0.033771493 0.998021066 0.053042553 1.900096774 0.773212314 0.007536794 -0.634102345 63.555591583
-0.634213388 0.063666813 -0.770532250 -179.449981689 0.035666220 0.997951925 0.053101521 1.917386293 0.772334933 0.006195729 -0.635185301 63.109207153
-0.636434793 0.063757598 -0.768691003 -179.978729248 0.037551343 0.997957289 0.051683165 1.938760161 0.770415902 0.004027588 -0.637528956 62.673526764
-0.639816701 0.064670257 -0.765801787 -180.492340088 0.040746503 0.997906208 0.050227810 1.958254099 0.767446578 0.000932847 -0.641112208 62.242294312
-0.645336032 0.066539995 -0.760995328 -180.991928101 0.044306953 0.997782350 0.049671199 1.972404957 0.762612760 -0.001662762 -0.646853089 61.817996979
-0.652793765 0.067987263 -0.754478633 -181.483261108 0.047068112 0.997680366 0.049178045 1.992167234 0.756071985 -0.003408757 -0.654479623 61.382854462
-0.661723137 0.069887303 -0.746483922 -181.956359863 0.049877882 0.997543812 0.049177613 2.014323711 0.748087347 -0.004691067 -0.663583696 60.957927704
-0.671943843 0.071790040 -0.737114429 -182.421188354 0.052497618 0.997404158 0.049284391 2.027820110 0.738739192 -0.005580404 -0.673968434 60.523895264
-0.683948874 0.073850386 -0.725782335 -182.862060547 0.055673555 0.997245491 0.049007952 2.046670437 0.727402449 -0.006887949 -0.686176598 60.093101501
-0.697930872 0.076792836 -0.712035954 -183.285156250 0.060232323 0.997006059 0.048487604 2.057574034 0.713627636 -0.009046579 -0.700466871 59.668582916
-0.713795602 0.079395652 -0.695839047 -183.677337646 0.064578533 0.996782064 0.047488399 2.075832129 0.697370410 -0.011039251 -0.716625929 59.248382568
-0.732104778 0.080822088 -0.676380277 -184.063766479 0.066510968 0.996673167 0.047103994 2.092613935 0.677937150 -0.010501649 -0.735044837 58.811401367
-0.751715541 0.079834737 -0.654637337 -184.422805786 0.064756200 0.996784151 0.047201343 2.106505394 0.656300545 -0.006909841 -0.754467964 58.359058380
-0.772195876 0.078748539 -0.630485713 -184.758804321 0.062702537 0.996890962 0.047717288 2.122822523 0.632283211 -0.002685956 -0.774732769 57.908420563
-0.793782175 0.076829962 -0.603329897 -185.075897217 0.060551878 0.997043669 0.047300525 2.136278152 0.605180442 0.001013563 -0.796087742 57.453006744
-0.815198183 0.075274304 -0.574269652 -185.326141357 0.058623832 0.997150064 0.047485959 2.140472174 0.576207578 0.005044586 -0.817287862 56.985340118
-0.838310182 0.077696070 -0.539628923 -185.580490112 0.061817028 0.996956050 0.047509935 2.157861948 0.541677594 0.006469805 -0.840561450 56.566806793
-0.862420022 0.073638849 -0.500808358 -185.810195923 0.058172010 0.997225046 0.046456490 2.168868780 0.502839565 0.010931977 -0.864310622 56.099033356
-0.885375798 0.066496074 -0.460095674 -185.995147705 0.052050285 0.997673392 0.044028461 2.169233799 0.461952835 0.015033627 -0.886777103 55.644542694
-0.906661689 0.054745637 -0.418291092 -186.158203125 0.041704524 0.998318493 0.040263046 2.176067352 0.419791788 0.019060327 -0.907420278 55.195400238
-0.925398350 0.046163287 -0.376173973 -186.286666870 0.034721870 0.998706698 0.037142444 2.176856279 0.377401888 0.021310089 -0.925804317 54.752929688
-0.942977250 0.038286176 -0.330647945 -186.416076660 0.029422332 0.999062061 0.031772949 2.189527512 0.331554115 0.020232726 -0.943219244 54.295143127
-0.958264053 0.036269791 -0.283574700 -186.514953613 0.029271664 0.999154270 0.028878223 2.196624756 0.284382105 0.019372249 -0.958515286 53.834583282
-0.971451938 0.035200208 -0.234610438 -186.600555420 0.029428082 0.999172926 0.028059818 2.204908848 0.235403970 0.020354623 -0.971684396 53.367954254
-0.981946826 0.035007603 -0.185889155 -186.660324097 0.029857062 0.999090672 0.030436032 2.193531513 0.186785594 0.024336465 -0.982099175 52.874500275
-0.990485609 0.027484728 -0.134843200 -186.694580078 0.023241453 0.999186993 0.032942407 2.201686382 0.135638982 0.029495031 -0.990319192 52.395629883
-0.996291280 0.017628219 -0.084220544 -186.689651489 0.014525022 0.999197721 0.037317906 2.209263563 0.084810831 0.035956196 -0.995748162 51.914051056
-0.999366105 0.013830973 -0.032804653 -186.671142578 0.012528751 0.999138057 0.039575055 2.227487803 0.033323750 0.039138969 -0.998677969 51.428169250
-0.999627948 0.016974896 0.021348117 -186.654647827 0.017776132 0.999122620 0.037919398 2.243560076 -0.020685725 0.038284779 -0.999052763 50.958908081
-0.997201681 0.025582870 0.070244677 -186.569931030 0.028205048 0.998932064 0.036594588 2.233507872 -0.069233470 0.038473438 -0.996858299 50.526672363
-0.992205083 0.028198078 0.121383794 -186.486495972 0.032411139 0.998933792 0.032874949 2.240869999 -0.120327346 0.036552880 -0.992061079 50.074001312
-0.984747112 0.029448867 0.171481729 -186.378784180 0.035005242 0.998952568 0.029468415 2.249082088 -0.170434281 0.035021689 -0.984746456 49.629356384
-0.974974453 0.028132012 0.220530093 -186.246963501 0.034974135 0.999018490 0.027182167 2.240489960 -0.219548956 0.034214769 -0.975001335 49.215747833
-0.962712586 0.029610688 0.268901348 -186.090377808 0.037462816 0.999006987 0.024115302 2.248796701 -0.267920226 0.033289906 -0.962865770 48.814117432
-0.947213113 0.034100037 0.318786144 -185.934951782 0.043297142 0.998824239 0.021806702 2.265576839 -0.317667633 0.034458119 -0.947575808 48.379966736
-0.931193948 0.035886873 0.362753510 -185.741195679 0.046055734 0.998750031 0.019420359 2.271603823 -0.361603111 0.034790996 -0.931682765 47.985324860
-0.914101183 0.030580137 0.404331595 -185.519149780 0.042264126 0.998906255 0.020000886 2.277498007 -0.403277695 0.035371549 -0.914393783 47.580459595
-0.895931304 0.026907196 0.443377167 -185.289413452 0.042076442 0.998816192 0.024408681 2.265530586 -0.442195505 0.040524226 -0.896002710 47.149261475
-0.878559351 0.026348531 0.476905912 -185.050384521 0.044280048 0.998670340 0.026397558 2.277995586 -0.475576192 0.044309236 -0.878557920 46.764900208
-0.862088680 0.028162073 0.505974352 -184.792327881 0.048990175 0.998409510 0.027899817 2.280444145 -0.504383862 0.048839886 -0.862097204 46.367847443
-0.846586287 0.027138270 0.531559110 -184.518676758 0.049382843 0.998396337 0.027677236 2.283950806 -0.529955566 0.049681064 -0.846568942 45.973495483
-0.832787037 0.024892680 0.553033531 -184.232269287 0.048509818 0.998427093 0.028108269 2.287614822 -0.551464081 0.050235759 -0.832684696 45.589435577
-0.820736825 0.023441190 0.570825279 -183.942321777 0.047302064 0.998515606 0.027006797 2.295069218 -0.569344878 0.049166702 -0.820627153 45.196884155
-0.810969472 0.022535490 0.584654331 -183.639190674 0.046631962 0.998568654 0.026193019 2.300519705 -0.583227277 0.048505314 -0.810859501 44.806194305
-0.803027749 0.021330992 0.595559776 -183.327331543 0.045202300 0.998660505 0.025180150 2.302355289 -0.594224870 0.047141030 -0.802916229 44.411766052
-0.796445727 0.020140922 0.604374588 -183.006652832 0.043530591 0.998761773 0.024080710 2.307192802 -0.603141189 0.045487758 -0.796336293 44.005630493
-0.791304648 0.018957715 0.611128092 -182.680252075 0.040839888 0.998925865 0.021893023 2.304853916 -0.610056579 0.042282455 -0.791228890 43.602756500
-0.786740482 0.020829316 0.616932392 -182.354522705 0.041931849 0.998925328 0.019746980 2.317573786 -0.615858018 0.041404862 -0.786768436 43.195903778
-0.783082426 0.022831080 0.621498764 -182.016586304 0.044120785 0.998847425 0.018898578 2.325970173 -0.620350897 0.042220157 -0.783187211 42.768241882
-0.780568242 0.025252771 0.624560297 -181.679153442 0.047197349 0.998712301 0.018605890 2.325227261 -0.623286068 0.044000756 -0.780755043 42.347461700
-0.778542757 0.024635186 0.627107859 -181.314239502 0.045289677 0.998829484 0.016988466 2.326133013 -0.625955164 0.041627761 -0.778747201 41.911643982
-0.777046442 0.021452950 0.629077613 -180.940933228 0.040492766 0.999052465 0.015947372 2.324595213 -0.628139377 0.037864935 -0.777178943 41.471668243
-0.776026547 0.018990984 0.630414188 -180.567031860 0.037529543 0.999165833 0.016098594 2.328672409 -0.629582584 0.036152095 -0.776091933 41.024890900
-0.775571167 0.020372320 0.630931258 -180.185043335 0.040138051 0.999048173 0.017081084 2.336413145 -0.629982710 0.038571954 -0.775650680 40.559776306
-0.775558114 0.024269531 0.630809426 -179.800384521 0.045130230 0.998835504 0.017057203 2.341263056 -0.629660904 0.041697435 -0.775750279 40.080951691
-0.776157141 0.024576489 0.630060315 -179.403610229 0.044843134 0.998861432 0.016279109 2.340841293 -0.628942788 0.040889028 -0.776375651 39.593574524
-0.776560187 0.023644028 0.629599094 -178.989425659 0.040226299 0.999117374 0.012094975 2.344036579 -0.628757477 0.034718923 -0.776825964 39.110027313
-0.776732266 0.026936792 0.629254639 -178.568862915 0.039119832 0.999219298 0.005514260 2.344157934 -0.628614783 0.028899435 -0.777179658 38.599624634
-0.776955903 0.029507035 0.628863215 -178.144119263 0.039054874 0.999236047 0.001366626 2.344392300 -0.628342450 0.025621982 -0.777514815 38.075176239
-0.777356029 0.031318799 0.628280699 -177.705734253 0.041226324 0.999149024 0.001202306 2.344702244 -0.627708375 0.026836324 -0.777985871 37.538799286
-0.777810812 0.028699312 0.627842844 -177.249008179 0.039379988 0.999219477 0.003111091 2.344144344 -0.627263427 0.027144285 -0.778333962 36.983886719
-0.778022349 0.022055240 0.627849340 -176.779968262 0.033243451 0.999428749 0.006086664 2.337242603 -0.627356410 0.025607439 -0.778311074 36.412364960
-0.777975380 0.018794866 0.628013670 -176.305084229 0.030061690 0.999521315 0.007326887 2.331955671 -0.627575219 0.024579292 -0.778167784 35.840652466
-0.777915061 0.017323492 0.628130794 -175.820312500 0.029442735 0.999526858 0.008897264 2.332705259 -0.627679408 0.025415201 -0.778056860 35.251625061
-0.777658939 0.015199348 0.628502727 -175.329849243 0.029097894 0.999506533 0.011831910 2.340732098 -0.628012657 0.027489295 -0.777717412 34.641891479
-0.778331518 0.013097914 0.627716959 -174.821090698 0.029732030 0.999429643 0.016011886 2.343197346 -0.627149165 0.031125857 -0.778276980 34.031440735
-0.778320372 0.009209533 0.627799809 -174.299118042 0.026430212 0.999486744 0.018105084 2.342468023 -0.627310812 0.030684436 -0.778164208 33.395015717
-0.778106511 0.008207660 0.628078699 -173.774078369 0.023319799 0.999602854 0.015827458 2.346569061 -0.627699256 0.026962120 -0.777988851 32.761600494
-0.777343988 0.011346255 0.628973424 -173.250488281 0.024370560 0.999629974 0.012086762 2.359097719 -0.628603518 0.024724009 -0.777332783 32.098228455
-0.777233958 0.012804413 0.629081428 -172.711669922 0.026992342 0.999551177 0.013004201 2.365125895 -0.628632486 0.027087690 -0.777230620 31.456537247
-0.777313292 0.010529792 0.629025578 -172.153671265 0.028765034 0.999409080 0.018816207 2.362588882 -0.628455698 0.032720029 -0.777156830 30.772268295
-0.777533770 0.011918677 0.628728271 -171.603729248 0.032380950 0.999252796 0.021102140 2.371114016 -0.628006816 0.036766436 -0.777338743 30.089353561
-0.777392209 0.013882059 0.628862917 -171.042724609 0.034336809 0.999202430 0.020389467 2.376902342 -0.628078282 0.037443765 -0.777248740 29.399702072
-0.777198493 0.018293822 0.628989518 -170.476608276 0.036622908 0.999197900 0.016191227 2.392189503 -0.628188908 0.035619225 -0.777245045 28.690429688
-0.777008176 0.023913672 0.629036129 -169.905410767 0.040609069 0.999100804 0.012179594 2.391549587 -0.628179252 0.035008207 -0.777280629 28.000745773
-0.777128279 0.025586676 0.628821909 -169.331054688 0.040888093 0.999114871 0.009877631 2.394152880 -0.628012538 0.033387516 -0.777486622 27.294658661
-0.777858019 0.025520526 0.627921700 -168.741561890 0.040030889 0.999158025 0.008980914 2.397901058 -0.627163827 0.032122135 -0.778224707 26.574171066
-0.778205931 0.023418339 0.627572477 -168.146362305 0.038983855 0.999178648 0.011055881 2.398442745 -0.626798093 0.033068947 -0.778479636 25.838418961
-0.778347015 0.020699343 0.627493083 -167.561203003 0.038779609 0.999133050 0.015143751 2.385413408 -0.626635492 0.036121022 -0.778475046 25.113866806
-0.778681755 0.020124918 0.627096236 -166.969009399 0.040028766 0.999042690 0.017643254 2.388804674 -0.626140833 0.038840361 -0.778742015 24.376502991
-0.778758049 0.023506952 0.626883864 -166.386703491 0.045524709 0.998780608 0.019101543 2.393096924 -0.625670373 0.043414190 -0.778878570 23.653104782
-0.778940439 0.028305352 0.626458764 -165.796279907 0.052745417 0.998398125 0.020473059 2.390761137 -0.624875724 0.048990119 -0.779185712 22.908788681
-0.779100657 0.028288666 0.626260281 -165.211990356 0.055474069 0.998173535 0.023924377 2.392122030 -0.624439538 0.053380702 -0.779246807 22.175024033
-0.779157460 0.027200397 0.626237810 -164.625961304 0.058941707 0.997810721 0.029995032 2.400341511 -0.624050856 0.060282379 -0.779054821 21.443519592
-0.778917730 0.026674438 0.626558602 -164.037368774 0.062140554 0.997461021 0.034786306 2.413893700 -0.624039829 0.066030361 -0.778597534 20.708032608
-0.778805554 0.029060490 0.626591861 -163.462066650 0.063940771 0.997400761 0.033215359 2.429543972 -0.623997808 0.065933064 -0.778639436 19.979705811
-0.779173136 0.032538559 0.625963569 -162.880203247 0.062222034 0.997734189 0.025587594 2.434974909 -0.623712659 0.058885898 -0.779432356 19.263502121
-0.779723346 0.037839457 0.624979794 -162.302429199 0.061912347 0.997939825 0.016821345 2.445553541 -0.623055637 0.051809967 -0.780459702 18.547729492
-0.780386746 0.039938126 0.624020517 -161.718032837 0.062516905 0.997941136 0.014312758 2.443919420 -0.622164190 0.050181318 -0.781276762 17.825033188
-0.780964136 0.038946182 0.623360395 -161.134368896 0.063057527 0.997870862 0.016655551 2.441885710 -0.621384561 0.052314956 -0.781757116 17.093763351
-0.781676471 0.037082259 0.622580647 -160.571365356 0.062558345 0.997858286 0.019110052 2.445878506 -0.620538592 0.053885493 -0.782322228 16.406055450
-0.782247901 0.036148801 0.621917665 -160.001419067 0.062620759 0.997821271 0.020766251 2.441813946 -0.619812012 0.055189297 -0.782807231 15.690854073
-0.784353614 0.034149375 0.619373202 -159.431350708 0.059798673 0.997995734 0.020702180 2.447863340 -0.617424905 0.053275529 -0.784823656 14.976794243
-0.788699269 0.031329781 0.613980353 -158.869186401 0.056386400 0.998177528 0.021497803 2.446721315 -0.612187862 0.051575441 -0.789028525 14.274265289
-0.793937504 0.030266408 0.607245505 -158.322463989 0.055295266 0.998215556 0.022542106 2.442047834 -0.605479598 0.051474825 -0.794194460 13.554780960
-0.801074564 0.030594347 0.597782075 -157.784637451 0.054419916 0.998279393 0.021835232 2.452695370 -0.596085489 0.050022904 -0.801361144 12.834724426
-0.809767246 0.031409949 0.585909903 -157.265594482 0.055632595 0.998177707 0.023376891 2.456828117 -0.584107935 0.051525526 -0.810038984 12.113906860
-0.819956481 0.033714578 0.571432173 -156.759552002 0.059658572 0.997860789 0.026731040 2.462975264 -0.569308460 0.056009103 -0.820213974 11.380120277
-0.831414878 0.034336384 0.554590285 -156.275772095 0.061658230 0.997625947 0.030668925 2.465946674 -0.552220643 0.059693657 -0.831558168 10.637068748
-0.844723344 0.036549117 0.533953905 -155.815948486 0.063786119 0.997429788 0.032636613 2.474861622 -0.531388700 0.061627757 -0.844883502 9.892520905
-0.859379828 0.039920874 0.509777248 -155.372772217 0.066189453 0.997244954 0.033487130 2.492936611 -0.507036030 0.062520042 -0.859654427 9.129303932
-0.874928057 0.043123953 0.482328922 -154.957763672 0.068868384 0.996983647 0.035786793 2.510509729 -0.479330778 0.064528085 -0.875258863 8.346694946
-0.890116870 0.046306435 0.453373611 -154.572326660 0.070850387 0.996789515 0.037292313 2.528281689 -0.450191319 0.065316208 -0.890540063 7.557086945
-0.904346645 0.049814913 0.423881590 -154.218215942 0.072306953 0.996690810 0.037134144 2.546785831 -0.420629174 0.064231716 -0.904956043 6.756183147
-0.917509973 0.056547683 0.393672168 -153.886566162 0.074136756 0.996808589 0.029603312 2.559772491 -0.390741855 0.056346916 -0.918774009 5.964418888
-0.930033267 0.061106831 0.362358987 -153.585113525 0.073876999 0.997036099 0.021476917 2.572631359 -0.359972656 0.046744242 -0.931791067 5.166819572
-0.941698313 0.060558245 0.330963671 -153.304260254 0.070014566 0.997405946 0.016713131 2.574468613 -0.329093009 0.038911000 -0.943495452 4.361089706
-0.952114940 0.056508645 0.300472766 -153.044113159 0.064640924 0.997760653 0.017184583 2.584507227 -0.298828810 0.035784543 -0.953635514 3.544242620
-0.960483551 0.055094723 0.272829682 -152.814086914 0.062480040 0.997875690 0.018448720 2.578914881 -0.271233648 0.034766093 -0.961885452 2.713953733
-0.967067122 0.057632640 0.247910812 -152.609085083 0.064080566 0.997782171 0.018012026 2.577015638 -0.246322826 0.033305094 -0.968615353 1.877561688
-0.972079337 0.061389089 0.226479769 -152.420288086 0.066789292 0.997634709 0.016251305 2.589049816 -0.224946409 0.030923977 -0.973880291 1.033135891
-0.976362944 0.059954006 0.207655907 -152.237518311 0.065184124 0.997703016 0.018429896 2.594687223 -0.206073970 0.031530142 -0.978028297 0.165060222
-0.980362117 0.056674872 0.188886553 -152.070419312 0.062453814 0.997740209 0.024779825 2.603026152 -0.187055290 0.036089893 -0.981686234 -0.710800409
-0.983668566 0.056983911 0.170731321 -151.926132202 0.062595628 0.997655511 0.027663626 2.611649513 -0.168754682 0.037898876 -0.984929264 -1.581905842
-0.986577570 0.056896277 0.153060660 -151.784027100 0.061837375 0.997701347 0.027713630 2.626050711 -0.151132002 0.036806505 -0.987828076 -2.459848642
-0.988999665 0.056552440 0.136680186 -151.661483765 0.060377765 0.997886956 0.024002321 2.638653040 -0.135033980 0.031990729 -0.990324378 -3.349424362
-0.990624428 0.060469612 0.122502863 -151.552246094 0.063555904 0.997747898 0.021441085 2.645389080 -0.120930441 0.029025838 -0.992236555 -4.245564938
-0.991447091 0.066195786 0.112476051 -151.458221436 0.069434531 0.997270107 0.025121577 2.664228201 -0.110506065 0.032716434 -0.993336856 -5.162745476
-0.991818070 0.071087934 0.106035113 -151.375488281 0.075138494 0.996569037 0.034702469 2.682285786 -0.103204392 0.042385858 -0.993756652 -6.096329689
-0.991883278 0.073855519 0.103502825 -151.286026001 0.078738078 0.995928109 0.043904349 2.699694157 -0.099838786 0.051697601 -0.993659616 -7.045090199
-0.992173016 0.072326526 0.101791881 -151.180755615 0.077135384 0.996043861 0.044122048 2.730990410 -0.098197982 0.051628459 -0.993826687 -7.973123550
-0.992479146 0.069118418 0.101032697 -151.084442139 0.073639445 0.996411920 0.041721404 2.752824783 -0.097786456 0.048847619 -0.994007885 -8.912961960
-0.992975116 0.064098783 0.099457212 -150.972885132 0.068049610 0.997001231 0.036850341 2.785663843 -0.096796893 0.043359499 -0.994359255 -9.866183281
-0.993556559 0.055418283 0.098864391 -150.861495972 0.059129223 0.997636378 0.035006888 2.809274435 -0.096690670 0.040627092 -0.994485080 -10.859153748
-0.993826926 0.050344720 0.098860636 -150.751892090 0.054033559 0.997925758 0.034995921 2.833763123 -0.096893705 0.040121686 -0.994485736 -11.842767715
-0.993824720 0.048331618 0.099882424 -150.650421143 0.052289382 0.997931719 0.037392225 2.856014252 -0.097868599 0.042384107 -0.994296372 -12.838387489
-0.993927479 0.045305848 0.100277558 -150.529403687 0.049425170 0.998016834 0.038982097 2.879331827 -0.098312557 0.043701611 -0.994195521 -13.846728325
-0.993824840 0.044908781 0.101465940 -150.427246094 0.049153097 0.998001039 0.039723314 2.903519154 -0.099479154 0.044465382 -0.994045675 -14.852661133
-0.993793845 0.042818218 0.102666534 -150.313705444 0.046965376 0.998161197 0.038322300 2.933307886 -0.100836858 0.042906236 -0.993977368 -15.874441147
-0.993779361 0.041308146 0.103422366 -150.201583862 0.045305114 0.998302519 0.036600076 2.955035448 -0.101734914 0.041057955 -0.993963897 -16.893321991
-0.993778467 0.038911279 0.104356155 -150.087860107 0.042722002 0.998490095 0.034532599 2.979924679 -0.102854855 0.038776062 -0.993940294 -17.933248520
-0.993933797 0.036748156 0.103659406 -149.970413208 0.040405113 0.998624921 0.033401486 3.002794266 -0.102289453 0.037387226 -0.994051874 -18.973606110
-0.994198501 0.033921935 0.102072045 -149.852218628 0.037552916 0.998720706 0.033863422 3.022047520 -0.100792751 0.037500061 -0.994200528 -20.023126602
-0.994406760 0.032022547 0.100646906 -149.741165161 0.035680935 0.998758435 0.034760833 3.040621042 -0.099408813 0.038157582 -0.994314849 -21.071628571
-0.994546354 0.032475259 0.099110365 -149.634735107 0.036090150 0.998738885 0.034900669 3.064339399 -0.097851977 0.038287241 -0.994464159 -22.126640320
-0.994701087 0.031548724 0.097849265 -149.526321411 0.035113469 0.998772860 0.034925070 3.086024046 -0.096627370 0.038175832 -0.994588196 -23.177072525
-0.994803309 0.031699862 0.096754692 -149.425323486 0.035449125 0.998675942 0.037280034 3.096565485 -0.095444828 0.040516175 -0.994609833 -24.232423782
-0.994868457 0.031232065 0.096235275 -149.321777344 0.035174422 0.998598516 0.039545134 3.117555618 -0.094865322 0.042727225 -0.994572759 -25.281116486
-0.995012999 0.030518958 0.094960861 -149.208389282 0.034541436 0.998561680 0.041007619 3.144417524 -0.093572766 0.044083204 -0.994636059 -26.339941025
-0.995166361 0.028704736 0.093913823 -149.112197876 0.032596786 0.998660862 0.040174369 3.155755043 -0.092634872 0.043041479 -0.994769454 -27.367635727
-0.995202899 0.029299213 0.093342207 -149.015640259 0.032910813 0.998758674 0.037390243 3.179732084 -0.092130847 0.040282845 -0.994931817 -28.409938812
-0.995316446 0.027599983 0.092646696 -148.912673950 0.031091532 0.998851418 0.036457028 3.198098421 -0.091534078 0.039166804 -0.995031416 -29.453617096
-0.995473862 0.027660906 0.090922683 -148.807708740 0.031119099 0.998836577 0.036839191 3.214098692 -0.089797892 0.039501872 -0.995176315 -30.481477737
-0.995652676 0.026668735 0.089245111 -148.710601807 0.030127278 0.998837471 0.037633166 3.236969948 -0.088137716 0.040158268 -0.995298445 -31.519706726
-0.995925486 0.025420817 0.086522892 -148.611511230 0.028906241 0.998810351 0.039271519 3.256339550 -0.085421637 0.041612554 -0.995475531 -32.549701691
-0.996215343 0.024378639 0.083430439 -148.522201538 0.027724320 0.998847485 0.039180614 3.277216911 -0.082379110 0.041345380 -0.995743036 -33.597187042
-0.996497929 0.022997174 0.080392912 -148.434600830 0.026130719 0.998930454 0.038145453 3.300128937 -0.079429694 0.040112589 -0.996033072 -34.622711182
-0.996782303 0.021847738 0.077120945 -148.349685669 0.024774414 0.999000728 0.037198626 3.318948746 -0.076231174 0.038989559 -0.996327639 -35.644016266
-0.996987343 0.021829383 0.074428841 -148.267272949 0.024789285 0.998928547 0.039079022 3.330263138 -0.073496021 0.040806334 -0.996460319 -36.667011261
-0.997160316 0.022101387 0.071992256 -148.191345215 0.025078056 0.998856306 0.040708922 3.349934816 -0.071010195 0.042398755 -0.996574104 -37.686237335
-0.997356057 0.022572555 0.069074012 -148.118515015 0.025504107 0.998798013 0.041857306 3.372387886 -0.068046160 0.043508321 -0.996733010 -38.708900452
-0.997480214 0.023571344 0.066913858 -148.048034668 0.026431054 0.998760462 0.042178392 3.395068884 -0.065836720 0.043840725 -0.996866822 -39.731174469
-0.997627735 0.023382125 0.064746678 -147.978958130 0.026112640 0.998790979 0.041652165 3.415100813 -0.063694492 0.043244071 -0.997032046 -40.744613647
-0.997726679 0.024378804 0.062825806 -147.919021606 0.026987314 0.998794198 0.041011155 3.434590816 -0.061750248 0.042613432 -0.997181535 -41.747127533
-0.997825146 0.023842685 0.061453365 -147.853073120 0.026412789 0.998795450 0.041354671 3.453478575 -0.060393322 0.042887889 -0.997252941 -42.754283905
-0.997927427 0.022572601 0.060260177 -147.784164429 0.025130423 0.998800159 0.042031281 3.477214336 -0.059239116 0.043458533 -0.997297406 -43.756847382
-0.998004913 0.021179924 0.059477519 -147.724624634 0.023618918 0.998896003 0.040607870 3.496474028 -0.058551773 0.041931648 -0.997403324 -44.751842499
-0.998060942 0.021010915 0.058590401 -147.658645630 0.023153121 0.999078989 0.036126379 3.516962528 -0.057777390 0.037412878 -0.997628212 -45.738906860
-0.998076260 0.019877182 0.058727417 -147.597808838 0.021869628 0.999200046 0.033481341 3.532500982 -0.058014918 0.034701280 -0.997712433 -46.735385895
-0.998056769 0.020102199 0.058980525 -147.535568237 0.022048786 0.999227107 0.032540787 3.544533730 -0.058280807 0.033778001 -0.997728586 -47.721939087
-0.997993588 0.021759255 0.059457488 -147.467300415 0.023783091 0.999154150 0.033545457 3.560204506 -0.058677271 0.034892239 -0.997667015 -48.722763062
-0.997910678 0.023366114 0.060235050 -147.409790039 0.025474200 0.999081016 0.034470629 3.573292732 -0.059374254 0.035933048 -0.997588873 -49.700717926
-0.997813106 0.025172263 0.061118104 -147.346725464 0.027385432 0.998989105 0.035647787 3.590421200 -0.060158983 0.037243575 -0.997493744 -50.679069519
-0.997725368 0.026236055 0.062094718 -147.276367188 0.028540639 0.998925149 0.036522597 3.601811171 -0.061069768 0.038211755 -0.997401774 -51.655342102
-0.997644842 0.026704866 0.063178591 -147.214752197 0.029099356 0.998880684 0.037288669 3.618466139 -0.062112086 0.039039303 -0.997305393 -52.630733490
-0.997647107 0.025134891 0.063785158 -147.143157959 0.027585633 0.998903155 0.037836440 3.634207249 -0.062764175 0.039506964 -0.997246087 -53.595088959
-0.997579515 0.025573941 0.064662054 -147.071853638 0.027988177 0.998933852 0.036710061 3.647131681 -0.063654304 0.038430974 -0.997231781 -54.563980103
-0.997413456 0.027746208 0.066307463 -147.003601074 0.030125948 0.998927355 0.035163090 3.665796518 -0.065260701 0.037069708 -0.997179449 -55.526256561
-0.997177303 0.028508481 0.069462024 -146.929931641 0.030934988 0.998939157 0.034111008 3.679181099 -0.068415895 0.036163531 -0.997001290 -56.486129761
-0.997028947 0.027504597 0.071949519 -146.850585938 0.030018479 0.998967707 0.034094580 3.682538509 -0.070937485 0.036153097 -0.996825397 -57.453170776
-0.996842742 0.027509017 0.074483357 -146.775100708 0.029990261 0.999024928 0.032401592 3.696366072 -0.073519386 0.034533069 -0.996695757 -58.401885986
-0.996682227 0.027866984 0.076472394 -146.693344116 0.030390887 0.999024391 0.032041132 3.706404686 -0.075504892 0.034258887 -0.996556759 -59.340705872
-0.996678770 0.026333584 0.077058107 -146.613510132 0.028910602 0.999052823 0.032520097 3.714711189 -0.076128744 0.034639888 -0.996496081 -60.284908295
-0.996680081 0.024642864 0.077599153 -146.536697388 0.027398081 0.999024093 0.034643497 3.726319551 -0.076669700 0.036654547 -0.996382535 -61.216125488
-0.996789217 0.023687402 0.076487988 -146.453781128 0.026564309 0.998968899 0.036816701 3.737820625 -0.075537026 0.038730331 -0.996390581 -62.131954193
-0.996840775 0.023166103 0.075972460 -146.387451172 0.026086371 0.998949468 0.037674036 3.749475956 -0.075019889 0.039536860 -0.996397913 -63.047058105
-0.996972680 0.022343723 0.074473239 -146.312927246 0.025232123 0.998956382 0.038071804 3.763082266 -0.073544860 0.039835669 -0.996495962 -63.940631866
-0.997180998 0.020219645 0.072257943 -146.242828369 0.023024634 0.999004900 0.038199373 3.774845123 -0.071413673 0.039755404 -0.996654212 -64.818214417
-0.997462749 0.019321695 0.068518691 -146.182403564 0.021996133 0.999016702 0.038494967 3.789537668 -0.067707531 0.039904438 -0.996906877 -65.687149048
-0.997809172 0.020066019 0.063040838 -146.128875732 0.022530274 0.998999894 0.038625307 3.803636074 -0.062202718 0.039961021 -0.997263193 -66.539657593
-0.998206735 0.020946508 0.056075912 -146.081665039 0.023140959 0.998980045 0.038774591 3.815740108 -0.055206522 0.040002711 -0.997673333 -67.369163513
-0.998575509 0.022822199 0.048229840 -146.044769287 0.024726806 0.998922706 0.039269604 3.832587481 -0.047281664 0.040406242 -0.998063982 -68.182052612
-0.998874187 0.025122151 0.040238995 -146.011779785 0.026763232 0.998809755 0.040777534 3.846894979 -0.039166678 0.041808553 -0.998357654 -68.972427368
-0.999064147 0.028531833 0.032509476 -145.992706299 0.029868234 0.998696506 0.041392375 3.856847525 -0.031286094 0.042324632 -0.998613954 -69.742919922
-0.999230385 0.030203089 0.025027575 -145.977203369 0.031234296 0.998633802 0.041891053 3.872128487 -0.023728147 0.042640537 -0.998808682 -70.484016418
-0.999327064 0.032022364 0.017888052 -145.973266602 0.032763936 0.998545110 0.042828131 3.884596348 -0.016490566 0.043385394 -0.998922348 -71.209587097
-0.999410868 0.032612503 0.010694514 -145.962036133 0.033041824 0.998537779 0.042782292 3.897934914 -0.009283639 0.043110449 -0.999027133 -71.901580811
-0.999399960 0.034329705 0.004609924 -145.965499878 0.034494493 0.998505771 0.042384159 3.909067631 -0.003148000 0.042517733 -0.999090731 -72.565376282
-0.999370456 0.035456102 -0.001244985 -145.967361450 0.035372060 0.998483181 0.042193431 3.920322895 0.002739110 0.042122826 -0.999108672 -73.197525024
-0.999303341 0.036730815 -0.006605273 -145.978103638 0.036424287 0.998465419 0.041714378 3.933237314 0.008127341 0.041444734 -0.999107718 -73.817077637
-0.999166608 0.039211955 -0.011331023 -145.988250732 0.038712382 0.998393416 0.041376270 3.938751221 0.012935260 0.040903144 -0.999079406 -74.391944885
-0.999059975 0.040287200 -0.016001852 -145.999832153 0.039575811 0.998311162 0.042529143 3.955693483 0.017688204 0.041855872 -0.998967052 -74.946884155
-0.998961568 0.041068576 -0.019723956 -146.012741089 0.040153291 0.998190880 0.044751577 3.958411217 0.021526152 0.043913126 -0.998803377 -75.467643738
-0.998840868 0.041814812 -0.023843864 -146.018447876 0.040697724 0.998132706 0.045553576 3.971852303 0.025704149 0.044530392 -0.998677313 -75.963279724
-0.998745739 0.042176757 -0.026988087 -146.031463623 0.040891983 0.998080671 0.046506483 3.976918936 0.028897787 0.045344558 -0.998553336 -76.433975220
-0.998612463 0.043742668 -0.029324301 -146.043426514 0.042320877 0.997975886 0.047468226 3.983011007 0.031341333 0.046161335 -0.998442173 -76.864578247
-0.998447657 0.046000514 -0.031404324 -146.060760498 0.044479113 0.997878790 0.047536828 3.996968746 0.033524428 0.046066210 -0.998375714 -77.275680542
-0.998401463 0.046505179 -0.032120749 -146.090362549 0.044898193 0.997786283 0.049058709 4.002066612 0.034331128 0.047538131 -0.998279274 -77.662475586
-0.998427153 0.045761824 -0.032387666 -146.096527100 0.044118248 0.997786283 0.049761508 4.022317410 0.034593150 0.048254363 -0.998235941 -78.002876282
-0.998396993 0.045948423 -0.033048138 -146.093353271 0.044260826 0.997762918 0.050101619 4.017801762 0.035276297 0.048558559 -0.998197198 -78.311309814
-0.998429120 0.045607138 -0.032546118 -146.097702026 0.043938812 0.997769415 0.050255407 4.024060249 0.034765523 0.048746422 -0.998205960 -78.570861816
-0.998587012 0.042898912 -0.031364318 -146.079956055 0.041285641 0.997875869 0.050391532 4.010031700 0.033459440 0.049025428 -0.998236954 -78.842437744
-0.998753190 0.040142387 -0.029675582 -146.073547363 0.038640793 0.998023868 0.049550742 4.008841515 0.031606026 0.048342269 -0.998330653 -79.058555603
-0.998872995 0.039165951 -0.026812125 -146.086486816 0.037847556 0.998128653 0.048029181 4.015337467 0.028643062 0.046960272 -0.998485982 -79.265502930
-0.998952866 0.038969360 -0.023970174 -146.087509155 0.037855394 0.998256266 0.045291949 4.021709919 0.025693374 0.044337120 -0.998686194 -79.459510803
-0.999002993 0.039117001 -0.021516614 -146.087173462 0.038157478 0.998331904 0.043330081 4.021361828 0.023175668 0.042465851 -0.998829126 -79.661857605
-0.999002397 0.040358968 -0.019115075 -146.090499878 0.039511640 0.998301923 0.042804398 4.036891460 0.020810157 0.042006418 -0.998900592 -79.846878052
-0.999107838 0.039042599 -0.016098797 -146.099105835 0.038310647 0.998318136 0.043511145 4.042632103 0.017770510 0.042855561 -0.998923123 -80.015991211
-0.999226630 0.037009485 -0.013280467 -146.099075317 0.036399756 0.998388469 0.043540098 4.049372673 0.014870462 0.043023016 -0.998963296 -80.186653137
-0.999315083 0.035484836 -0.010491170 -146.090194702 0.035003234 0.998462200 0.042989291 4.051749229 0.012000502 0.042592619 -0.999020398 -80.344329834
-0.999310553 0.036471073 -0.006940805 -146.084045410 0.036150903 0.998475611 0.041709475 4.063850403 0.008451412 0.041429799 -0.999105632 -80.494628906
-0.999299467 0.037354995 -0.002298472 -146.080795288 0.037229404 0.998464227 0.041027062 4.060611725 0.003827511 0.040912747 -0.999155343 -80.628410339
-0.999290168 0.037545055 0.003075243 -146.074981689 0.037639260 0.998460650 0.040739350 4.060275078 -0.001540944 0.040826172 -0.999165058 -80.758399963
-0.999291480 0.036220741 0.010228916 -146.074996948 0.036608327 0.998502314 0.040659517 4.062134743 -0.008740878 0.041005179 -0.999120653 -80.884674072
-0.999261379 0.034034207 0.017842580 -146.056350708 0.034727950 0.998590827 0.040132094 4.066739559 -0.016451569 0.040722091 -0.999035001 -80.999290466
-0.999154985 0.031838663 0.025993839 -146.056579590 0.032863609 0.998658955 0.040004592 4.074904919 -0.024685288 0.040825035 -0.998861253 -81.115173340
-0.998990715 0.030610971 0.032869972 -146.041961670 0.031944074 0.998655558 0.040828247 4.077198982 -0.031575978 0.041837037 -0.998625278 -81.209205627
-0.998809695 0.029018041 0.039206896 -146.024490356 0.030650215 0.998660386 0.041690905 4.070796490 -0.037944578 0.042842973 -0.998360932 -81.291435242
-0.998633683 0.028581029 0.043748677 -146.014144897 0.030412689 0.998663485 0.041791074 4.071512222 -0.042495754 0.043064479 -0.998168051 -81.352951050
-0.998431265 0.028724790 0.048062891 -146.008880615 0.030676806 0.998713434 0.040381547 4.080759525 -0.046841092 0.041792613 -0.998027623 -81.396614075
-0.998274386 0.028544459 0.051316250 -146.002563477 0.030613471 0.998730898 0.039995585 4.084434509 -0.050109465 0.041497540 -0.997881234 -81.432731628
-0.998158574 0.028783822 0.053394627 -146.000564575 0.030946394 0.998715341 0.040126983 4.080873966 -0.052171025 0.041705459 -0.997766852 -81.454666138
-0.998066247 0.028060365 0.055466089 -145.999649048 0.030287629 0.998751342 0.039731257 4.077073097 -0.054281943 0.041334357 -0.997669697 -81.470535278
-0.998045743 0.027883317 0.055921998 -145.989440918 0.030128175 0.998757005 0.039709684 4.082154274 -0.054745246 0.041316912 -0.997645080 -81.482505798
-0.998056710 0.027833760 0.055750020 -145.992889404 0.030082973 0.998749971 0.039920207 4.078061581 -0.054569189 0.041519757 -0.997646272 -81.479286194
-0.998028159 0.028672174 0.055836301 -145.995727539 0.030884240 0.998755395 0.039165497 4.078780651 -0.054643843 0.040812727 -0.997671425 -81.471183777
-0.998010933 0.029150415 0.055895977 -145.992935181 0.031293571 0.998793125 0.037857842 4.078411102 -0.054724932 0.039531723 -0.997718513 -81.464668274
-0.998055756 0.028708758 0.055320639 -145.987533569 0.030803295 0.998825967 0.037388705 4.078227997 -0.054182302 0.039020073 -0.997768283 -81.463005066
-0.998029828 0.028824735 0.055727422 -145.985565186 0.030951211 0.998810410 0.037679732 4.083304405 -0.054575019 0.039330326 -0.997734725 -81.480796814
-0.998057485 0.028874991 0.055205628 -145.968734741 0.030941961 0.998837709 0.036960483 4.088218689 -0.054074209 0.038596861 -0.997790575 -81.487365723
-0.998063564 0.028663907 0.055205490 -145.972686768 0.030750720 0.998829842 0.037329912 4.080419540 -0.054070853 0.038955230 -0.997776866 -81.484169006
-0.998035967 0.028679581 0.055692319 -145.981674194 0.030819030 0.998804510 0.037944388 4.075530052 -0.054537497 0.039586242 -0.997726619 -81.488075256
-0.998027086 0.028792331 0.055794150 -145.988098145 0.030926337 0.998807847 0.037769545 4.071866035 -0.054640155 0.039420534 -0.997727633 -81.481475830
-0.998012304 0.028729627 0.056089759 -145.994918823 0.030872425 0.998811483 0.037717883 4.073543549 -0.054939467 0.039374538 -0.997713029 -81.485031128
-0.998001575 0.028843090 0.056222189 -145.997543335 0.031014416 0.998791218 0.038138323 4.069286823 -0.055054180 0.039805803 -0.997689545 -81.486442566
-0.997986257 0.028965991 0.056431282 -145.997848511 0.031125184 0.998801827 0.037766747 4.074399948 -0.055269714 0.039447121 -0.997691870 -81.484863281
-0.997990847 0.028988903 0.056337748 -145.991302490 0.031146539 0.998799741 0.037805155 4.073220253 -0.055174179 0.039483920 -0.997695744 -81.474327087
-0.997978687 0.028913861 0.056591444 -145.996383667 0.031057330 0.998818815 0.037370455 4.080501556 -0.055444062 0.039052490 -0.997697771 -81.472663879
-0.997974336 0.028994661 0.056627072 -145.993118286 0.031146228 0.998811603 0.037489764 4.079924583 -0.055472758 0.039177537 -0.997691214 -81.469657898
-0.997971892 0.029232306 0.056548074 -145.990234375 0.031384334 0.998801947 0.037550490 4.080254555 -0.055382609 0.039249055 -0.997693360 -81.471145630
-0.997959435 0.028949535 0.056910798 -145.996002197 0.031105615 0.998817265 0.037371766 4.082612038 -0.055761587 0.039065748 -0.997679532 -81.477195740
-0.997985005 0.029228235 0.056316346 -145.980743408 0.031369761 0.998803258 0.037525564 4.081699848 -0.055152137 0.039216578 -0.997707427 -81.476737976
-0.997940361 0.029247433 0.057093475 -145.991302490 0.031409260 0.998808920 0.037341818 4.083849430 -0.055933300 0.039058171 -0.997670174 -81.479194641
-0.997919977 0.029515006 0.057311349 -145.990890503 0.031699054 0.998790741 0.037580859 4.078579903 -0.056132827 0.039319403 -0.997648716 -81.479278564
-0.997903347 0.029579313 0.057567287 -145.986328125 0.031770274 0.998790622 0.037523419 4.080632210 -0.056387745 0.039273676 -0.997636080 -81.480728149
-0.997868001 0.029678399 0.058126617 -145.989181519 0.031885285 0.998791039 0.037414763 4.080960751 -0.056945920 0.039188381 -0.997607768 -81.478790283
-0.997837007 0.029801061 0.058593925 -145.990814209 0.032014582 0.998794556 0.037208587 4.081397057 -0.057414431 0.039003961 -0.997588158 -81.476936340
-0.997821033 0.030129563 0.058697313 -145.987762451 0.032364581 0.998772264 0.037505854 4.078510761 -0.057495207 0.039323837 -0.997570932 -81.472145081
-0.997825682 0.029878344 0.058746539 -145.988784790 0.032114945 0.998780429 0.037503809 4.077307224 -0.057554327 0.039308902 -0.997568130 -81.469421387
-0.997812450 0.030180747 0.058818076 -145.989715576 0.032408029 0.998778939 0.037288595 4.081505299 -0.057620838 0.039113201 -0.997572005 -81.472991943
-0.997788727 0.030303266 0.059155390 -145.992416382 0.032554545 0.998767376 0.037471559 4.079178333 -0.057946946 0.039314475 -0.997545183 -81.470863342
-0.997763336 0.030304644 0.059581280 -145.997680664 0.032574944 0.998765171 0.037509520 4.078047276 -0.058370996 0.039366480 -0.997518420 -81.473976135
-0.997756004 0.030568931 0.059569344 -145.996200562 0.032843862 0.998753369 0.037592269 4.076352119 -0.058345918 0.039464392 -0.997516036 -81.472023010
-0.997761965 0.030361516 0.059576266 -145.988357544 0.032644883 0.998754501 0.037735287 4.072199821 -0.058356360 0.039595693 -0.997510195 -81.470863342
-0.997808337 0.030493321 0.058726043 -145.966964722 0.032733634 0.998757720 0.037572082 4.077302456 -0.057507381 0.039412051 -0.997566760 -81.465782166
-0.997761667 0.030617790 0.059449688 -145.978378296 0.032890283 0.998750389 0.037630770 4.077131271 -0.058223221 0.039501850 -0.997521639 -81.472389221
-0.997757018 0.030565707 0.059553899 -145.985137939 0.032846514 0.998749137 0.037703171 4.075366497 -0.058326967 0.039574739 -0.997512758 -81.461860657
-0.997740269 0.030365082 0.059936319 -145.990661621 0.032676518 0.998744547 0.037968874 4.071543217 -0.058708124 0.039841581 -0.997479737 -81.470726013
-0.997727811 0.030589346 0.060030315 -145.991149902 0.032893296 0.998744786 0.037774444 4.072629452 -0.058799453 0.039663199 -0.997481525 -81.464477539
-0.997729957 0.030453442 0.060062651 -145.988082886 0.032754581 0.998751938 0.037707232 4.076721191 -0.058839362 0.039588958 -0.997482061 -81.465080261
-0.997714102 0.030589290 0.060256675 -145.986907959 0.032900687 0.998745620 0.037747879 4.074825287 -0.059026401 0.039644070 -0.997468829 -81.466011047
-0.997710884 0.030618804 0.060294576 -145.982757568 0.032922633 0.998750746 0.037594110 4.077446461 -0.059068155 0.039493106 -0.997472405 -81.471145630
-0.997709155 0.030812457 0.060224593 -145.980407715 0.033107720 0.998748362 0.037492726 4.080124855 -0.058993962 0.039400734 -0.997480392 -81.472015381
-0.997697473 0.030799631 0.060424466 -145.981689453 0.033099603 0.998750627 0.037439212 4.081316948 -0.059195854 0.039353032 -0.997470319 -81.472496033
-0.997696936 0.030834140 0.060415842 -145.983856201 0.033133920 0.998749435 0.037441026 4.081807613 -0.059185822 0.039356608 -0.997470796 -81.471138000
-0.997710049 0.030871902 0.060179681 -145.973785400 0.033171728 0.998742223 0.037599031 4.078740120 -0.058943219 0.039509196 -0.997479081 -81.477439880
-0.997713268 0.030919932 0.060101122 -145.971130371 0.033203688 0.998749435 0.037378546 4.081679821 -0.058870211 0.039288651 -0.997492135 -81.477378845
-0.997705519 0.030696077 0.060345713 -145.976821899 0.033003043 0.998747349 0.037611552 4.077288151 -0.059115574 0.039516840 -0.997468650 -81.475486755
-0.997695923 0.030921975 0.060388125 -145.980056763 0.033228390 0.998741448 0.037569810 4.079513073 -0.059150383 0.039489832 -0.997467577 -81.471656799
-0.997687280 0.030907623 0.060538888 -145.983840942 0.033224583 0.998738706 0.037646979 4.077261925 -0.059298936 0.039571293 -0.997455597 -81.470596313
-0.997696161 0.030811248 0.060441393 -145.979690552 0.033120144 0.998744726 0.037578125 4.078890324 -0.059207685 0.039493371 -0.997464120 -81.472328186
-0.997695684 0.030844353 0.060430348 -145.982666016 0.033156663 0.998741031 0.037642393 4.076609612 -0.059193213 0.039559323 -0.997462332 -81.471153259
-0.997688890 0.030845085 0.060544111 -145.982070923 0.033161975 0.998740852 0.037643369 4.076993465 -0.059306752 0.039564125 -0.997455418 -81.472702026
-0.997667074 0.030744001 0.060951222 -145.991897583 0.033073217 0.998746097 0.037581086 4.078844070 -0.059719402 0.039509270 -0.997432947 -81.470466614
-0.997680008 0.030894665 0.060663991 -145.985687256 0.033210959 0.998742700 0.037552573 4.078414917 -0.059427537 0.039480157 -0.997451544 -81.469383240
-0.997674286 0.030767616 0.060822714 -145.990264893 0.033092842 0.998744845 0.037599035 4.078186989 -0.059589539 0.039524384 -0.997440100 -81.465431213
-0.997607410 0.030801488 0.061893173 -145.991180420 0.033154551 0.998751938 0.037357729 4.080141068 -0.060665227 0.039320379 -0.997383296 -81.474723816
-0.997482955 0.030490104 0.064015456 -145.985992432 0.032895673 0.998778701 0.036866315 4.078372002 -0.062813200 0.038879354 -0.997267663 -81.473434448
-0.997348309 0.030031286 0.066290997 -145.994918823 0.032491475 0.998810768 0.036351137 4.082382679 -0.065120481 0.038408637 -0.997137845 -81.484611511
-0.997168541 0.029214544 0.069291890 -145.984893799 0.031791747 0.998832047 0.036386840 4.077604294 -0.068147920 0.038486723 -0.996932566 -81.491035461
-0.996797383 0.029571299 0.074301057 -145.981338501 0.032314055 0.998829722 0.035987068 4.083242416 -0.073149905 0.038272787 -0.996586263 -81.506240845
-0.996377826 0.029520432 0.079748623 -145.964904785 0.032461572 0.998830259 0.035838746 4.083542824 -0.078597359 0.038297694 -0.996170461 -81.534454346
-0.995887041 0.029064931 0.085814968 -145.950454712 0.032252878 0.998831332 0.035999104 4.082069397 -0.084668346 0.038618822 -0.995660424 -81.557983398
-0.995220184 0.028487068 0.093409821 -145.930786133 0.031978030 0.998836756 0.036090907 4.077402115 -0.092273027 0.038905457 -0.994973361 -81.594665527
-0.994349778 0.028209271 0.102336839 -145.918838501 0.032038521 0.998839259 0.035969187 4.074202538 -0.101203367 0.039044663 -0.994099200 -81.617141724
-0.993329406 0.027862256 0.111894555 -145.902694702 0.032006424 0.998860180 0.035412151 4.082178593 -0.110780314 0.038757272 -0.993088841 -81.651733398
-0.992120147 0.026966263 0.122353822 -145.888015747 0.031523757 0.998873651 0.035466619 4.078948498 -0.121259585 0.039044198 -0.991852582 -81.688865662
-0.990491390 0.027382180 0.134821787 -145.886856079 0.032473024 0.998834670 0.035706319 4.071621418 -0.133686945 0.039744873 -0.990226269 -81.714172363
-0.988807857 0.026429368 0.146835074 -145.850357056 0.031921975 0.998871148 0.035176709 4.075378895 -0.145739630 0.039470274 -0.988535345 -81.752548218
-0.986516893 0.026154280 0.161556140 -145.835006714 0.032035206 0.998911500 0.033904366 4.080308437 -0.160493568 0.038622711 -0.986280978 -81.807228088
-0.983792007 0.025408916 0.177504078 -145.804855347 0.031517226 0.999001086 0.031677388 4.080196381 -0.176521882 0.036758397 -0.983610094 -81.871025085
-0.980554163 0.024331754 0.194734529 -145.771408081 0.030581059 0.999107122 0.029149203 4.084527016 -0.193851426 0.034537554 -0.980422795 -81.951446533
-0.976824284 0.022903137 0.212814182 -145.737915039 0.029514249 0.999173820 0.027939970 4.086553097 -0.211998448 0.033573490 -0.976693153 -82.043586731
-0.972835660 0.022033446 0.230445758 -145.681152344 0.029354429 0.999165893 0.028388318 4.091330051 -0.229628056 0.034381773 -0.972670972 -82.151542664
-0.968156755 0.022836771 0.249301195 -145.627120972 0.031177264 0.999076784 0.029557781 4.090382099 -0.248395994 0.036389090 -0.967974842 -82.285430908
-0.962503195 0.023647854 0.270237863 -145.569869995 0.033022720 0.998998404 0.030196762 4.095716476 -0.269253075 0.037988469 -0.962319970 -82.424720764
-0.955936611 0.022149000 0.292736501 -145.502548218 0.032728050 0.998974442 0.031289779 4.099184513 -0.291743279 0.039491743 -0.955681086 -82.574928284
-0.948659003 0.019391222 0.315705687 -145.414978027 0.031727929 0.998918712 0.033983331 4.097747326 -0.314705312 0.042255286 -0.948248386 -82.729652405
-0.940697849 0.018657474 0.338732123 -145.318099976 0.032642517 0.998831630 0.035636056 4.098842621 -0.337671459 0.044579830 -0.940207720 -82.883872986
-0.931372941 0.019415801 0.363548636 -145.238327026 0.034972336 0.998730302 0.036256865 4.099027634 -0.362383127 0.046482801 -0.930869401 -83.040344238
-0.920968354 0.019648742 0.389141649 -145.122070312 0.037445236 0.998568177 0.038200147 4.099321842 -0.387833953 0.049752619 -0.920385540 -83.213241577
-0.908307433 0.019012677 0.417870969 -145.034683228 0.039444204 0.998408318 0.040311620 4.106819630 -0.416439384 0.053097926 -0.907611609 -83.373733521
-0.893413961 0.018479226 0.448853999 -144.907684326 0.041209005 0.998312116 0.040923476 4.111620426 -0.447340161 0.055058427 -0.892667592 -83.566162109
-0.875597119 0.018644674 0.482682407 -144.769348145 0.042836390 0.998314977 0.039144084 4.115725040 -0.481139243 0.054950815 -0.874920249 -83.761383057
-0.854726493 0.017574172 0.518781066 -144.615066528 0.042484239 0.998442173 0.036172502 4.122903347 -0.517337084 0.052957617 -0.854141533 -83.955032349
-0.830747664 0.014052391 0.556471765 -144.449615479 0.039605591 0.998639882 0.033908226 4.114296913 -0.555238366 0.050208580 -0.830174267 -84.137756348
-0.802659392 0.013061997 0.596294641 -144.252426147 0.039948661 0.998692513 0.031897396 4.109504700 -0.595098257 0.049423922 -0.802131712 -84.343490601
-0.769700348 0.016586639 0.638189793 -144.026260376 0.044863161 0.998596370 0.028154373 4.110640526 -0.636826932 0.050301641 -0.769364119 -84.584945679
-0.734077334 0.020874159 0.678745091 -143.763992310 0.048988059 0.998551071 0.022272127 4.131657600 -0.677296638 0.049599867 -0.734036207 -84.834411621
-0.696529746 0.022517512 0.717174590 -143.468124390 0.049921501 0.998606324 0.017130665 4.149930477 -0.715789199 0.047734447 -0.696683049 -85.089721680
-0.658131838 0.021932330 0.752583206 -143.104919434 0.050259329 0.998625875 0.014848945 4.154591084 -0.751223326 0.047596890 -0.658329785 -85.354446411
-0.618612349 0.022434404 0.785375953 -142.680694580 0.051038697 0.998628438 0.011675347 4.181699753 -0.784036756 0.047307074 -0.618909001 -85.615280151
-0.574909508 0.021192562 0.817942500 -142.262908936 0.052723244 0.998546541 0.011185804 4.193611622 -0.816516519 0.049555413 -0.575191259 -85.884811401
-0.530019164 0.017521871 0.847804785 -141.800338745 0.053093914 0.998510540 0.012555975 4.197209358 -0.846321940 0.051668175 -0.530159891 -86.135658264
-0.482389301 0.013411459 0.875854313 -141.320205688 0.055331942 0.998352468 0.015187653 4.202760220 -0.874207616 0.055789072 -0.482336611 -86.375572205
-0.434656262 0.009634382 0.900544882 -140.785827637 0.060395207 0.998003542 0.018473269 4.200531960 -0.898569047 0.062418118 -0.434370369 -86.590240479
-0.383993864 0.006240115 0.923314512 -140.231430054 0.064512588 0.997714758 0.020086966 4.206476212 -0.921079159 0.067278691 -0.383518934 -86.801376343
-0.333128631 0.001802874 0.942879677 -139.640289307 0.065991975 0.997590423 0.021408128 4.214222431 -0.940569162 0.069354139 -0.332444936 -86.985534668
-0.283479184 -0.001919765 0.958976448 -139.042984009 0.068860479 0.997375846 0.022352209 4.219703674 -0.956502914 0.072371967 -0.282603085 -87.127189636
-0.233847588 -0.004145713 0.972264409 -138.401367188 0.070174463 0.997310877 0.021130763 4.235213280 -0.969737589 0.073169507 -0.232927784 -87.264839172
-0.188320786 -0.003967480 0.982099533 -137.752883911 0.073919050 0.997098029 0.018202284 4.234594822 -0.979321837 0.076023735 -0.187480956 -87.369148254
-0.148492843 -0.002842672 0.988909423 -137.054748535 0.074087448 0.997153580 0.013991211 4.245864868 -0.986134231 0.075343378 -0.147859573 -87.457672119
-0.114606954 -0.002622238 0.993407547 -136.338272095 0.072397605 0.997315347 0.010984888 4.248322487 -0.990769327 0.073179282 -0.114109434 -87.517150879
-0.087105840 -0.000463407 0.996199012 -135.598785400 0.071067080 0.997449279 0.006677967 4.252390385 -0.993660867 0.071378648 -0.086850710 -87.562950134
-0.065576307 0.001597233 0.997846305 -134.820968628 0.071182676 0.997458458 0.003081359 4.256504059 -0.995305359 0.071231425 -0.065523349 -87.611022949
-0.047995560 0.002247673 0.998845041 -134.026840210 0.071648233 0.997429192 0.001198287 4.256834984 -0.996274531 0.071622990 -0.048033226 -87.646636963
-0.033466849 0.003127656 0.999435008 -133.203430176 0.072944976 0.997335732 -0.000678468 4.249914646 -0.996774375 0.072881058 -0.033605836 -87.665565491
-0.019102599 0.005496772 0.999802351 -132.361679077 0.074727297 0.997195721 -0.004054675 4.242413998 -0.997021019 0.074635066 -0.019459790 -87.682846069
-0.004177558 0.008880504 0.999951839 -131.502288818 0.075980403 0.997072697 -0.008537509 4.230202198 -0.997100651 0.075941086 -0.004840071 -87.686164856
0.010114710 0.011760921 0.999879658 -130.640350342 0.075543217 0.997064233 -0.012491996 4.216256618 -0.997091234 0.075660482 0.009196564 -87.665725708
0.022010805 0.012213264 0.999683142 -129.732299805 0.072080590 0.997303724 -0.013771245 4.195137024 -0.997155845 0.072360866 0.021071114 -87.631568909
0.031587314 0.012012816 0.999428749 -128.806549072 0.067716137 0.997604489 -0.014131083 4.176726818 -0.997204483 0.068123810 0.030698190 -87.595069885
0.036876433 0.012030554 0.999247372 -127.858955383 0.062882841 0.997917950 -0.014335189 4.151279926 -0.997339368 0.063364170 0.036043145 -87.546401978
0.038919672 0.012523470 0.999163806 -126.891311646 0.060275208 0.998071194 -0.014857628 4.130928993 -0.997422755 0.060803067 0.038089756 -87.496582031
0.039383266 0.011139047 0.999162078 -125.895408630 0.059488595 0.998138070 -0.013472450 4.108473301 -0.997451782 0.059969358 0.038647294 -87.449867249
0.040658996 0.010110935 0.999121845 -124.893844604 0.060115632 0.998112500 -0.012547106 4.088046551 -0.997362971 0.060572997 0.039974418 -87.401641846
0.044136457 0.010145418 0.998974025 -123.847579956 0.060502570 0.998085797 -0.012809509 4.074373722 -0.997191787 0.061005861 0.043438151 -87.363792419
0.048059478 0.009498655 0.998799324 -122.799598694 0.061248399 0.998045027 -0.012438584 4.052546978 -0.996964812 0.061772648 0.047383741 -87.307380676
0.052827425 0.010351567 0.998549879 -121.739433289 0.060915604 0.998050630 -0.013569079 4.035889149 -0.996743977 0.061544094 0.052093878 -87.246994019
0.057655118 0.010802738 0.998278022 -120.644859314 0.060810652 0.998046696 -0.014312331 4.016225815 -0.996482849 0.061531123 0.056885585 -87.187965393
0.062003806 0.010348085 0.998022258 -119.555221558 0.059300121 0.998141527 -0.014033441 3.988304138 -0.996312737 0.060052972 0.061274935 -87.103683472
0.067221075 0.007626878 0.997709095 -118.446365356 0.060332812 0.998109818 -0.011694893 3.959931612 -0.995912254 0.060980733 0.066633873 -87.031768799
0.072639838 0.003534842 0.997352004 -117.299308777 0.061909784 0.998049259 -0.008046370 3.937688112 -0.995434880 0.062330332 0.072279289 -86.955978394
0.076618277 0.001465665 0.997059464 -116.167198181 0.061763473 0.998071611 -0.006213321 3.915300131 -0.995145619 0.062057912 0.076379992 -86.864334106
0.078060605 0.001595673 0.996947408 -115.011123657 0.062205728 0.998042285 -0.006468114 3.892221212 -0.995005965 0.062520735 0.077808551 -86.763977051
0.078615107 0.003895634 0.996897519 -113.838417053 0.060142510 0.998152196 -0.008643363 3.875791788 -0.995089173 0.060635403 0.078235574 -86.674247742
0.076703146 0.004229654 0.997045100 -112.643737793 0.060421728 0.998133361 -0.008882543 3.855109453 -0.995221496 0.060924500 0.076304421 -86.570899963
0.075654469 0.001423678 0.997133076 -111.457191467 0.061515357 0.998087466 -0.006092336 3.820506811 -0.995234787 0.061799921 0.075422220 -86.478134155
0.075508647 -0.000578234 0.997144997 -110.245498657 0.062649824 0.998026907 -0.004165403 3.799979925 -0.995175123 0.062785476 0.075395897 -86.393806458
0.074982055 -0.002330028 0.997182190 -109.045295715 0.064504184 0.997914255 -0.002518586 3.772112608 -0.995096445 0.064511262 0.074975975 -86.310852051
0.073744923 -0.002990942 0.997272611 -107.866828918 0.064193994 0.997935832 -0.001753993 3.748427153 -0.995208919 0.064148270 0.073784702 -86.204933167
0.073726766 -0.002751088 0.997274697 -106.673217773 0.064083554 0.997942448 -0.001984654 3.730200768 -0.995217383 0.064055234 0.073751383 -86.124008179
0.072310202 -0.001834201 0.997380495 -105.496032715 0.063795418 0.997959077 -0.002789909 3.694301367 -0.995339870 0.063830048 0.072279632 -86.022064209
0.071693607 0.000580491 0.997426569 -104.305892944 0.063925624 0.997941136 -0.005175672 3.672374725 -0.995376110 0.064132184 0.071508899 -85.934516907
0.071207039 0.000797742 0.997461200 -103.119079590 0.063405402 0.997973621 -0.005324554 3.646457672 -0.995444238 0.063623577 0.071012169 -85.842201233
0.070863143 -0.001122860 0.997485399 -101.919364929 0.062804841 0.998020172 -0.003338306 3.625799894 -0.995506883 0.062883474 0.070793375 -85.759307861
0.070367545 -0.003243227 0.997515798 -100.732978821 0.063550077 0.997977793 -0.001238268 3.598500490 -0.995494843 0.063479349 0.070431352 -85.676971436
0.069919534 -0.001531173 0.997551441 -99.557449341 0.062179994 0.998060942 -0.002826312 3.578793287 -0.995612860 0.062225360 0.069879152 -85.589447021
0.069783792 0.000142422 0.997562110 -98.372016907 0.062762022 0.998018205 -0.004532962 3.550528288 -0.995585859 0.062925339 0.069636546 -85.507270813
0.069361351 0.002126735 0.997589290 -97.199378967 0.062996231 0.997992575 -0.006507657 3.523546934 -0.995600522 0.063295752 0.069088131 -85.422737122
0.068801448 -0.000538676 0.997630239 -96.014846802 0.061669916 0.998089671 -0.003714135 3.492449522 -0.995722473 0.061779317 0.068703227 -85.337509155
0.068270281 -0.003826166 0.997659504 -94.833030701 0.060522892 0.998166740 -0.000313498 3.466894388 -0.995829344 0.060402639 0.068376698 -85.249725342
0.068038434 -0.006404118 0.997662127 -93.647750854 0.058872607 0.998262584 0.002392987 3.442247391 -0.995944142 0.058572151 0.068297267 -85.172599792
0.067368515 -0.004255414 0.997719109 -92.474700928 0.056302343 0.998413682 0.000456702 3.428005695 -0.996138275 0.056143150 0.067501232 -85.080703735
0.066849396 -0.003072382 0.997758269 -91.346557617 0.055071022 0.998482227 -0.000615125 3.400569201 -0.996242046 0.054988697 0.066917136 -84.992042542
0.067185052 -0.002619589 0.997737050 -90.193855286 0.054938324 0.998489082 -0.001077843 3.378200531 -0.996226847 0.054886419 0.067227460 -84.915145874
0.066712856 -0.003473170 0.997766197 -89.026901245 0.054039177 0.998538971 -0.000137322 3.355879545 -0.996307731 0.053927626 0.066803060 -84.830055237
0.066505007 -0.004740200 0.997774839 -87.857925415 0.055452436 0.998460889 0.001047369 3.334870338 -0.996244013 0.055259395 0.066665500 -84.749641418
0.066241935 -0.004848868 0.997791827 -86.729087830 0.055930361 0.998434126 0.001138854 3.304888964 -0.996234715 0.055731427 0.066409409 -84.665878296
0.066209413 -0.002665759 0.997802198 -85.571571350 0.058247890 0.998301446 -0.001197960 3.285705328 -0.996104121 0.058199186 0.066252232 -84.595649719
0.066702679 -0.001349141 0.997772038 -84.431900024 0.060802553 0.998146117 -0.002715104 3.265565157 -0.995918512 0.060848184 0.066661052 -84.518959045
0.068073764 -0.001946336 0.997678399 -83.292304993 0.062984742 0.998011708 -0.002350598 3.240434170 -0.995690167 0.062998518 0.068061002 -84.437057495
0.071206756 -0.003035541 0.997456908 -82.157524109 0.063387975 0.997987747 -0.001488000 3.219085217 -0.995445430 0.063332729 0.071255885 -84.356643677
0.074942991 -0.004149450 0.997179210 -81.035766602 0.064601555 0.997910798 -0.000702632 3.191147327 -0.995093048 0.064471990 0.075054482 -84.281143188
0.077037841 -0.004427915 0.997018337 -79.901145935 0.062322676 0.998055995 -0.000383040 3.176121712 -0.995078385 0.062166363 0.077164046 -84.178672791
0.079605654 -0.003402672 0.996820629 -78.771179199 0.059686683 0.998216331 -0.001359116 3.150743723 -0.995037854 0.059605110 0.079666756 -84.076454163
0.082255393 -0.001828096 0.996609569 -77.648086548 0.058622710 0.998275638 -0.003007287 3.125373363 -0.994885623 0.058671318 0.082220733 -83.973388672
0.084846340 -0.001661985 0.996392608 -76.528175354 0.057070378 0.998365045 -0.003194470 3.100436449 -0.994758248 0.057135545 0.084802471 -83.871322632
0.086832806 -0.002619981 0.996219516 -75.409172058 0.056735571 0.998386562 -0.002319525 3.080525637 -0.994605958 0.056722488 0.086841360 -83.771896362
0.088587396 -0.003623267 0.996061862 -74.299812317 0.056682896 0.998391211 -0.001409502 3.055343390 -0.994454265 0.056584537 0.088650241 -83.670806885
0.090172634 -0.004429818 0.995916367 -73.193702698 0.057042528 0.998371482 -0.000724028 3.031138420 -0.994291246 0.056874879 0.090278476 -83.565116882
0.091247864 -0.005563356 0.995812595 -72.086555481 0.056877799 0.998381019 0.000365905 3.006819248 -0.994202614 0.056606248 0.091416568 -83.461570740
0.092461586 -0.005737205 0.995699704 -70.983428955 0.054676950 0.998503804 0.000676011 2.986069679 -0.994213939 0.054379318 0.092636935 -83.360099792
0.092246756 -0.005690806 0.995719910 -69.890968323 0.053782336 0.998552442 0.000724422 2.967494249 -0.994282663 0.053485319 0.092419282 -83.252006531
0.091386780 -0.004973265 0.995802999 -68.777976990 0.051930536 0.998650730 0.000221719 2.946306944 -0.994460523 0.051692326 0.091521755 -83.146629333
0.090346031 -0.004680868 0.995899498 -67.679100037 0.051360808 0.998680234 0.000034586 2.929610014 -0.994585276 0.051147081 0.090467200 -83.046562195
0.088397846 -0.005214077 0.996071577 -66.591003418 0.052312925 0.998630583 0.000584885 2.904642582 -0.994710624 0.052055717 0.088549562 -82.943954468
0.086361937 -0.004820090 0.996252120 -65.499160767 0.055550829 0.998455942 0.000015228 2.889084339 -0.994713962 0.055341318 0.086496338 -82.852775574
0.084145591 -0.003363986 0.996447742 -64.404769897 0.058315102 0.998297036 -0.001554222 2.870674133 -0.994745612 0.058238745 0.084198467 -82.761627197
0.082287580 -0.002269725 0.996606052 -63.318649292 0.060788911 0.998146892 -0.002745973 2.849322557 -0.994753003 0.060808554 0.082273073 -82.679069519
0.079456732 -0.002956184 0.996833920 -62.227787018 0.061885729 0.998081267 -0.001972973 2.826082468 -0.994915426 0.061846573 0.079487234 -82.582237244
0.077233881 -0.005110094 0.996999860 -61.154964447 0.063186564 0.998001695 0.000220401 2.803042173 -0.995008707 0.062979966 0.077402428 -82.499328613
0.074962370 -0.006623454 0.997164369 -60.060810089 0.061853312 0.998083353 0.001979701 2.780909061 -0.995266140 0.061529517 0.075228371 -82.413726807
0.072666004 -0.006356606 0.997336090 -58.992706299 0.060573883 0.998161852 0.001948449 2.765622377 -0.995515168 0.060270943 0.072917476 -82.328933716
0.070391066 -0.004588822 0.997508883 -57.919971466 0.058706913 0.998275161 0.000449585 2.748565197 -0.995790362 0.058529031 0.070539042 -82.245513916
0.068947904 -0.002059729 0.997618139 -56.836120605 0.058027204 0.998313069 -0.001949242 2.728333712 -0.995931208 0.058023404 0.068951115 -82.172126770
0.067138955 0.000790877 0.997743309 -55.770885468 0.056791522 0.998375416 -0.004612926 2.705576897 -0.996126056 0.056973070 0.066984959 -82.093513489
0.065560766 0.002981647 0.997844160 -54.705558777 0.058598701 0.998258173 -0.006832961 2.682737589 -0.996126413 0.058920350 0.065271862 -82.019309998
0.065032654 0.003426786 0.997877240 -53.623069763 0.058365479 0.998268962 -0.007231868 2.660315037 -0.996174812 0.058711894 0.064720087 -81.954475403
0.064406119 0.001498036 0.997922599 -52.549129486 0.059049726 0.998240888 -0.005309595 2.636545658 -0.996175230 0.059269026 0.064204365 -81.877456665
0.064358681 -0.001394038 0.997925758 -51.484523773 0.058621373 0.998277426 -0.002386107 2.602942467 -0.996203542 0.058653351 0.064329550 -81.808822632
0.064434603 -0.002615539 0.997918427 -50.413612366 0.056206111 0.998418629 -0.001012323 2.584297895 -0.996337831 0.056154352 0.064479724 -81.731689453
0.065291315 -0.004145589 0.997857571 -49.351150513 0.052482102 0.998621643 0.000714780 2.556099653 -0.996485174 0.052322999 0.065418884 -81.658317566
0.066101059 -0.003952059 0.997805119 -48.275562286 0.048152443 0.998839796 0.000766226 2.532066345 -0.996650398 0.047996107 0.066214681 -81.583610535
0.066348948 -0.002897692 0.997792304 -47.215332031 0.044393379 0.999014139 -0.000050731 2.519537210 -0.996808350 0.044298742 0.066412181 -81.498092651
0.066636778 -0.002354254 0.997774541 -46.166809082 0.041090775 0.999155402 -0.000386752 2.489331484 -0.996930718 0.041025098 0.066677228 -81.413497925
0.067219839 -0.001008919 0.997737765 -45.099655151 0.040389303 0.999182582 -0.001710738 2.468839169 -0.996920288 0.040412921 0.067205645 -81.338081360
0.067795500 0.000541602 0.997699082 -44.047595978 0.038575646 0.999250710 -0.003163729 2.445861578 -0.996953070 0.038701367 0.067723811 -81.258605957
0.068667471 0.001828299 0.997637928 -42.988056183 0.039630372 0.999204040 -0.004558928 2.428230524 -0.996852160 0.039849814 0.068540350 -81.186630249
0.069707319 -0.003335530 0.997561932 -41.911628723 0.043201700 0.999066412 0.000321726 2.409575462 -0.996631563 0.043073937 0.069786333 -81.121742249
0.070390545 -0.008783769 0.997480869 -40.854644775 0.045123208 0.998965681 0.005612577 2.388539076 -0.996498406 0.044614460 0.070714071 -81.046592712
0.071332946 -0.009631355 0.997406006 -39.800918579 0.047673792 0.998843491 0.006235680 2.371716261 -0.996312618 0.047105320 0.071709611 -80.967163086
0.072611772 -0.005453152 0.997345388 -38.741092682 0.049692683 0.998762786 0.001843026 2.359107018 -0.996121585 0.049426936 0.072792917 -80.894363403
0.073176250 -0.001908325 0.997317135 -37.714138031 0.050550114 0.998719931 -0.001798009 2.338629484 -0.996037126 0.050546072 0.073179036 -80.810295105
0.073331371 -0.000142055 0.997307539 -36.678474426 0.049183276 0.998783767 -0.003474150 2.319413662 -0.996094108 0.049305625 0.073249176 -80.727195740
0.073873065 0.000383964 0.997267485 -35.635768890 0.049295019 0.998776197 -0.004036098 2.299287796 -0.996048570 0.049458500 0.073763721 -80.650604248
0.074273966 0.000508866 0.997237742 -34.589202881 0.050486583 0.998715639 -0.004269845 2.273943186 -0.995959103 0.050664268 0.074152879 -80.570831299
0.074620225 0.002591327 0.997208655 -33.556850433 0.052624766 0.998592973 -0.006532787 2.252511978 -0.995822549 0.052965350 0.074378856 -80.500862122
0.074045546 0.005007374 0.997242272 -32.517276764 0.055294007 0.998428345 -0.009118923 2.215884447 -0.995720804 0.055816729 0.073652290 -80.413642883
0.072909385 0.005634171 0.997322619 -31.490465164 0.056861844 0.998333871 -0.009796775 2.191874504 -0.995716333 0.057423878 0.072467551 -80.334388733
0.072659440 0.003943635 0.997349024 -30.458204269 0.058473457 0.998255074 -0.008207160 2.167190075 -0.995641291 0.058914773 0.072302058 -80.259193420
0.071335010 -0.000689199 0.997452140 -29.427690506 0.060438808 0.998165190 -0.003632722 2.129515648 -0.995619595 0.060543958 0.071245775 -80.173294067
0.070277840 -0.001865773 0.997525632 -28.402437210 0.060785234 0.998147845 -0.002415515 2.108095884 -0.995673716 0.060804602 0.070261084 -80.099380493
0.069767937 -0.000561017 0.997563064 -27.383346558 0.059334610 0.998231649 -0.003588373 2.085821390 -0.995797098 0.059440371 0.069677845 -80.030578613
0.068314798 0.000887412 0.997663379 -26.376844406 0.057217032 0.998350203 -0.004805948 2.061392784 -0.996021748 0.057411667 0.068151310 -79.949356079
0.067031242 0.000500788 0.997750700 -25.329662323 0.056044906 0.998419106 -0.004266352 2.041268587 -0.996175587 0.056204837 0.066897191 -79.879135132
0.066378303 -0.001458012 0.997793496 -24.314424515 0.055756263 0.998441815 -0.002250232 2.018587351 -0.996235490 0.055782601 0.066356167 -79.816940308
0.065519892 -0.002401331 0.997848332 -23.304685593 0.055784866 0.998441994 -0.001260140 2.003341436 -0.996290803 0.055747401 0.065551758 -79.752426147
0.064146914 -0.002541555 0.997937262 -22.318334579 0.057213150 0.998361349 -0.001134997 1.972930789 -0.996299088 0.057167936 0.064187214 -79.672660828
0.063527063 -0.002346348 0.997977316 -21.302251816 0.057748672 0.998330235 -0.001328861 1.950771809 -0.996307909 0.057716288 0.063556500 -79.615013123
0.062830448 -0.001989777 0.998022199 -20.305692673 0.057339408 0.998353362 -0.001619360 1.934531689 -0.996375740 0.057327744 0.062841080 -79.551551819
0.062060997 -0.003650186 0.998065650 -19.340520859 0.055007543 0.998485923 0.000231284 1.911667109 -0.996555328 0.054886784 0.062167816 -79.481071472
0.061067123 -0.003801419 0.998126447 -18.381649017 0.053756375 0.998553932 0.000514138 1.891031861 -0.996685028 0.053624261 0.061183177 -79.415054321
0.060566790 -0.004448915 0.998154223 -17.426969528 0.053564079 0.998563766 0.001200538 1.869778156 -0.996725917 0.053392500 0.060718097 -79.359413147
0.060193229 -0.005763559 0.998170137 -16.488458633 0.052939281 0.998594463 0.002573582 1.852961183 -0.996781886 0.052687500 0.060413741 -79.301612854
0.060099348 -0.007403169 0.998164892 -15.589133263 0.051035292 0.998687446 0.004334217 1.829908729 -0.996886849 0.050681155 0.060398288 -79.237243652
0.060798377 -0.007850126 0.998119175 -14.709617615 0.051524233 0.998660624 0.004715892 1.807574391 -0.996819317 0.051140603 0.061121419 -79.181655884
0.063252732 -0.006132861 0.997978687 -13.853584290 0.051707435 0.998658240 0.002859775 1.798220038 -0.996657133 0.051422030 0.063484974 -79.124176025
0.066386320 -0.005663813 0.997777939 -13.009685516 0.051379111 0.998676777 0.002250446 1.774507403 -0.996470273 0.051115554 0.066589475 -79.064422607
0.070819244 -0.005889289 0.997471869 -12.188603401 0.049532633 0.998769641 0.002380197 1.754982471 -0.996258497 0.049238842 0.071023829 -79.002662659
0.074746296 -0.004976250 0.997190118 -11.391927719 0.047084618 0.998889923 0.001455414 1.739881754 -0.996090412 0.046843532 0.074897625 -78.925849915
0.080172211 -0.003433287 0.996775091 -10.623518944 0.047029629 0.998893499 -0.000342086 1.723689198 -0.995671034 0.046905391 0.080244958 -78.857490540
0.087020092 -0.002129902 0.996204436 -9.863202095 0.047813371 0.998854220 -0.002041010 1.703162551 -0.995058477 0.047809500 0.087022237 -78.786048889
0.096261919 -0.000629340 0.995355844 -9.124208450 0.050067980 0.998736918 -0.004210651 1.682754636 -0.994095981 0.050240785 0.096171856 -78.712600708
0.107103564 0.001174536 0.994247198 -8.422502518 0.051435623 0.998653710 -0.006720558 1.664900064 -0.992916465 0.051859524 0.106898978 -78.624389648
0.119199105 0.001471259 0.992869258 -7.720307350 0.050584845 0.998691201 -0.007552858 1.642787099 -0.991580963 0.051124431 0.118968673 -78.531715393
0.131819934 0.001754830 0.991272092 -7.050563335 0.050475415 0.998689294 -0.008480210 1.623264909 -0.989987791 0.051152728 0.131558582 -78.432266235
0.146150216 0.000893991 0.989262044 -6.402575016 0.051245812 0.998650134 -0.008473355 1.606489182 -0.987934232 0.051933911 0.145907119 -78.335372925
0.161334395 -0.001608435 0.986898482 -5.800801277 0.051681925 0.998640299 -0.006821193 1.577288032 -0.985545635 0.052105308 0.161198154 -78.225280762
0.177942038 -0.001786110 0.984039366 -5.222616673 0.050290752 0.998708129 -0.007281251 1.558617234 -0.982754946 0.050783720 0.177801967 -78.106895447
0.196619660 -0.000298822 0.980479777 -4.647145748 0.047013938 0.998852551 -0.009123479 1.540540218 -0.979351938 0.047890075 0.196408108 -77.973800659
0.216468543 0.000932174 0.976289213 -4.094118595 0.043487936 0.998997808 -0.010596255 1.520652771 -0.975320518 0.044750556 0.216211051 -77.824455261
0.237327635 0.000553727 0.971429586 -3.552759647 0.043711167 0.998980939 -0.011248405 1.508240461 -0.970445693 0.045131885 0.237061590 -77.666519165
0.259568453 -0.000534012 0.965724587 -3.026119947 0.042332787 0.999044955 -0.010825809 1.481449842 -0.964796424 0.043691847 0.259343088 -77.514549255
0.283169597 -0.000652930 0.959069729 -2.501040220 0.040584534 0.999112189 -0.011302575 1.462956905 -0.958210766 0.042123936 0.282944739 -77.339279175
0.309050441 -0.000002426 0.951045692 -2.001843452 0.039073840 0.999155700 -0.012694827 1.442420125 -0.950242639 0.041084345 0.308789611 -77.153198242
0.337675244 0.002197408 0.941260159 -1.534196019 0.037269730 0.999181926 -0.015703075 1.422531843 -0.940524518 0.040383056 0.337317079 -76.951217651
0.370303899 0.004813790 0.928898156 -1.063477755 0.037481021 0.999094844 -0.020119324 1.403453112 -0.928154171 0.042266320 0.369788319 -76.738723755
0.405887693 0.005857728 0.913904071 -0.659274518 0.037647575 0.999023497 -0.023123540 1.385455608 -0.913147211 0.043791842 0.405270785 -76.541046143
0.445234418 0.003380480 0.895407557 -0.217176795 0.040631842 0.998886526 -0.023975017 1.366528034 -0.894491673 0.047056571 0.444601238 -76.294189453
0.488657892 -0.001040781 0.872474790 0.176774636 0.041904401 0.998873234 -0.022278359 1.338423967 -0.871468544 0.047447033 0.488150865 -76.041633606
0.533292174 -0.002172881 0.845928311 0.569579124 0.038417287 0.999027252 -0.021652976 1.314623594 -0.845058322 0.044045642 0.532856822 -75.761657715
0.576785624 0.000536125 0.816895306 0.951558828 0.032372717 0.999199271 -0.023513183 1.295131445 -0.816253781 0.040007196 0.576306403 -75.457649231
0.619037330 0.003363103 0.785354316 1.288473606 0.027995201 0.999260843 -0.026345676 1.269744277 -0.784862399 0.038295116 0.618485570 -75.156074524
0.660105944 0.002908414 0.751166940 1.621921182 0.029508663 0.999120235 -0.029799901 1.250330091 -0.750592709 0.041837022 0.659439147 -74.837112427
0.699124098 0.000535761 0.715000153 1.946383834 0.032103870 0.998967707 -0.032139577 1.229728460 -0.714279294 0.045423821 0.698385119 -74.501998901
0.735873282 0.002768602 0.677113593 2.253739357 0.025684791 0.999157846 -0.031999100 1.219732404 -0.676631808 0.040938806 0.735182464 -74.140403748
0.770098686 0.007305523 0.637882888 2.528172016 0.015046246 0.999448240 -0.029611377 1.188390493 -0.637747228 0.032401428 0.769563913 -73.756370544
0.803256750 0.010312147 0.595543802 2.800408602 0.007480701 0.999596596 -0.027398337 1.177004457 -0.595586121 0.026462985 0.802855551 -73.359191895
0.834036589 0.004942684 0.551687062 3.056221962 0.007574047 0.999763072 -0.020407492 1.145862460 -0.551657200 0.021199100 0.833801508 -72.955421448
0.858162761 0.000959746 0.513376772 3.194082975 0.007458614 0.999869406 -0.014337080 1.141889215 -0.513323486 0.016132629 0.858043551 -72.521881104
0.883243859 0.000680557 0.468913466 3.384553909 0.003445068 0.999962568 -0.007940413 1.127361417 -0.468901336 0.008628761 0.883208454 -72.086105347
0.905378461 0.009003309 0.424510062 3.527812243 -0.008871303 0.999957979 -0.002287447 1.119225025 -0.424512863 -0.001694953 0.905420303 -71.629829407
0.925560713 0.011386361 0.378427774 3.680553436 -0.012385111 0.999923289 0.000205292 1.104783893 -0.378396451 -0.004876877 0.925630748 -71.167579651
0.943109989 0.012138161 0.332259238 3.796154499 -0.012603871 0.999920249 -0.000753495 1.090364814 -0.332241923 -0.003477125 0.943187773 -70.738960266
0.956969559 0.011702398 0.289952278 3.905466795 -0.011592147 0.999930620 -0.002097775 1.083282709 -0.289956719 -0.001353663 0.957038820 -70.276351929
0.967834234 0.012484211 0.251278877 3.995893478 -0.012285338 0.999921739 -0.002360181 1.076330304 -0.251288682 -0.000802783 0.967911839 -69.800559998
0.976342499 0.018508680 0.215436429 4.059429646 -0.018386571 0.999827623 -0.002571055 1.076051712 -0.215446889 -0.001450908 0.976514518 -69.321449280
0.983059704 0.024138995 0.181689054 4.122336864 -0.024052367 0.999707162 -0.002680470 1.068013906 -0.181700543 -0.001734991 0.983352423 -68.825424194
0.987754107 0.025712980 0.153885439 4.177354813 -0.025603469 0.999668479 -0.002693745 1.060616851 -0.153903693 -0.001279243 0.988085032 -68.348335266
0.990852296 0.026854737 0.132252038 4.221697330 -0.026925439 0.999636650 -0.001254006 1.051865697 -0.132237658 -0.002318410 0.991215348 -67.834648132
0.993393898 0.026898442 0.111557253 4.261209011 -0.027088705 0.999632955 0.000189915 1.042122722 -0.111511186 -0.003210602 0.993758023 -67.311836243
0.995325327 0.024655791 0.093378119 4.300121784 -0.024735436 0.999694049 -0.000304558 1.037070155 -0.093357056 -0.002006616 0.995630682 -66.785652161
0.996641636 0.024105471 0.078257866 4.336348534 -0.024052853 0.999709368 -0.001614999 1.027496696 -0.078274049 -0.000272748 0.996931791 -66.255851746
0.997624516 0.024928769 0.064215831 4.360090733 -0.024811162 0.999688685 -0.002628369 1.022255182 -0.064261355 0.001028856 0.997932553 -65.702796936
0.998445570 0.025458038 0.049580112 4.377035618 -0.025347838 0.999674737 -0.002850275 1.013537049 -0.049636539 0.001589095 0.998766065 -65.127433777
0.999022901 0.025224436 0.036291137 4.386330128 -0.025134685 0.999679804 -0.002927137 1.007415414 -0.036353353 0.002012110 0.999336958 -64.539405823
0.999466479 0.023801997 0.022364585 4.389321804 -0.023743294 0.999713898 -0.002886774 1.000476599 -0.022426898 0.002354225 0.999745727 -63.940341949
0.999721825 0.022129154 0.008163511 4.388451576 -0.022113126 0.999753356 -0.002048972 0.989861786 -0.008206842 0.001867880 0.999964535 -63.336166382
0.999752820 0.021789297 -0.004425216 4.375274658 -0.021800879 0.999759018 -0.002586827 0.982249737 0.004367784 0.002682660 0.999986887 -62.701980591
0.999631405 0.022967782 -0.014476678 4.352600574 -0.023021067 0.999728680 -0.003525162 0.973573327 0.014391788 0.003857131 0.999889016 -62.045932770
0.999439180 0.024337966 -0.023003412 4.329872131 -0.024453128 0.999689698 -0.004738233 0.961559832 0.022880951 0.005298079 0.999724150 -61.375537872
0.999283791 0.024309076 -0.028999662 4.296567917 -0.024491780 0.999682248 -0.005961735 0.956475735 0.028845511 0.006667717 0.999561667 -60.693649292
0.999162555 0.024303375 -0.032918282 4.266011238 -0.024522023 0.999679744 -0.006254705 0.945359826 0.032755733 0.007056690 0.999438465 -59.995830536
0.999076188 0.023384400 -0.036054168 4.236200333 -0.023623316 0.999701679 -0.006214865 0.932044983 0.035898075 0.007060842 0.999330580 -59.274139404
0.998967469 0.023772802 -0.038714364 4.194046974 -0.023993677 0.999698281 -0.005250608 0.924939156 0.038577862 0.006174086 0.999236584 -58.548580170
0.998891234 0.022469042 -0.041370615 4.161014557 -0.022642855 0.999736607 -0.003737599 0.912379324 0.041275732 0.004670204 0.999136865 -57.798603058
0.998802006 0.020359432 -0.044497438 4.121865749 -0.020423312 0.999790967 -0.000981383 0.900041640 0.044468150 0.001888991 0.999009013 -57.018917084
0.998684049 0.019389853 -0.047478564 4.080990791 -0.019340560 0.999811947 0.001497412 0.889549851 0.047498658 -0.000577179 0.998871148 -56.254165649
0.998515606 0.019014612 -0.051040128 4.044521332 -0.018842598 0.999814987 0.003849219 0.878893495 0.051103871 -0.002881777 0.998689234 -55.494216919
0.998406768 0.017119240 -0.053768020 3.990210533 -0.016839923 0.999842227 0.005643572 0.867855906 0.053856142 -0.004729131 0.998537481 -54.732521057
0.998241603 0.015063142 -0.057332557 3.942235947 -0.014709271 0.999870062 0.006589255 0.854694426 0.057424355 -0.005734347 0.998333395 -53.961032867
0.998072684 0.012630327 -0.060756404 3.892933846 -0.012254939 0.999903440 0.006547275 0.848082781 0.060833242 -0.005790091 0.998131156 -53.230110168
0.997855186 0.011963563 -0.064357296 3.840514183 -0.011546987 0.999909937 0.006840963 0.838024735 0.064433336 -0.006083158 0.997903466 -52.466960907
0.997658908 0.011540289 -0.067406148 3.780199528 -0.011139785 0.999917984 0.006314540 0.830455124 0.067473486 -0.005548867 0.997705638 -51.709812164
0.997433543 0.011551624 -0.070660375 3.729225397 -0.011120630 0.999917030 0.006489882 0.819590092 0.070729494 -0.005687439 0.997479320 -50.943775177
0.997315884 0.012902876 -0.072072782 3.658056498 -0.012459087 0.999900520 0.006603665 0.813965499 0.072150834 -0.005687979 0.997377515 -50.185176849
0.997229993 0.013448433 -0.073153034 3.593775034 -0.013047385 0.999897122 0.005957466 0.811595678 0.073225632 -0.004986507 0.997302949 -49.419254303
0.997173965 0.014573118 -0.073699467 3.532253027 -0.014137567 0.999879360 0.006428093 0.795063853 0.073784262 -0.005367997 0.997259736 -48.659278870
0.997131109 0.015289282 -0.074132562 3.479618788 -0.014840852 0.999868095 0.006596173 0.782505572 0.074223630 -0.005477059 0.997226596 -47.906448364
0.997119546 0.014456662 -0.074454121 3.416663170 -0.013973607 0.999877810 0.007004845 0.778268397 0.074546292 -0.005944276 0.997199833 -47.144172668
0.997120321 0.014034867 -0.074525118 3.353126526 -0.013466855 0.999876261 0.008118878 0.768185198 0.074629858 -0.007091879 0.997186065 -46.389869690
0.997131109 0.014001105 -0.074388295 3.288535595 -0.013354389 0.999868631 0.009184127 0.761443615 0.074507110 -0.008164368 0.997187078 -45.629840851
0.997153878 0.013682781 -0.074141644 3.224019527 -0.012978612 0.999866009 0.009971095 0.756063998 0.074268140 -0.008980460 0.997197866 -44.876628876
0.997137427 0.013769485 -0.074345544 3.162361145 -0.013055337 0.999863863 0.010083280 0.748355508 0.074474275 -0.009083810 0.997181535 -44.120410919
0.997093081 0.014193975 -0.074859381 3.113273859 -0.013482580 0.999859095 0.009999973 0.738749564 0.074990779 -0.008961607 0.997143984 -43.381813049
0.997162342 0.014105850 -0.073948331 3.055510759 -0.013467355 0.999867678 0.009125941 0.732907057 0.074067287 -0.008104158 0.997220397 -42.635677338
0.997256339 0.012890248 -0.072894782 2.997879505 -0.012264173 0.999884069 0.009029827 0.722725689 0.073002733 -0.008111059 0.997298837 -41.889892578
0.997369468 0.013249227 -0.071265072 2.933735371 -0.012647702 0.999880493 0.008885326 0.715297341 0.071374297 -0.007960614 0.997417808 -41.143360138
0.997442484 0.013767552 -0.070134290 2.881865740 -0.013224547 0.999879003 0.008200794 0.710521817 0.070238702 -0.007252327 0.997503877 -40.417907715
0.997570932 0.011005379 -0.068782479 2.829296112 -0.010385621 0.999902189 0.009361512 0.705921650 0.068878800 -0.008624424 0.997587740 -39.687614441
0.997680247 0.009554923 -0.067399450 2.782252789 -0.008833628 0.999900460 0.010991709 0.696631312 0.067497768 -0.010370831 0.997665584 -38.977985382
0.997738123 0.012972752 -0.065956146 2.724025488 -0.012107477 0.999835372 0.013501803 0.690488219 0.066120453 -0.012672703 0.997731149 -38.276729584
0.997790158 0.012844119 -0.065190583 2.676527500 -0.012008631 0.999840975 0.013191848 0.683417499 0.065349631 -0.012379848 0.997785568 -37.597293854
0.997829497 0.010566048 -0.064998038 2.637552023 -0.009917028 0.999897778 0.010299853 0.677950859 0.065100215 -0.009632911 0.997832179 -36.922832489
0.997891665 0.010228201 -0.064090103 2.581111193 -0.009745670 0.999921739 0.007837028 0.667780101 0.064165242 -0.007195905 0.997913301 -36.251773834
0.997893274 0.012617527 -0.063637987 2.535970211 -0.012373087 0.999914587 0.004233703 0.666705132 0.063685961 -0.003437386 0.997964084 -35.596313477
0.997872412 0.015292070 -0.063378550 2.486260414 -0.015157927 0.999881804 0.002596851 0.660465360 0.063410766 -0.001630638 0.997986197 -34.940280914
0.997879088 0.016113697 -0.063068956 2.440172672 -0.016002793 0.999869287 0.002263194 0.647789598 0.063097186 -0.001249113 0.998006642 -34.291244507
0.997895062 0.016574008 -0.062696531 2.396425247 -0.016495051 0.999862254 0.001776753 0.636563122 0.062717348 -0.000738830 0.998031080 -33.637496948
0.997931719 0.016582977 -0.062105980 2.355014801 -0.016547915 0.999862492 0.001078942 0.619745910 0.062115315 -0.000048987 0.998068929 -33.019653320
0.997907639 0.017625416 -0.062206890 2.311930418 -0.017647035 0.999844253 0.000201928 0.606412411 0.062200762 0.000896262 0.998063207 -32.386272430
0.997874558 0.019150669 -0.062284257 2.266628742 -0.019245841 0.999814332 -0.000928387 0.600355566 0.062254917 0.002125127 0.998057961 -31.756282806
0.997836053 0.020254774 -0.062552594 2.217915297 -0.020360479 0.999792099 -0.001052744 0.587379456 0.062518269 0.002324066 0.998041034 -31.132570267
0.997805655 0.019961854 -0.063129075 2.182156086 -0.020028632 0.999799311 -0.000425040 0.574587584 0.063107915 0.001688496 0.998005211 -30.501701355
0.997794032 0.019883076 -0.063338362 2.130511284 -0.019891595 0.999802172 0.000496152 0.561844051 0.063335694 0.000764843 0.997991920 -29.897510529
0.997757494 0.019199586 -0.064119622 2.087175846 -0.019189343 0.999815583 0.000775644 0.549558401 0.064122677 0.000456508 0.997941911 -29.280351639
0.997723222 0.018673671 -0.064804778 2.028966665 -0.018700717 0.999825120 0.000189269 0.536899507 0.064796977 0.001023057 0.997897923 -28.664608002
0.997612298 0.018033860 -0.066666335 1.986518025 -0.018123990 0.999835491 -0.000747356 0.522640824 0.066641890 0.001953832 0.997775078 -28.052103043
0.997519910 0.018383116 -0.067941576 1.942242026 -0.018565783 0.999825537 -0.002058082 0.517862856 0.067891888 0.003314366 0.997687161 -27.445919037
0.997344732 0.018424297 -0.070454866 1.906279683 -0.018604787 0.999825120 -0.001906340 0.497414589 0.070407428 0.003212075 0.997513115 -26.863220215
0.997229218 0.017940305 -0.072194330 1.858617783 -0.018113988 0.999834418 -0.001751693 0.486810058 0.072150961 0.003054567 0.997389078 -26.266466141
0.997129023 0.017047141 -0.073775940 1.804933310 -0.017233374 0.999849737 -0.001888404 0.472642988 0.073732659 0.003154392 0.997273028 -25.667325974
0.996987522 0.015464872 -0.076004483 1.762526870 -0.015630420 0.999876559 -0.001583696 0.460506290 0.075970598 0.002766908 0.997106194 -25.067209244
0.996836066 0.014341631 -0.078180969 1.712563872 -0.014433676 0.999895632 -0.000612303 0.450974345 0.078164026 0.001738804 0.996939003 -24.472314835
0.996725440 0.014444450 -0.079558745 1.656298518 -0.014433492 0.999895692 0.000712818 0.435025930 0.079560742 0.000437826 0.996829867 -23.886936188
0.996583879 0.015012411 -0.081211500 1.603635907 -0.014945341 0.999887347 0.001433689 0.429183096 0.081223875 -0.000215058 0.996695757 -23.303592682
0.996462941 0.015239937 -0.082639694 1.547522426 -0.015054851 0.999882638 0.002862385 0.415522575 0.082673609 -0.001608132 0.996575356 -22.722499847
0.996340156 0.015772166 -0.084008217 1.496508479 -0.015545773 0.999873579 0.003348415 0.407150298 0.084050409 -0.002030188 0.996459424 -22.148698807
0.996260822 0.015498444 -0.084994912 1.446605444 -0.015246852 0.999877214 0.003608411 0.397531390 0.085040398 -0.002299013 0.996374846 -21.595958710
0.996215641 0.015886754 -0.085451826 1.397152185 -0.015643124 0.999871492 0.003519932 0.389629155 0.085496746 -0.002169878 0.996336102 -21.039186478
0.996302783 0.017358521 -0.084139407 1.345752239 -0.017103706 0.999846697 0.003748430 0.380070478 0.084191561 -0.002295476 0.996446967 -20.503747940
0.996384323 0.017987723 -0.083034351 1.295505285 -0.017772464 0.999836564 0.003330875 0.370336920 0.083080679 -0.001843107 0.996541142 -19.963542938
0.996493697 0.018915176 -0.081501156 1.251283884 -0.018731147 0.999819934 0.003022079 0.361984313 0.081543639 -0.001484873 0.996668696 -19.451435089
0.996609092 0.017427363 -0.080415152 1.213953972 -0.017216474 0.999846339 0.003315169 0.351882577 0.080460563 -0.001919462 0.996755898 -18.971334457
0.996730626 0.017319689 -0.078918353 1.171831965 -0.017147468 0.999848902 0.002859483 0.342863321 0.078955941 -0.001496884 0.996876955 -18.472824097
0.996864617 0.017545326 -0.077155910 1.130073309 -0.017456215 0.999845922 0.001829331 0.336957097 0.077176124 -0.000476745 0.997017324 -17.993803024
0.996930897 0.017986622 -0.076191589 1.091702223 -0.017915620 0.999838114 0.001615356 0.328439653 0.076208316 -0.000245378 0.997091830 -17.520517349
0.997012615 0.018079914 -0.075092666 1.054409385 -0.017985009 0.999836385 0.001939962 0.316394329 0.075115442 -0.000583625 0.997174621 -17.056289673
0.997095764 0.017829821 -0.074041717 1.015852332 -0.017733879 0.999840796 0.001953011 0.308062494 0.074064761 -0.000634293 0.997253239 -16.603935242
0.997177541 0.017672999 -0.072970100 0.987768650 -0.017538315 0.999843121 0.002486095 0.300154805 0.073002592 -0.001199306 0.997330964 -16.166116714
0.997274518 0.016340991 -0.071947701 0.952863932 -0.016190881 0.999865294 0.002669234 0.288049459 0.071981631 -0.001497062 0.997404814 -15.744784355
0.997341156 0.015564246 -0.071192458 0.925327241 -0.015340972 0.999875546 0.003681953 0.280016392 0.071240894 -0.002580001 0.997455835 -15.336581230
0.997410655 0.016975814 -0.069883451 0.893482149 -0.016677815 0.999849141 0.004845542 0.272627115 0.069955163 -0.003667492 0.997543395 -14.948403358
0.997448146 0.018076701 -0.069068536 0.861717045 -0.017709030 0.999825656 0.005931953 0.264288187 0.069163710 -0.004693679 0.997594237 -14.576988220
0.997496188 0.018157797 -0.068350181 0.838287830 -0.017797519 0.999824345 0.005876382 0.255627751 0.068444870 -0.004645205 0.997644007 -14.234827042
0.997578621 0.017109806 -0.067410037 0.812324107 -0.016817195 0.999846518 0.004905906 0.254491329 0.067483626 -0.003760379 0.997713268 -13.913681030
0.997623205 0.016396390 -0.066925399 0.792469263 -0.016132100 0.999859810 0.004487640 0.245685264 0.066989601 -0.003397327 0.997747838 -13.607378960
0.997672379 0.015579465 -0.066385649 0.773262918 -0.015365134 0.999874949 0.003737993 0.244534686 0.066435598 -0.002709268 0.997787058 -13.329886436
0.997700691 0.015971800 -0.065864347 0.751535833 -0.015791779 0.999870002 0.003252956 0.240200892 0.065907739 -0.002205361 0.997823238 -13.051097870
0.997740626 0.015799716 -0.065300658 0.732857645 -0.015688041 0.999874473 0.002222589 0.234396875 0.065327577 -0.001193129 0.997863173 -12.785616875
0.997763097 0.015471069 -0.065035015 0.715795279 -0.015486005 0.999880075 0.000274485 0.228764221 0.065031461 0.000733262 0.997882962 -12.520819664
0.997783363 0.014816214 -0.064874738 0.702703118 -0.014938626 0.999887407 -0.001402160 0.222766161 0.064846665 0.002368192 0.997892439 -12.261683464
0.997828722 0.014782261 -0.064180493 0.681059122 -0.014912027 0.999887586 -0.001543318 0.215404227 0.064150460 0.002497029 0.997937143 -11.999377251
0.997824848 0.014967009 -0.064198881 0.664984524 -0.015067387 0.999885917 -0.001079674 0.212194368 0.064175397 0.002044634 0.997936547 -11.741354942
0.997852027 0.014194719 -0.063951328 0.648170531 -0.014248879 0.999898374 -0.000390854 0.208017305 0.063939281 0.001301249 0.997952938 -11.501522064
0.997866333 0.013888950 -0.063795261 0.630370140 -0.013926062 0.999902964 -0.000137049 0.203403980 0.063787170 0.001025173 0.997962952 -11.248793602
0.997873127 0.013499044 -0.063773334 0.613391340 -0.013519051 0.999908447 0.000117790 0.197331578 0.063769095 0.000744615 0.997964382 -10.995276451
0.997849822 0.013477806 -0.064140312 0.597347140 -0.013490220 0.999908924 0.000239523 0.194621459 0.064137705 0.000626259 0.997940838 -10.748031616
0.997844279 0.013161840 -0.064291649 0.579681754 -0.013173921 0.999913096 0.000236052 0.190688282 0.064289175 0.000611430 0.997931123 -10.503798485
0.997793376 0.011857485 -0.065327369 0.561566234 -0.011884387 0.999929309 -0.000023225 0.189377487 0.065322481 0.000799550 0.997863829 -10.258165359
0.997602999 0.010835006 -0.068342388 0.543369114 -0.010847033 0.999941111 0.000195086 0.181308270 0.068340488 0.000546693 0.997661889 -10.016208649
0.997270703 0.010856664 -0.073029064 0.521541357 -0.010869784 0.999940872 0.000217745 0.178239435 0.073027119 0.000576658 0.997329772 -9.773784637
0.996818304 0.011224105 -0.078912809 0.491200894 -0.011250936 0.999936640 0.000104622 0.175212115 0.078908995 0.000783554 0.996881485 -9.532226562
0.996187449 0.011732142 -0.086445980 0.462755412 -0.011785266 0.999930501 -0.000104173 0.170013338 0.086438775 0.001122565 0.996256530 -9.296980858
0.995484293 0.012914779 -0.094043359 0.432903975 -0.012994089 0.999915540 -0.000230987 0.169292733 0.094032452 0.001451953 0.995568037 -9.059442520
0.994927943 0.015048458 -0.099458136 0.394382566 -0.015141878 0.999885321 -0.000184429 0.169168845 0.099443972 0.001689476 0.995041668 -8.823023796
0.994447052 0.016373761 -0.103956901 0.357978016 -0.016495822 0.999863863 -0.000314408 0.160524562 0.103937618 0.002027517 0.994581699 -8.583246231
0.993968248 0.015301293 -0.108595684 0.323056400 -0.015464675 0.999880075 -0.000662415 0.157436296 0.108572543 0.002337817 0.994085729 -8.346585274
0.993395209 0.014823359 -0.113781214 0.306289166 -0.014959537 0.999888003 -0.000343053 0.145050809 0.113763385 0.002042902 0.993505776 -8.130849838
0.992914557 0.015930014 -0.117757745 0.274352968 -0.016093032 0.999870360 -0.000433579 0.142757162 0.117735587 0.002325587 0.993042290 -7.905056953
0.992598295 0.019084593 -0.119934529 0.235322967 -0.019267615 0.999814272 -0.000366472 0.133198991 0.119905271 0.002674612 0.992781699 -7.671387196
0.992507219 0.020850539 -0.120393902 0.203011930 -0.021142764 0.999775827 -0.001150242 0.136874005 0.120342940 0.003687084 0.992725492 -7.443726540
0.992641628 0.020720301 -0.119302966 0.169941634 -0.020996802 0.999778986 -0.001060987 0.128670707 0.119254604 0.003558161 0.992857337 -7.207273960
0.992848814 0.019901687 -0.117707945 0.138718694 -0.020174609 0.999795854 -0.001127512 0.129272565 0.117661461 0.003494162 0.993047595 -6.977094650
0.993044555 0.019608321 -0.116095394 0.118649028 -0.019823648 0.999803305 -0.000700302 0.120274223 0.116058819 0.002996865 0.993237793 -6.752455711
0.993297696 0.019628586 -0.113905728 0.090490535 -0.019835373 0.999803007 -0.000682250 0.120216087 0.113869935 0.002937041 0.993491352 -6.524718761
0.993593097 0.019316211 -0.111353859 0.070798755 -0.019493720 0.999809861 -0.000505532 0.115921296 0.111322924 0.002672994 0.993780673 -6.301666737
0.993862152 0.018844828 -0.109009102 0.047633041 -0.019112548 0.999816358 -0.001411569 0.114832692 0.108962491 0.003486347 0.994039714 -6.076875210
0.994161844 0.018461773 -0.106308326 0.024934988 -0.018731512 0.999823451 -0.001539343 0.106360048 0.106261156 0.003521671 0.994332016 -5.854029179
0.994492054 0.019608293 -0.102961786 0.000868477 -0.019814992 0.999803185 -0.000985039 0.098457105 0.102922224 0.003019801 0.994684815 -5.640542507
0.994914889 0.018796029 -0.098949209 -0.017484732 -0.019017223 0.999818444 -0.001292668 0.099758096 0.098906942 0.003167834 0.995091617 -5.420368195
0.995303690 0.018508414 -0.095016681 -0.033825781 -0.018751418 0.999822855 -0.001665222 0.096317202 0.094969027 0.003439098 0.995474339 -5.194820881
0.995685697 0.017986942 -0.091030262 -0.046123680 -0.018269850 0.999830604 -0.002275511 0.091192357 0.090973906 0.003928804 0.995845497 -4.968276501
0.996029496 0.017882161 -0.087209485 -0.061488129 -0.018296823 0.999824762 -0.003957706 0.084505916 0.087123416 0.005537647 0.996182144 -4.737298965
0.996455848 0.017012343 -0.082379609 -0.080783464 -0.017511932 0.999832392 -0.005345766 0.075939611 0.082274854 0.006769447 0.996586680 -4.487542152
0.996807694 0.017078286 -0.077992417 -0.098733671 -0.017595094 0.999827504 -0.005943899 0.076648757 0.077877454 0.007297208 0.996936202 -4.246806145
0.997160554 0.016788708 -0.073409900 -0.114473574 -0.017270727 0.999833286 -0.005936226 0.075333521 0.073297992 0.007187214 0.997284234 -3.979271173
0.997543275 0.015741697 -0.068262294 -0.132739395 -0.016163331 0.999853551 -0.005628708 0.068331972 0.068163693 0.006718226 0.997651517 -3.695556164
0.997885466 0.014036480 -0.063463688 -0.144915923 -0.014380754 0.999884188 -0.004971227 0.065199159 0.063386567 0.005873372 0.997971773 -3.399692059
0.998224914 0.012265502 -0.058280278 -0.156201661 -0.012501365 0.999915004 -0.003684188 0.061554093 0.058230154 0.004406233 0.998293459 -3.098244190
0.998517692 0.011016746 -0.053302310 -0.169460207 -0.011156781 0.999935150 -0.002330303 0.053281650 0.053273179 0.002921530 0.998575747 -2.785087347
0.998766482 0.010244385 -0.048586328 -0.182238638 -0.010354711 0.999944389 -0.002019570 0.051406957 0.048562936 0.002520176 0.998816967 -2.467025757
0.998968124 0.010723124 -0.044133507 -0.197497115 -0.010785400 0.999941111 -0.001173239 0.045592733 0.044118337 0.001648025 0.999024928 -2.146822214
0.999141395 0.010530478 -0.040071629 -0.205219135 -0.010547155 0.999944389 -0.000204809 0.041125912 0.040067244 0.000627275 0.999196827 -1.810222626
0.999307573 0.009718459 -0.035914913 -0.212781876 -0.009699713 0.999952734 0.000696097 0.038152456 0.035919979 -0.000347251 0.999354661 -1.469877362
0.999456525 0.008167226 -0.031935871 -0.228178605 -0.008123162 0.999965906 0.001509250 0.023357408 0.031947114 -0.001249009 0.999488831 -1.146562815
0.999530077 0.006017927 -0.030056266 -0.225985900 -0.006023830 0.999981940 -0.000105915 0.015055191 0.030055080 0.000286919 0.999548256 -0.787543476
0.999597728 0.004833956 -0.027947508 -0.242191434 -0.004908271 0.999984622 -0.002591099 0.009977816 0.027934557 0.002727231 0.999606073 -0.423733741
0.999620914 0.006356820 -0.026788492 -0.254785031 -0.006480069 0.999968886 -0.004516459 0.001197403 0.026758948 0.004688338 0.999630988 -0.052670069
0.999666810 0.009908944 -0.023832921 -0.271460891 -0.010014099 0.999940634 -0.004296883 -0.002561904 0.023788929 0.004534116 0.999706745 0.333254784
0.999720931 0.014845714 -0.018375473 -0.286317110 -0.014909140 0.999883413 -0.003319380 -0.004790097 0.018324055 0.003592417 0.999825597 0.743824840
0.999877632 0.011675524 -0.010403150 -0.280031860 -0.011700809 0.999928832 -0.002372950 -0.010737950 0.010374697 0.002494386 0.999943078 1.137657285
0.999991834 0.003074635 -0.002609170 -0.266325414 -0.003081100 0.999992251 -0.002477799 -0.016247870 0.002601524 0.002485818 0.999993503 1.528421998
0.999985278 -0.005333488 0.000965191 -0.255437553 0.005338700 0.999970794 -0.005479735 -0.030217990 -0.000935933 0.005484808 0.999984503 1.919377089
0.999958575 -0.008646941 -0.002832157 -0.252360463 0.008621919 0.999924779 -0.008731907 -0.044243339 0.002907434 0.008707127 0.999957800 2.296608210
0.999882519 -0.004509356 -0.014659193 -0.266486734 0.004351763 0.999932647 -0.010764578 -0.061472051 0.014706749 0.010699517 0.999834597 2.656855583
0.999499381 0.000885109 -0.031628150 -0.298073888 -0.001346230 0.999893188 -0.014561103 -0.062963434 0.031611878 0.014596391 0.999393702 3.023789406
0.998750985 0.007948955 -0.049328417 -0.346910894 -0.008829973 0.999805033 -0.017668070 -0.068563409 0.049178347 0.018081570 0.998626351 3.398673773
0.997628510 0.007853726 -0.068379298 -0.391103178 -0.009186602 0.999773502 -0.019199776 -0.076062672 0.068213008 0.019782415 0.997474611 3.763183832
0.995798945 0.004200163 -0.091470800 -0.441185355 -0.005922796 0.999810100 -0.018569304 -0.083597027 0.091375433 0.019033054 0.995634675 4.128994942
0.993278444 0.005128385 -0.115636408 -0.501463056 -0.006580211 0.999904275 -0.012176842 -0.099186279 0.115562871 0.012855907 0.993216991 4.491933346
0.989987493 0.010980723 -0.140727878 -0.595015764 -0.011886300 0.999913752 -0.005596000 -0.110058740 0.140654251 0.007212703 0.990032554 4.848207951
0.985865891 0.016232478 -0.166747525 -0.672573447 -0.016681459 0.999859989 -0.001292227 -0.116739571 0.166703239 0.004055555 0.985998750 5.179447174
0.981122434 0.018206682 -0.192528307 -0.763087571 -0.018334925 0.999831259 0.001115706 -0.117778517 0.192516118 0.002435348 0.981290758 5.515630245
0.976080537 0.019595461 -0.216523945 -0.862940729 -0.019019673 0.999807775 0.004742953 -0.123252288 0.216575265 -0.000511291 0.976265788 5.855606556
0.971420467 0.020137088 -0.236509323 -0.951438725 -0.018828541 0.999792278 0.007790282 -0.132607758 0.236617059 -0.003114513 0.971597910 6.178046227
0.967943370 0.025074841 -0.249913499 -1.051326632 -0.022877933 0.999669850 0.011692124 -0.142772555 0.250124156 -0.005599811 0.968197525 6.499002934
0.965711534 0.032951903 -0.257517278 -1.157563210 -0.029883558 0.999428093 0.015820909 -0.147870034 0.257891327 -0.007582904 0.966144085 6.824253559
0.965246022 0.037382621 -0.258655220 -1.263096333 -0.033728123 0.999258697 0.018553559 -0.148046106 0.259157062 -0.009184798 0.965791523 7.156648636
0.966423094 0.038664803 -0.254030555 -1.338433981 -0.035087720 0.999211133 0.018598991 -0.148895591 0.254549235 -0.009061136 0.967017353 7.469750404
0.968459249 0.036107436 -0.246542275 -1.411427021 -0.032621525 0.999301851 0.018210310 -0.150379375 0.247027680 -0.009593355 0.968960941 7.795128822
0.970746100 0.030100467 -0.238214388 -1.478699803 -0.025796190 0.999443173 0.021166433 -0.152905419 0.238718852 -0.014402205 0.970981896 8.107061386
0.973120332 0.028070722 -0.228580385 -1.535458207 -0.023492578 0.999465704 0.022725552 -0.148175910 0.229096130 -0.016744751 0.973259747 8.379642487
0.975428820 0.029274194 -0.218361735 -1.580645800 -0.024653092 0.999411345 0.023857765 -0.147644654 0.218931630 -0.017888255 0.975576222 8.612990379
0.977488399 0.030360853 -0.208793670 -1.615679264 -0.025970232 0.999380827 0.023738515 -0.150787145 0.209385127 -0.017781701 0.977671564 8.808827400
0.979511857 0.029400863 -0.199228838 -1.637560129 -0.025408287 0.999422431 0.022567805 -0.154596746 0.199777290 -0.017043365 0.979693055 8.972917557
0.981085539 0.026681010 -0.191727355 -1.654572964 -0.023048580 0.999510527 0.021151492 -0.156244397 0.192197904 -0.016332377 0.981220245 9.098932266
0.982127011 0.024925120 -0.186562076 -1.672490120 -0.021596057 0.999569714 0.019855684 -0.155335367 0.186976686 -0.015471794 0.982242465 9.198062897
0.982791185 0.025143631 -0.183000952 -1.680708289 -0.022029474 0.999576211 0.019030483 -0.154378951 0.183401927 -0.014671576 0.982928514 9.263331413
0.983044565 0.025830073 -0.181538686 -1.675175786 -0.023032000 0.999581456 0.017504681 -0.155623868 0.181914881 -0.013026679 0.983227968 9.280595779
0.983028054 0.025604481 -0.181659475 -1.675236225 -0.022816522 0.999587834 0.017420761 -0.154374853 0.182030693 -0.012980258 0.983207166 9.267713547
0.983019888 0.026493337 -0.181576297 -1.678543091 -0.024066050 0.999589264 0.015558483 -0.158918813 0.181913927 -0.010924473 0.983253777 9.253091812
0.983035386 0.025867647 -0.181582332 -1.675915003 -0.024420725 0.999649644 0.010200040 -0.163149059 0.181782588 -0.005592627 0.983322859 9.248570442
0.982959092 0.025334487 -0.182069704 -1.676137209 -0.024375131 0.999674618 0.007505295 -0.168793008 0.182200611 -0.002939422 0.983256996 9.249022484
0.982973039 0.024734994 -0.182076856 -1.673335075 -0.023630437 0.999686778 0.008233684 -0.164733440 0.182223499 -0.003790933 0.983249784 9.248683929
0.983012199 0.025031172 -0.181825235 -1.673658133 -0.023731874 0.999674857 0.009318362 -0.165043250 0.181999370 -0.004845008 0.983286679 9.248218536
0.982946992 0.024899319 -0.182194769 -1.674429774 -0.023514722 0.999675810 0.009756125 -0.166054621 0.182378650 -0.005305495 0.983214021 9.251568794
0.983008742 0.025362933 -0.181797594 -1.676088572 -0.023899389 0.999661863 0.010236928 -0.164678454 0.181995794 -0.005718136 0.983282626 9.251743317
0.983019829 0.025411110 -0.181730881 -1.676851988 -0.023946425 0.999660611 0.010249631 -0.164877787 0.181929678 -0.005723785 0.983294845 9.249777794
