mp_id,mp_x,mp_y,mp_z,descriptor_hex,observations
1020,0.245062,-0.169861,0.583407,"079fb7dbeae5afdbdf5b5974c4f6bc2fa75b731f93c13af10d1e5fc69853a7f5","20;21;31"
1023,0.247735,-0.073956,0.575602,"356495e7964f6ffc76a2eb4a5373596079cc7aea69f4790af5ae8704a9fa40a0","20;21;24;31;41"
1025,0.243071,-0.136801,0.581892,"cbf1fd250b5cb9bdab753e9dddaf5e87a657f9659368b6c1ef594fff47868ff1","20;21;24;31;41;51;294;303;320"
1035,0.235499,-0.187530,0.572596,"218789ebb42fe7bf56297b44d3611820594a222dd3b8593fec8eb744d8cad0a0","20;21;24;41;303;320"
1037,0.233510,-0.156460,0.585427,"c4309de1a06c691b28b7c3109d17487b26957d9819d4b140d5b0fa44a0c02570","20;21;24;31;41"
1044,0.240744,-0.123875,0.582301,"1aa8fef0ebd9b963bfb736bb0dff6618a7bbf711165926d35fc75de3e7848fcb","20;21;24"
1047,0.085980,0.179337,0.586439,"d3b690042a1e102b7ae28afc8c32c6b6b735e825a54f874a98365f3e88640b1d","0;20;21;24;31"
1053,0.227657,-0.092207,0.582731,"521895be2924388eaf1bca41ecff694ae7777d830a41dbe191f65a8b9071210b","20;21;24;31;41;51;303;320"
1055,0.227205,-0.173180,0.585596,"9ac916bc13c23667b500c2832d9a20c0e0b9abc14e9b12fdb3e58a033004290a","20;21;24;31;41;51;294"
1056,0.227724,-0.074980,0.587610,"e62cd6d7cdbdb4cfdfb7b21b28f8778fe967eb10346fdae21f1a576bc37ddc8e","0;20;21;24;303"
1064,0.230723,-0.202319,0.585033,"105d7bef36464f383448dfe27757a96076fc1deac990392ff1afa28034b32471","20;21;31;41;294;303;320"
1406,0.252126,0.184638,0.543195,"6ab9e05ad9dd95d7835dbcbd2add5ebc899ad5119e6bfab16b5d14fbf30edef7","21;24;41"
1417,0.280814,-0.194012,0.568738,"47e2edc1bc0bcf9ccab59aecd769d94213447d7d8261edb4e81caff48cbbd121","21;24;31;58"
1419,-0.042404,0.194108,0.569585,"5d33aa240374135822ecdfad5ff6e3b434f4fcf48d13b088d3e5218bab672f77","0;20;21;24"
1432,0.273602,-0.140246,0.563885,"929f629c7392ba67bd08f0e72c8e24d5eebb87c5e48b04ff32748a8b5d04ab9f","21;24;31;41;51;289;294;303;320"
1433,0.277360,-0.108170,0.564325,"039f73d8f4b4f857ff497af3bcbeb460ef3b179597ba26d51e3cbac295c0e1ad","21;24;41"
1435,0.267806,-0.016693,0.566525,"d506c5a53a2ae8183ca2b3ffd72a9d5b37c56ea1a1c5c54e9422eb94eda12301","0;20;21;24"
987,-0.174414,0.182323,0.578297,"0d6f7147340eefb87d087f44d7419d34904c466ee1b0292f26fd25844ab343a1","20;21;24"
988,0.256462,-0.198174,0.572817,"591517ed966f7d3b2468ea42df37007176973da8d998511df7eb620438e2a033","20;21;31"
989,0.257210,-0.163308,0.577442,"01dbec43a41fbcbc5e7136c7f12c5668874f335cc7f85db56edb75445d9ed999","20;24;31;41"
991,0.239368,0.178229,0.564230,"f26150eb4e89ea48ef00e10aae8a5d506a896fcb4a27c7d194b8023975836380","0;20;21;24;31;41;51;303;320"
992,0.241157,0.179886,0.571222,"f66442ca4d69e648ed06b90a0a8a3d146a894ee36a27d8dbb7988239755b6686","0;20;21;24;31;41;303;320"
993,0.242857,0.180825,0.574692,"a47442894c29a640ad22f9ef000a051168894ae36827d8da3410823f597b7292","0;20;21;24;31;41;303"
999,0.250004,-0.174529,0.575007,"3f7eaa90cdb5dfd6c3de9c8f28ec778fede3d3c7ee6fbef23b5fcfbbdf7d7ede","20;21;24;31"
1003,0.250793,-0.175677,0.577446,"b3fea8bcec75dfde9ade9c9f30ac772acde357d5ee6ff2bbfb5ffebbd55cf6df","20;21;31;51"
1004,0.249254,-0.149141,0.564547,"d0309f7402ea1103b4c7e73037b7013ba235e90029cdb20ac1e3520360602773","0;20;21;24;31;41;51;303"
1011,0.249128,-0.115843,0.566889,"0db65941763e78197c697ff4dd1298f4360c963cb7b475d64efd22c4ce86cbb5","20;21;24;51;320"
1012,0.121121,0.180156,0.571408,"43b6d5052a1e303b7be20afc9e32c5b6b7557c24f559d54a9c3e57b6cca40b1d","20;21;31;41"
930,0.211751,0.182587,0.546992,"53ea00022a892a80aa3480edacc2c6d6a6e1e857c609ce7598100bfa04060b0d","20;24;31"
931,0.160500,0.184746,0.545197,"dedf123e2b9916fcbb02a1edefdaaf91b6f3cc63ef078e7fb2f109bb78378b17","20;21;24;31"
933,0.161148,0.184838,0.547475,"dc9f5c3cca0d1cbb311e68ed6f6b0b1137c3c567f6060e3ff2e365ae79f48b5b","20;21;24"
940,-0.190400,0.188469,0.561181,"928896b8abc450c7bb1fa0192efb601ba3b3c5103a4f02f39bd2524bd040a703","20;21;24"
942,0.194448,0.180961,0.557247,"8bf67b43725e3db579fe14fd9d1ddeb7075dd56ee1dcb48d6e5974e44e9487f9","20;21;24;31"
947,0.278090,0.010714,0.563887,"dcfa9eaa288953c8aebcbd29dfd34b12a6f5ed720a07ca13dbd5217d00230f43","20;21;24;31;41;51;58;303;334"
1908,0.195276,-0.207177,0.602925,"85c7c49f9e12a6ad5e97dbf66060bcc77b462aeef5f04f6f2c26e7049dfbf805","0;24;31;41;294;303"
1910,0.225390,-0.201558,0.640731,"54a097f189e871ceaf17aa118ee7485ae9dfe8901a4bc35199d2576fe040a722","24;51;294"
1912,0.194657,-0.127174,0.598474,"782112ac1d4f5268a780e10b4ec92890f8ade8610c239a9c93e5833f7b2e6e02","0;20;24;31;41;51;294;303;320"
1915,-0.017135,0.182254,0.615354,"2d3f8121f8674f9b23e9d8ed9335c132ddde55ff9b3ae128edd425f4e8f192f1","0;24;31"
1935,0.018153,0.177997,0.621069,"6babe412ebb8d8c6ebd5b4ad2ae8df9ea3e3ec14966baee11a5954fbc744cf4e","24;31;41"
1941,0.177800,-0.191195,0.620005,"0d32fbe56256797824ccf7a6dddf9b307e9db7ecc992b5c8c7e9eb8427a227f1","24;31;51;320"
1962,0.263376,0.177442,0.616868,"19ed22d89dd5c7e7d701cc00aaf832e4492a1a195ea872b5ebdd966b920cf4ee","24;31;41;51"
1441,0.266921,-0.053178,0.571158,"ff654e4c5b564ff8a5e4ee0f4be73ff778c4ffee6dc3bdcc7b6b851563b77e56","21;24;31;51;320"
1455,0.243963,0.028519,0.585142,"66f9e158cbd591de8bf9b0ef28dc75bfed93d391876bfad11b109dbe5f1c76ff","31;41;51;289;320"
1480,0.236712,-0.159384,0.586736,"ccdd04fe8bd15eb8975a85b3e9f7aae751f2bde27e44cfbfea63cffd3ab5ac12","0;20;21;24;41;51"
1481,0.226082,0.022657,0.581929,"82b8bbdbcbf0b147be574433bc9f6648e73bb391135db2f14f335a6b9044a5fa","20;21;24;41;51;320"
1485,0.226227,0.024631,0.591145,"4b12fd65265e79307dec56a5d93f9662b655fdcd85d0f5c84ffb6f8026a44579","0;20;21;24;41;51;289;320"
1489,0.251933,0.000627,0.616056,"f8f97a6e35dd52f061ecb42d7bdf22b0baf9dd424e2778bff3dd213b73ae4e5f","21;24;31;289;303"
1114,0.204253,-0.146266,0.601407,"21c9215e5dc047ae454cdc0230dcb56458ea12cbcbaa673d252ca288131b746c","20;21;24;51;294"
1115,0.202883,-0.144677,0.595307,"b679e850cb519dc893f6b4bf099f671f4bd9c3d24e66fed05e50c53f777d0ed6","20;21;24;31;51;303;320"
1118,0.187111,-0.197883,0.604110,"faf76abeffd8f6fdbf0ef7b76fecae51fffbcf63feefaafffaf736cb761efedf","20;21;31;41;294;320"
1126,0.180267,0.177786,0.591820,"40cd53816dade8e6ad30fa0a8c1a15cb6a814ee1013250d49590ca64155b639a","0;20;24;31"
1129,0.191001,-0.185045,0.609667,"2dfafb53e49dffb67bee7e6cdffdd7b8b76ff61cd5fcaee66e5f35eccfbe4bdd","0;20;21;24;294"
1130,0.190391,-0.001210,0.610237,"f5f7cd65b42f65bb74eafe4cd36199301dce6c2cf9f0f50eeeaf250469f8d220","0;20;21;24;31;51;303;320"
1135,0.176504,-0.190406,0.609776,"19307bed2652791825ecf7a2db5f92707ebd7fec8992e5c8c7fda38427a226f1","20;21;24;31;51;303;320"
1137,0.159905,0.179801,0.608465,"774022880d79be477d61fb1b8e8a76edfa89de83cca394d0b014ca7fdd5cbb86","20;21;31"
1139,0.178292,-0.022477,0.617255,"8659ef9fefd0fe96dfd5568728ccf76bee6bb7d7c7fcfee12f7adf83ad9d75df","20;24;31;41;51;294"
1141,0.176374,0.001506,0.594290,"05cfedbff42e6fbc76e07bc4d16399517fce3eeef1d05defecbfe7c42cf3d1f0","20;21;294"
1142,0.163990,-0.165546,0.616839,"5af384b0ab181c8fab7982fd8eae4a9ba747fd15164983e098d15eff8a548b5f","20;24;41;51;303"
1153,0.270139,0.173956,0.599702,"f760a58a0c17cad8c6f8914ed348d9ef5dc47eff8f677fb09808efbcbdbf5074","20;21;41"
1160,0.139282,0.176448,0.605969,"72d712a80b695cee3d05f8ab0eae24d0fe9dcfa1082380c1b1f40a5f417e2763","0;20;21;24;41"
1167,-0.024326,0.180878,0.618155,"5291fce5a75ef8192ff517b36d3f5e6ea6d7fd8594f8b5c0df795a83a7848d5f","0;20;21;31"
1169,0.137355,-0.201529,0.639677,"d9da5ffd26026d35754af6f67b63b07376e43ceef99da5cff6ebf2803db0e131","20;21;24;31;41;303;320"
1175,0.135916,-0.100360,0.640639,"69b15140754f63386968be4c9a1790b4a8845e68d1ab715d3f9d20744a824a79","20;21;24;41;294;320"
1176,0.265526,0.170857,0.625772,"aadf02985585afe79604c087adc730c54cbb83cd6b8a12ff21808e48191cb998","20;21;24;31;41"
1177,0.136517,-0.160501,0.637949,"f572ed67ac1b4f9862eab7eed368dd3b1ec47cfecd76ed0896c9e5b4edfb5231","20;21;24;41"
1179,0.136420,-0.208476,0.636287,"00af4bebf4a3ae675e0978e7b1aab4407b2b029513b804f72cacbec0dd4ae189","20;21;41;303"
1181,0.270121,0.170707,0.647797,"af9fc39ef737aefa59ca787668f8bda57f6a96eff5f23cef3e5eefaedf7f79b5","20;21;24;31;303"
1182,0.140601,-0.218600,0.638209,"059ee8fbf4ab6bdf5e6b5ff6dde3f868774f371db3986df7ecdfbfe4bcdb91b9","20;21;31;41"
1185,0.269417,0.171530,0.644314,"a5ff53cac661aff940ca794e50f9fd247bca12ebe1333cfa3c0cafac7ffbf2a1","20;21;24;31;51;303"
1197,0.121453,-0.151567,0.643289,"2bdf674ff693affd55c87ce66864bfa57eea96eee1ba2dff260ea6807f9ef2fd","20;21;24"
1199,0.235850,0.164338,0.628106,"0b9f6298f793ba675d4d5ea72cacb6c4fe2b978596b824ff3e559ac35f0cbddf","20;21;24;41;51;320"
1201,0.111024,-0.138756,0.650179,"05e05779f2ab699a7e1162d0d7c389783308661c13940715ccae3344ec9101a0","20;21;24;31;41;303"
1202,0.110519,-0.139591,0.653580,"958a576932aa699e76217250d7038170372c0e9c3198055eccae33c4a88021a9","20;21;24;31;41;320"
1203,0.110732,-0.087046,0.638438,"25147879d6afbfdf7e277c1af1781e283b9b1739b2b87d3f658f3a50d549c5e2","20;24;294"
1205,0.179705,0.095452,0.651446,"b0477eec02425c618486f5a3574f2851feb185e26887000cf3e1e891713aa4d3","20;21;24;320"
1211,0.104052,-0.008108,0.647879,"c2f4975ee9fb36cfbebfe938ecf6e4dff37fea02334faa7f3d365f7f9271a7a7","20;21;41;303;320"
1216,0.157783,0.114727,0.619866,"3a23a2b94db1b84a17bdd1ef088c7789f88b87950ef2c2d09651dbab974d7cc7","20;21;31;41"
1217,0.156341,0.121334,0.644861,"3e317ae8cbd1b1488734dda308df6302ea999bd01a03b2d0fbd18bff370f2cf2","20;21;24;31"
1218,0.163879,0.123550,0.653458,"ab32e891e5bff85b5fef75b78888d68cdf0b971596bc44d24e5f9ae3dfccdbc5","20;21;24;31"
1220,0.095872,-0.075693,0.661264,"e542dde5ac6b4d9872fa1778d323d97b17c47c6a9954ed00ccfb65b4a4fb5021","20;21;31;41;303"
1221,0.095769,-0.075985,0.657546,"e576ede5a42e4f9862f2a6c8d367d97b17d47c7aa9d4ed02cdeb6534a4fb5430","0;20;21;41;303"
923,0.123041,0.187752,0.537735,"48f2be36a08c15be329f662d6fe7ca18957ee504cad8aa21caa7758de2d08e5b","20;21;24"
924,0.123223,0.187941,0.537762,"46bbf143eac8a3b9aa5521ecf4c6cc360759ea12d308ef710c142dee4c828775","20;21;24"
928,0.179563,0.184602,0.540755,"0d3c1753c3ffa0436ffb6f609e95c4bda13ac21813f838740d125166c24787b5","20;21;24;31"
2,0.176001,0.001370,0.623644,"857bcfb7b62ae6dc7fe9fbe6f3d899697a6e7e4fedf4cffda4aae7c06cfbd185","0;20;31"
4,0.109537,-0.053347,0.649059,"bc78fff6674f77f071ea762a7f7d0139befcf54ae9f638aad3db752263f946fb","0;20;31"
6,0.105802,-0.059769,0.647986,"e4f6784afca943da5b3ebd5c9341df1159ca467aaa26ec7f7c9d257c51db46e1","0;20;24"
13,-0.019790,0.184723,0.593664,"56e88c3c8b045c8fa317a09ddf6b4b1aadc579854e47db41d3ebdd1de970aa02","0;20;21;24;31"
16,0.122755,0.181894,0.633965,"d26057a10e8be84cef20b20aaf8a5510ea857fc14ab783d195b88a3065186388","0;20;21;24;31;303"
17,0.263910,-0.042270,0.572370,"0612bfbafae7bbd81effdbf7d5ff6948ffd93fb513d75b52dd86bfe49c6b25f3","0;20;21;24;31;41;58;334"
19,0.140287,-0.049880,0.638915,"2ae9e27a5fd0fc65eb55fcab289c76b0eebbd3c1d6aba6f17f7d9ceb6706fece","0;20;21;41;303"
23,0.257790,-0.093943,0.566890,"114c5ffd34aa6f3774025ac2f723a06072ee2eae6998052fe4aef2002cf86128","0;20;31"
28,0.157888,0.176337,0.594109,"c0e35ba16c89e9556d35f2969d8b50516a8d6ec942bbc7d1d4b932406580e7a8","0;20;21;24;31;41;303"
45,0.226373,0.022223,0.588766,"7c737861f20b333929a47fac4f01c81036ddc57250b0c90cfec525c764a2c723","0;21;24;41"
46,0.232662,-0.089721,0.582664,"80bcbbfbb4efbbcf1e475613bddf2260f73b131132bc33f7cfdf1e419008a5fa","0;20;21;24;31;41;51;294;303;320"
47,0.239970,-0.105176,0.578670,"1d9d3efe15f67ff2f446ce037bff3360fcfb9befc8ab38fff3ef8a0133eb747a","0;20;41;294"
48,0.218151,-0.108286,0.587230,"019e1bf9f0aea8773c095a74b5b3b040b73b179db398005fecaf3ac08880a1a9","0;20;21;31;41;51;320"
51,0.201136,-0.142431,0.594022,"d95b6f65225e7f3061ec5fe5fd3f93f736f5fdeec190b5cce6f963802eb70f75","0;20;21;24;31;41;51;294;303;320"
52,0.191790,-0.140633,0.602471,"b0e91fbe48c1a6ed8400e00a76c3284178784a6260a79a3db5a04738503aa38a","0;21;24"
54,0.198411,-0.189534,0.628322,"cd3df776b3bc7d94fbc8764cdef7c5bfb777fd7cb1ddb2eeffdb65a2eaf5037d","0;21;31;51"
56,0.188126,-0.198310,0.605983,"f885eabeddd05565d34dff1bebef7ed1d8eaaf857e6beabffbf1b6f9534efc5a","0;20;21;24;31;41;51"
2576,0.392889,0.042007,0.380355,"4d23d965b42e6a1168a87f48d331d13216d46c7e99b0c108cefd2584c8e34221","41;51;66"
970,0.267187,-0.053424,0.573492,"66772f4c6c579ff8cbccf96d70dcb733dcf57fe7ed63ea5c733aefbe592b76f7","20;21;51;294;334"
972,0.268860,-0.101395,0.569861,"c122d5fd6c29e8187e3373f4b5a3dd4bc74d7e1d8374cb5184bafbb89cf941a9","20;21;31;41;51"
979,-0.174980,0.182406,0.575356,"b9fdee5fcdf975f6f777f69e6b6c97fd69e6eecefefe7fa7f66bd411effdfedc","20;21;24"
983,0.252013,-0.097609,0.557610,"91501bff3686ab7d160b53f6f5d7b8697f3b178be3dc0bffc4afba803c88b1b9","20;21;320"
984,0.252778,-0.200814,0.569906,"b7786bf85ec7fa5a16caf0df11de3739fcb997f1afd6f4ded7cfabad7d2126f3","20;21;31;303"
985,0.256785,-0.122329,0.570845,"33c86ac957d3e8475701f8822188b66078aa96910eba65fd162c9ac97508788e","20;21;24;31"
60,0.228550,-0.191738,0.588809,"20b99afa9ded90479e1dcc11b6bf6200c93bab111a2b5235cb971a7bd008bd8a","0;20;21;24;31;41;51;294;303;320"
62,0.195268,-0.207135,0.601015,"a20c069ecfb0a4c69402c81320aa27cdc9eaaa912ecb52ea3526da0b915db88e","0;21;31;41;51;303;320"
67,0.099114,0.176470,0.624607,"d26852e16f0be840ed22f24a8f8a15dcea8d7fe348b781d096f88a1365996b8c","0;20;21;24"
70,0.078716,0.179235,0.645197,"f26072e16f2bfa40ed26f21b8f8a55d8ea8dffe30cb7d1d297f88a13651d6f86","0;20;21;24;303"
71,0.050548,0.176641,0.618499,"fbf37868b95d5b9e7b7d343d1e9ddfb4979ad55cbf3af0b76bdd35ffdb94ce7f","0;20;21"
88,0.225290,-0.031505,0.583822,"07a64dcafce3cacc8fb999ead46efd20dfd31ff8330349ff3c16affc9cdbb93d","0;20;21;24;31"
93,-0.016923,-0.081681,0.713647,"2020050d4ddfc048c7f4e00882c044b4d8ace2200ff2f7150510013f530c5686","0;20;21;24;31;41;303"
94,-0.014544,-0.121849,0.711263,"e03057494a4b2158aea8e3689693c016209c6a280197c31014a02138680042a1","0;20;21;24;31;320"
95,-0.021760,-0.011126,0.703192,"493019613d4f71186968a5489e1701b090145c68c123f15cc7d9003a4a024333","0;20;21;24;31;41;303"
100,-0.019291,-0.231923,0.704103,"d8bd36f89bec1067bb15ec192ebf20d3a3b3f900324b92f7dbf35a4b1204af1b","0;20;21;24;31;41;320"
107,0.180681,-0.040841,0.615779,"a2386b535dddf3405b6df51a2a9c1634e8bcc2108ebbf0ff575c106b438d66fe","0;21;31;41;320"
110,0.128889,-0.081815,0.632146,"64f4fd62b86d57996b7fbd38d355cc3a97d55c72bb61fb17ebdf257ec0d3c673","0;20;21;41;303;320"
111,0.137630,-0.100470,0.646025,"01e915a17c8d68b7aa793848bf0340b38603765c5378f335ad9825644888c3a9","0;20;21;24;31;41;320"
114,0.005514,-0.034145,0.695584,"fcf47c752a5b57bd72feb638737d9b33bbd4ec62ec67ed1ff3eb653561f0ce43","0;21;31;41"
117,0.124364,-0.034791,0.651817,"68f9514e719f47342108fc683b1780b40cb44468499a612d33ed24904b924239","0;20;21;24;31;41;320"
119,0.156762,-0.212030,0.645010,"1eb105babbd192e98f7d912bccdc6e84d951fff75f4b2af5bb508fff9e0f9d57","0;20;21;24;51"
120,0.167775,-0.215259,0.610582,"d8df7ae232ce5fbc3e6c5ee5ffd78250b6ff7de2ead9a97ffbe52fc42492277b","0;20;21;24;31;41;303;320"
121,0.249929,-0.185913,0.575932,"14a4bcfadee591c99e35a11bd7ff6808f99b7bb03a675b17d9871f7d910aa582","0;21;24;31;51"
125,0.203361,-0.169483,0.598179,"4ffee21633bd7b90bbed3fadcefecff4976df5568610bcfb8e5c01a2eef74a57","0;20;21;24"
127,0.244259,-0.133432,0.579333,"dcf09d65a84e553f33bea638df37483b37d46c387974e102fdeb7574e2b08663","0;20;21;41;51;294"
128,0.221198,-0.119523,0.585481,"72a15083dd89684deb15e30bae824c94688b6a901e3bc3d59cb0927ba10ee38e","0;20;31;41;303"
129,0.253583,-0.149555,0.571147,"c17a3f54248d7534e888366cb691813384747c4ac1edb22de5b8601048384339","0;20;21;24;31;334"
131,-0.008867,-0.208084,0.695954,"2b71664d6d5feb586fecfd0c5a9dd7b478ccf66e85f2fff8177901af7f8f5af5","0;20;21;24;31;41"
132,0.138571,-0.197825,0.639880,"598c5f6d128e67377582ee427b23a07073e60cac799d252ffaefb6002bc26028","0;20;21;31;41;320"
133,0.144699,-0.221492,0.625972,"c3dd3efeeeecfdb7ff5e573afcffae6ba7f37f4be37efaf3e7fb7eea04f885fb","0;20;21;24;31"
138,0.085333,-0.143645,0.664451,"ed24dd66ec6f439863bab7185371c93b19c46c7a3977c900df8b6134c3e34222","0;20;21"
139,0.143126,-0.177138,0.616358,"6d24b141dd7fc2195bfb2d1cd2785dbe990c723e9770f9120fdf0174ca6bda86","0;21;24;31;294"
141,-0.104085,0.190839,0.638000,"1289069a9de1b2c39f05c9032cfa20c8e9bbab911aab1afd99369a4b900fbc8e","0;20;21;24"
151,0.163262,0.124114,0.655414,"0b36e089f5bfba5f5f695ce78888f684df0b971596bc54de0e5d3be7dfcedb95","0;20;21;24;31;41"
152,0.276328,0.163862,0.645696,"188d0bad95874f771484ca0373a3204078ba0ba8689b113ff1e786003148b42a","0;20;21;24;31;41;294;303;320"
153,0.250481,0.161088,0.654101,"3ac936be5dd7d6e58d04ec036efc2644d8f993e15cab3afd3b7f874b731efcce","0;20;31;41"
156,0.196101,0.175251,0.571413,"40215a895ca9e0476f21fb0aae8854502a8d6e9102b9c1d195b41201450ae30a","0;20;21;31;41;51"
157,0.161471,0.186322,0.548606,"7c78f350437b51c833b624b84ad7473f37dde0f20857ba405bc2417fe3b50676","0;21;24;31"
159,0.239326,0.174360,0.659550,"029d2a9fd7d7bee71d495e03acfe34c0fe3b9385d79810ff2f158ec3150abdde","0;20;21;24;31;41;51;303"
162,0.046948,0.155663,0.803854,"0b8f628bf7b3bae70f4558a72ce8b684fe2b939596b804fd3e148ac39f0eb9cf","0;20;21;24;31"
166,0.109555,0.149170,0.870107,"feffe61ecf73deecd3f69daf48ecff8f7be6ffe7ec67efea3a73cdbfeffffed4","0;20;21;24;31;41;303"
167,0.054560,0.182258,0.583464,"6432f9604a6b118832b725b81235451a179de1320a76f9125f85617de1f30673","0;20;21;24;31"
171,0.179404,0.033694,0.624170,"23a6661d5d1ba06b5ee172c6e8e8b4a5796cb2bda7f84ddf2e1ed7865f2c7984","0;20;21;31;320"
172,0.189386,0.002658,0.603458,"a4fcf557e04a67bc76a2f670d37389753bde6e6a79f0e93a6fee6504e3fb46a1","0;20;21;24;31;41;51;294;303;320"
179,0.275415,0.084445,0.734180,"29a5f145755fe67b79ea7842583894a459cc122ce1f875ce2e1e05064fec52ac","0;20;21;24;31;294;320"
180,0.011017,0.044304,0.824653,"85c4f557a43eedbafcfa7254d3609def4f447e2aa1f46dee0cba7784cef941a5","0;20;21"
183,0.078350,-0.001708,0.658619,"cfeee657eb3cbcf7ba3fe6d5d9abdebf27477b8eb6ddaf636e7ffec0c7f5ebc9","0;20;24;31;294;303;320"
184,0.013167,0.135283,0.851256,"5add929c5bd4b4e6bf5dec052cfe26d4e57bfb41460b92fff3761e2b1a54afdf","0;20;21;24;31;41;303"
192,0.216872,-0.009477,0.598292,"c2943fdfeb6e343fbd5b5370fc77286fe7337f20f1cd33ef877252c29240a57f","0;20;21;24;31;41;51;289;294;303"
201,0.139649,0.177805,0.608765,"767413a84b4b3469ad06f92b0e9e2c51fa95ce22582740dcb1b0425f510ae787","0;21;31;41"
202,0.122406,0.182621,0.638341,"90625a8f4e0ded462d22f24aae8a345a6a896ecb41bfc1e194b09a084d186b88","0;20;21;24;31;303"
208,-0.019677,0.184283,0.593066,"4b6884bc68804807aab18049bdba419a81677915024dc3608c34de388800030a","0;20;21;24;31"
217,0.211765,0.182861,0.547880,"f9ff2a0c5bd517f410ecb43d3a94a2b59cf8d462ed0ff08f734125bb633c7e7f","0;21;24"
219,0.223085,0.180991,0.583738,"102152893d29f0472d25fb0b8e8a0694ea8fce0118bbc1d095b41233400c8f8a","0;21;24;303;320"
220,0.161485,0.180000,0.608941,"03e653c14f29e9f66d33f6da0c83bc376a894eee4337a5d11418d26e4f8d63a4","0;20;21;24;31;303"
222,0.161501,0.180149,0.672662,"8214b6998be5b0839f1f0213ccbe254fe513fb9136c513d30d125a039255ad87","0;20;21;41;303;320"
223,0.264175,-0.142697,0.578557,"58717662ab585d45e9f4a5a95f1f4fb7a695fde24c03b0c0f3f90e3f63b6a772","0;20;21;41;294"
225,0.250259,-0.152398,0.573107,"c1d11ffa30cc3935ac592364f497287186117c48c309305dc1b932c01882233b","0;20;21;41;51;294;303;320"
228,0.201963,-0.143688,0.597490,"d7506364221e7e3429c272af5f1f9577b6f57defecd5b5c8b3faca8267b76275","0;20;21;24;31;41;51;294;303;320"
233,0.099260,0.179146,0.636827,"d26852e14f2be8466d22f20a8e8a1598ea8d4ec30cb7c1c294fc9a1365197b8e","0;20;24"
235,0.102383,0.177943,0.672453,"87cdac17b2b2afaf1ed34f90f4f6df69177b331fb2dcaf7f6d067fc4947381e4","0;20;21;24;41"
240,0.084939,-0.049333,0.664687,"58ce5a2c7a8a5a6e3105e0ad2f23225172a1cda42e0b005fb2e7028f32842e0b","0;20;21;24;31;41;294;303;320"
252,0.193429,-0.195378,0.600990,"0fbfc40af8777ada3fd3bde5c86edffcdfcbfeb69f437ff79e5ecffe9ef728d5","0;20;31"
254,0.253563,-0.098365,0.575555,"b5a459ebfc07ebf956317156d553f8207b0a16fbb3f25b37cc8faf64bd8bf1a0","0;20;21;24;31;303;334"
255,0.272895,-0.104561,0.580613,"817291fd6caca81ebebb50749493c14ac70d7f1d8354c24084b87aac8c5803a9","0;20;21;31;58"
261,0.017758,0.176729,0.622784,"feb3ea62935c55d5a37dbd3d0abc5eb6bc9fd5d59e6bb880fb5904ffe306de57","0;20;21;24;31"
266,0.190319,0.002215,0.608768,"85fddd77b42f6fbc7eaa7b44d36389717bde6e6ae1f47d3eecae670469fbc0a0","0;20;21;24;31;41;51;294;303;320"
267,0.226495,-0.173460,0.585191,"d90f47a522026d33348252f6dd2390c366253facf19c05cc242aea802da0a1a0","20;21;24;31;303"
271,-0.015533,-0.079965,0.709805,"f374383039dd9248eae8a90dfedc473094b9dc63cf27fa1f91d1093f48270fd7","0;20;21;24;31;41;303;320"
272,-0.011025,-0.123183,0.705905,"2132f7456adba1587ef866ec52d4c6b4362c623c83f4ef1d0c0861264b8443f5","0;20;21;24;31;41;303;320"
273,-0.022507,-0.011554,0.708866,"89141364657f7153694a66189e1104bd8038522821b4304ed7f900024a0043b3","0;20;21;24;31;41;303"
277,-0.014743,-0.142118,0.711763,"902246a9428b30432c3562b30d820258628dea90029ec55094201a012504af8a","0;20;21;24;31"
278,-0.010932,-0.171627,0.702900,"3820166d095f7048e7a4e608ca904696888cea000cf3d31497f10137620c4e86","0;20;21;24;31;41;303;320"
281,0.151055,-0.110699,0.620675,"42b8961f398930a7be994270e4f24052817b6a1022588a758c325f4a8800030b","0;20;24;31;51"
286,0.226029,-0.031766,0.586561,"27fc4583fca3ead81ff199eed162fda55fc11efea7425dff3c1eaff49cfb1115","0;20;21;24;31;303"
290,0.143244,-0.123292,0.628205,"81a0975b658da0577e1b7054bcd0e4adeb2b221897fc82510418724ada006b8d","0;20;24;31;51;294;303;320"
291,0.031648,-0.049082,0.684134,"01fd914ff0af6ebe7e696844f4720d30956b524e8798597f2e9e272098d3c39d","0;20;21;24;31;41;303;320"
292,0.123593,-0.034004,0.646387,"787d136c18ce4736a08caa093337011000f44dea488bd12df1a9201062b2067a","0;21;24;31;41;320"
298,0.231786,-0.205153,0.590714,"fc4d7bec14464ff83404ee027357217078f41dea6893313ff3eda01030bb7460","0;20;21;31;41;294;303;320"
303,0.232258,-0.155437,0.588402,"4abc9ebab9e510c7bf1d0c39acff6258873be911364992f7cbd71a6b9045af5b","0;20;51;289;303"
304,-0.009177,-0.209651,0.700448,"2f79624d7d5ffb58cfecfc2f48dcd7a4fe6cff6fc5a3f7de377d81bf4fbf7ef7","0;20;21;24;31"
307,-0.010091,-0.170608,0.699692,"3820946d1d1f404877a4e408c388469c988cee080efad31d87fb513f7a084a86","0;20;21;24;31;41;303;320"
308,0.121137,-0.151857,0.645008,"dd7b794236994bd866ecfdee5bc5db303ee814fecb32ac3f7acd25fc6fb35671","0;20;21;24"
312,-0.104588,0.191708,0.640046,"28a4b9f8cded510fdf17ad189abd4838c91ad3101a6a7293cfd7d07fd248d6aa","0;20;21;24"
315,-0.069572,0.188691,0.639271,"029d0b9dd487ae671c005a46b4aa3040f82b1381519810ff6d268ec01d48b198","20;21;24"
320,0.266264,0.124955,0.714621,"199eedb5b43a6a3f36afd2f7f36e90c07fef6fadbdd8e51feeefff80ace0f159","0;20;21;24;31;41;51;289;294;303;320"
323,0.050299,0.157476,0.801167,"038b628bf693aeed5c415ae76948b6c47e2b96e5d6b80dfd2c04aac17d8eb99d","0;20;21;24;31;303"
324,0.011954,0.146236,0.850497,"0bef269bff91bce79f1d5ca7acc87684ef2bb3d5d67a0ef72e149eeb161cbdcf","0;20;21;24;31;303"
328,0.054505,0.181818,0.583941,"6c28fa60c2293bc232a72da91787431837fde1920052cc205f85016de5f30ee2","0;20;21;24"
330,0.120760,0.179882,0.571679,"a9f33f1370dfb5f5b87c37fd5c548eb5b614d62cf5fd3c5f6e0b75c44a848ffd","0;20;21;24;31;41"
332,0.181633,0.032904,0.608468,"5222068c4bd2b848af8cd2a36cc622d6febdefe10e4383dd91308b9f12062fc7","0;20;21;24;31;294"
336,0.179105,0.094483,0.648638,"381d7aee71c35770150c7d28735f2110dabb87e268ba28bf73cd208173ab66f2","0;20;21;24;31"
339,0.274178,0.083700,0.732122,"2330c44d751fe06b5fe07246c83896a4f80cf22da5f255de0e1ec3064fac7a9c","0;20;21;24;31;289;294;303;320"
340,0.011736,0.044695,0.825077,"a19ce55ff41beefe7fe27276f17894a57f4e362fa7fc6dff2e3ef780efdcd8ad","0;20;21;24"
342,0.009718,0.018805,0.709999,"78eb186a78cd57f4e30dbc283fd3401090fa4d484a2bca3dfbcd24797092ce2b","0;20;21;24;303;320"
344,0.013100,0.135788,0.864906,"5afd329cdbd5b4e7bf5dec09acfe26d4e47bfb41460b92ffb3741e3b1214afdf","0;20;21;24;31;303"
349,0.128375,-0.075358,0.654171,"f0d01ffc895f54a78517a719c73f285bc1b6e9027ccd5b15d3e3545730288c12","0;20;21;31;294;320"
350,0.128582,-0.083575,0.641957,"e4f57d60f84f5f9d3abab058d75f4d3b97d57d72fb677916fd8b657cc031c731","0;20;21;24;31;41;294;303;320"
354,0.258076,-0.097055,0.570677,"d91d5feeb8264f31a4808b40f773887366f67cea7981792cf1ebe61028f2a029","0;20;21;51;289"
357,0.238841,-0.106804,0.578499,"a8dc3cfe3ddd53b6d74ee400bed52365c872bf4a6aaf7abfe3ff901b121d747a","0;20;21;24;31;41;51;289;294;303;320"
364,0.104705,0.177303,0.585128,"8ff07671a596fdf5f9df57b5dddd9ea5b719d52ff5f42ec46bdb7dc64686fff7","0;20;24;31;41"
365,0.050922,0.177091,0.620459,"2bf47ef2251fdcfdf97b37394edfde379795d5a7f4f528d7ebdb7df74796cf77","0;20;21"
368,0.019084,0.182222,0.602844,"0133ae07e51cb437e8cd2b4de0a81e1280666a07d4a9a660263f7603c076dbcf","0;20;24"
376,0.253902,-0.185895,0.573037,"69c5754dbc4fc7bd4761ac08d3311c3218167868d928791d6fbc05745aaad228","20;21;51;289;320"
380,0.197925,-0.037009,0.618252,"beb775e7f773ffff1bef3df75d2ddca5ff5f973fb1fa69fe7fdf67e6fffcc5f1","0;20;24;51;294;320"
382,0.189662,-0.052035,0.605975,"d632f3b4ca4f355bb9eef2fdcef7411e37f5efa030c7b2c29d966f8ea82427f3","0;21;51;294"
387,0.100238,0.180572,0.641105,"126ad2a54729ea426d22fa4bae0a359ceaa94e830cb381ea94b49a13ed7b7b8e","0;20;24;303"
393,0.209133,-0.188723,0.587081,"a984c5b99c3f44bf5773a858f368183959c26e3c3f6e5f17efcfd574f8d8d00a","0;20;51"
394,0.195582,-0.207707,0.604167,"97cf47d7b432e6ad759adb666060bde579662aeee1f00dee2c2ae7068dfaf8ad","0;21;24;31;41;303;320"
400,0.257801,-0.025822,0.576010,"fe6be4056d5bcce8e3f494af4b0cd7af4ae4eeefcd77ef883651c5bd6fbf5ed4","0;20;21;24;31;41;51;289;294;303;320;334"
405,0.126098,-0.133300,0.641165,"199d1f6c93e637f7a4486e00ff77207023735c203189317fe9a72640f842a13b","0;20;21;24;31;303;320"
418,-0.010105,-0.102628,0.701916,"05b9bd53eed9b390eef83564f4d8c422837a7a598378fa714c1b2fea4c2b5bbb","0;21;41"
421,-0.013837,-0.121199,0.705812,"503257454a4b21582ea066ec1f93c096269c6a0801dba75014a021206b8007b1","0;20;21;24;41;320"
422,0.012826,0.134806,0.859671,"42dd329c5bd5b6e6bf15ec03acde26d4e67bdbc1660b92ffb7761a3b1214afdf","0;20;21;24;31;303"
424,0.109670,0.087153,0.918454,"bd4743e2cc20eed4a432bb465983f9ef6ace1efa51330ce0b4c9ae846ffbf9a0","20;21;24"
425,-0.102212,0.187112,0.625911,"7d676067ac134fb841e0bdee5368dfa758c4dceecd23eda8b2c9a5b46fff5a74","0;20;24;31"
428,0.151549,-0.170206,0.610280,"ed62e845641fee9479ee364cd308dfbf9c4c647fc5f4ed28265965b44ebf5ac5","0;20;21;24;31;294;303;320"
431,0.267622,0.116834,0.720289,"31a2c45d9c3fe83f76fbf65ed36896ed7dce7e8dbdfed79d8eebf744efe8f88c","0;20;21;24;31;294;334"
432,0.220707,0.076131,1.022818,"885e7cdf2ab994b29f1e74b7ae49a74b8773ef4262ec43bf46b3709b5ef90d9b","0;20;21;24"
433,0.067339,-0.003118,0.664354,"6eb8f55d3bd958a8aff5f4a8ebff5e9f5abdff900a6affdd9ffac7fff7a44e7f","20;21;41;303"
434,0.274772,0.047521,0.649711,"6ab0321afbfd904dab35a5198edc6e9e8133ea11166b9af11f30197bd20c8fc6","0;20;21;24;31;58"
437,0.263774,-0.041763,0.571341,"1d728be1360f2bde16e9dee69d17e1e07e9c1ff98b91518adcc5af84ae9839b9","0;20;21;24;31;41;51;320;334"
439,0.273540,0.162731,0.640795,"58df17ed34c26737e50cde60b333a040c8b20fc0588b41ade0f1a2813688f42b","0;20;21;24;31;41;51;294;303;320"
445,0.160670,0.179393,0.606074,"03c473c14f29a9e66d32fe5a880bbca56a88deebc333a5d51418daee570d73a4","0;20;21;24;31;41;303"
448,0.011052,0.142456,0.834145,"0bef269bff99bee7df1d5ca7ace87684ef6bb3d5d6380ef72e169eeb571cb9cf","0;20;21;24;41;303;320"
449,0.173969,0.032698,0.614804,"0b702e894d1fb058ef69d646c898b6a4ec8dfec587b357d01659aba34f0e799d","0;20;21;24;31"
450,0.162769,-0.000977,0.629386,"0443d5e1b40a6f9c77a07ae0d363995057de2e6ae1b04d2eecbe2584ecf3c221","0;20;320"
451,-0.019907,0.185570,0.599254,"c9e882b649dc6004aa350418ad92429e8067f859064d92a19ff19a3902041b08","0;21;24"
454,-0.068812,0.187333,0.633616,"009d1bac95c7af6784004a02b4bb3040c82b138953b810ff69369e001008b1aa","20;21;24;31"
463,0.039455,-0.008507,0.682752,"53bb87bca9880487ab998aedaee240d684e7ed551f4bc3e1b8f41ffa8816ab0d","0;20;21;24;41;303;320"
464,0.010025,0.018757,0.721547,"20a37149f48b67fd772d7ce833458c343e9a0678d3ba6c3f6c8c24e4778ac6a9","0;20;21;24;31;303;320"
469,0.017495,0.175951,0.621121,"feb7fb62b3d45bd1b9ddbdbd1addde37bf9fd535bf63b8c2fbd925ffcfa6f657","0;21;24;31"
471,0.121942,0.182382,0.637468,"4123da8f4e2def402c05fa0ebe8a2a526a8b4ecb423391e395259a28415b6b88","0;20;21;24;31;303"
478,-0.020823,-0.234179,0.706416,"5abd1eb88bc015e7bb17ac39aeff2653e7b3ed807e4ba2f79bf35a7b1204af5b","0;20;21;24;31;41;303"
494,0.067360,-0.003313,0.674112,"77f8784a5fdd5a58cfa8b52a6addcfb6eeb0ffdace27eed11b1c81fb778f4e4e","0;20;21;31"
498,-0.103880,0.190899,0.638310,"bdd7e96796134ff850eedfee53659ba45dcc94eee9f26dae7a6fa5946fffd871","0;20;21;24"
499,0.099528,0.178651,0.634481,"b281c28c5d2fe2cc3d01f05b06aa2d50f8cf4ee12cb341c395348a1e5179728e","0;20;21;24"
503,0.245374,-0.027184,0.579841,"8c9e33fab4f4bff83f5b5df2fdffb8edf75b97abb3d42affebff2fcc9ef7a5b1","0;21;24;51;320"
504,0.227028,-0.190185,0.586272,"88f919bab9cd12958f198419b6d72840843bcb5052095a35ebd1107b1008853b","0;20;21;24;41;51;303;320"
512,0.051078,0.177107,0.620250,"1ff0fee0261fdcb3ff7f3fbbcfdfde34b795f587dc253ed3c3df5fdf67b6c757","0;20;21"
521,0.043442,-0.146050,0.685821,"0a9db6b3e5fdf4b7bf7b6e15aebe666ca11fea0176f81bf3efd75e639a4ccdde","0;20;21;24;31;41;320"
524,0.012595,0.131363,0.843468,"42dd329e5bd5b6e69f55e823ac9e27d4ee7bfbc1660b92ffb7361a2b12142fdf","0;20;21;24;31;41;303"
527,0.010070,0.148224,0.872601,"03fb229a7f91bee6df5d5ca7ace87684ef6bb3c5c63a0ef73e149eeb1e1cb9cf","0;20;21;24;41;303;320"
528,-0.014941,-0.076607,0.700473,"d2343b3c29ef154bbbcaac399edc0339b6b9df212d27b25ef110093b48640757","0;20;21;24;31;41;303"
531,0.161789,-0.012807,0.633090,"fd676d65be0b4fb850e8beee536199337ec47ceee9f2ed2efec9e5b46dfb5221","0;20;21;24;31;41;303;320"
535,0.179106,0.033425,0.600105,"5a222e8c6b93b9588f8cd4a74ccee6d6eebdefe58e43e3d1d671abbf16062df7","0;20;21;24;31;294"
536,0.177406,0.032887,0.630066,"0b2026896d1fb048cf68d6638898b624ec8dfe4585b347d016788a935f0c7987","0;20;21;24;31;320"
539,-0.020453,0.185579,0.598018,"e8bf0ba6b9dc5315aa6dbd3dbe97c293c02ecc50db0bf2b1e1f1a2f90a06de7b","0;20;21;24"
542,0.265203,0.135151,0.718478,"38077965320a6b3175ac7eecf32590707efc4c68c9b8650feeed21c065aa4639","0;20;21;24;31;51;289;294;303"
545,0.201442,0.180041,0.588809,"56e412805d5fe0e62d35e61b0e1a2ad5e985cab11e3711c4bd108a57c10cef86","0;21;24"
547,0.153205,0.186722,0.660955,"d263128809a59e6fbe04899d8c866054fc3d6b83540b92d2b1300b7b1054a786","0;20;24;31"
549,0.077559,-0.002011,0.665012,"f8e8726a1dd55bf8910cf40a2bddb3b478f8d56a6a27a8bff3c9a039738f7e68","0;21;24;320"
552,0.271447,0.096212,0.727421,"5a2207e94a42394ba73dd6a38d87205b6e9def8008dbe3d0d5a0fac9378025fb","0;20;21;24;289;294;303;334"
553,0.272210,0.081454,0.732327,"23382ead4c1fb04f4ee1d20fa0883608e80dfa0584fb57d414591a3b5d0c79de","0;20;21;24;31;41;51;289;294;303;320;334"
554,0.124556,-0.035217,0.650908,"bafb703afbd996e58b55b5bd2e9c66978ebbd7577e6baab13b5114fb771fdedf","0;20;21;24;31;41;294;303;320"
555,0.111948,-0.054512,0.655059,"29f8716d4dcdf9676b21fc00bb9f0430ca9f77884b3af3f147fd123a538042aa","0;20;21;31;41;294;303;320"
556,0.181203,0.094083,0.653077,"07949791b3a6b98fae5b4b148c362e6ca7133b9593983bd40d165ec69845a1f7","0;20;21;24;320"
560,0.226386,0.183933,0.592711,"f26c5288dd9bf2462d21e81b0e0a24d4e88dcad13caf41e6b5349a7bc10dea8e","0;20;21;24;31"
561,0.272286,0.162529,0.638678,"dadb16bc27807436bd0e52672c93a0c7e265aec0e18d02edb0f2da8a2e94251f","0;20;21;24;31;41;51;58;294;303;320"
562,0.236390,0.170801,0.644517,"9a4c2ebc0cd65c24b48ed203ef1e33cbecf5fde36ccd13edf3e3fa913439354a","0;20;24;31;51;303;320"
564,0.155565,-0.176161,0.628270,"418f3f44e41ced37e9cc7e4c3aa89633a066646dd5fba2497279648048e4f3cd","0;20;21;24;31;41;294;303"
567,0.095266,0.063279,0.936400,"cf6d6bc3e4b0efd0e45a5fd6d9cfdb6e6fee7fded594efe27669ef8427f7f1f5","0;20;21;24;31;41;303;320"
568,0.013397,0.044839,0.803730,"4511bd47ac2ee7baeea9bf40d7738d6295567c0891a17b64cdbe7714c8e3c121","0;20;21;24;41"
569,0.011046,0.018580,0.707466,"a0a77143f08beffd752d7ce4314594347e9a0678f3ba6c5d2e9825c4778ac6a5","0;20;21;24;31;303;320"
573,0.106204,0.180530,0.593806,"0ff076e12716debd6d4a3fe3cf5d9e249715f5a7c4a42fc7e3df6fc667b6f357","0;20;21;24"
577,0.233721,-0.089308,0.586789,"d08d1efa9aee152fac148611f7732053e2b76fe078c9037df9a36e513000a50a","0;20;21;24;41;51;294;303;320"
583,0.089517,-0.162685,0.663297,"81cd2fbfbc86aff7dc48da46f5f2b061e4631eedf38935fda8a8aec01c18b1b8","0;21;24;31;41;303;320"
585,-0.010348,-0.211962,0.707170,"a91c6afe75f5fe79574e7dbf79ddb2a07eaa938fe7b63ebf774fa1a97fee7ed1","0;20;21;24;41"
586,-0.010058,-0.102384,0.707655,"09333e6d2997b85be6d8f644ddcd20a0963dfa2c81e1331dc3fb230c4a8029b1","0;21;31"
587,0.152789,-0.072530,0.626565,"24ffe9a9f4d9eeff064158e7f3ecfb20594a06554f3a6c336c45adadfdfed4d8","0;20;31;51;320"
591,0.172770,0.089543,0.656567,"33cf6d0dfe138e7f44e098ee712894201ea316efcdba451e300cadb47dbad89d","0;20;21;24;31"
592,0.176131,0.074814,0.654229,"81d2135b249fe0dc7e597364ecc8bcecfe08064fc7bc2ff5065b32c45e9ee99d","0;20;21;24;51"
594,0.227045,-0.031838,0.588212,"f56ecd807e2beecadeb2b2ea5168d52b7fc57affa4674f7e3c0aef34b5f95180","0;20;21;24;31;303"
615,0.098044,0.062990,0.951710,"cd8f6fd1ec906fb3e5c25ee2f9effb6777ee7fbef5d0efea6effe784a7f671f5","0;20;21;24;31;41;303"
618,0.228013,-0.088484,0.572307,"d8c896bf290c3ca7be13c211effb28cbe775ed836c4dcbb3c3f35e0b1070ad0b","0;20;21;24;41;51;294;303;320"
620,0.237343,-0.107174,0.572919,"a8d83dff2ddd55bc5f58f408be55217dc07abf4a6a6c7bbdc7fb501b5298442b","0;20;21;24;31;41;51;289;294;303;320"
627,0.251135,-0.151353,0.570556,"1f6aaebf3ad03b10e6dddfa5fdcef36a62697dd78681ae61c827af89a4332d53","0;20;24;31;41;51;289"
634,-0.014324,-0.013259,0.703928,"c93c7b7172f9b147e9487e38be918430a23f5c0003bda04ed6f9308b4a000bab","0;20;21;24;31;303"
635,-0.102306,0.190217,0.636312,"3dc7ec47f6134ff853e6dfae5b6d9ba47fccb4eee9f26dae7a6fe594e7ff5c75","0;20;21;24"
637,-0.008902,-0.171035,0.702185,"ea34360849fd104faf8cac190edc669f80b5eb21064792549371013b4204af47","0;20;21;24;31;41;303"
643,-0.012486,-0.122389,0.706042,"cb6f274be87baf5fe46fffb8988cd6bfce0efe8fb1efe772343832b846d5e7f5","0;20;21;24;31"
646,-0.069581,0.188308,0.636633,"04a089ab3c27cb1916395150d7435868590837bb1b765b15cd87ab7c908b90a0","0;20;21;24;31"
650,0.219872,0.037464,0.587808,"818cda7534ae61177c0f7610b3338270012a061833bc316f4fbf3240c0c04028","0;20;21;24;31"
653,0.188393,0.035556,0.627849,"426206ac4b83b848af84c183c4cf64d6eabdebe10643c3d195708bbb14062586","0;20;21;24;31;41"
659,0.246784,-0.051113,0.574507,"2772e9e7e61fff9c1fee5feff9dddf28dfdd37f7c3f4efea665fafa4afffd0f1","0;21;24;289"
660,0.017099,0.176709,0.624170,"67fc79f2eca5bd778bcab96f1cffd4328f335f0fd14bfaf65f1efffa4d6aa331","0;20;21;24;31"
662,0.191030,-0.184286,0.602536,"0bfbfeed7e9ffaf8efcdf6e7bfdf9680ee61df4fc7b923edded923836f8e6bdb","0;20;21;24;31;41;51;294;320"
667,0.194085,0.062958,0.658584,"88dcfc7fd3f23fbf3e174e92f97f1869337fbba270dcbfff676ffe81b7f4a53a","0;20;21;24;31;294"
668,0.012720,0.049244,0.807688,"5d11b967b46e67b96ea9ff40df71897016567c4899b8f922e9fd2714c2e3c121","0;20;21;24;31;41;303;320"
669,0.037843,-0.007643,0.683698,"a2a9535bd2fba1cd7e117850b05484a5ba3a425833ba287d2d180262d100e7ac","0;20;21;24;31;303"
673,0.226887,-0.067226,0.583145,"faecbcba89fd54cfabb7a0192efa4f9b89f3e9112e6fdaf39bd3553bd2558e0e","0;20;21;24;303"
674,0.216003,-0.104028,0.580563,"7e39eaaef5ec5a591bcdfd0b3fdf6358deff9d551a03d8a0dbf5a8f9966fb653","0;20;21;24;41"
675,0.219146,0.075454,1.018121,"231697bce226353f9ddb72f5c6e6a24fd7772e25b5d3424e80327e86987ca1d5","0;20;21;24;31;320"
678,0.137630,-0.201584,0.638065,"59dedbed26026f96794a7ee6bd27b17266ed3cccc19ca5ebe6effa802ff061f9","0;20;21;24;31;41;303;320"
683,0.268470,0.077990,0.729658,"3c2369aa1c4b4bd803e4b18b434d1b1058c8cd679a236fbdd3c5817d75af5672","0;20;21;24;31;41;51;289;294;303;320"
685,0.226096,-0.158168,0.579167,"faf868281b9d5bfcab5dac1d3fdf4e10b4d1fd55ce0fbaf3fbdd017f73044e5a","0;20;21;24;31;41;51;303"
692,0.163439,0.116335,0.655573,"16b974fa4bc19cc88f90cc82acdf6d23ee7bbbd342431af1dbd14f3f362f25a2","0;21;24;31;41;294;303;320"
700,0.226582,-0.178740,0.588849,"de21ecf4ad605d0babb6879b8daf515be3b7fd913847c2c0dbd3dfbd86e4b462","0;20;21;24;31;41;51;303;320"
703,0.127039,-0.075700,0.638891,"5ca09cbe89ec110ba21faf19f7f74a5ac197ed101a4bda03d9e53f39a0400e02","0;20;21;24;31;41;294;320"
707,0.265392,0.094645,0.714863,"722a0ffc48c2294a263de6a00187205b6cbdef9008dbe350d5e1fac9308026f8","0;20;21;24;31;41;289;294;303"
710,0.051182,0.178518,0.623829,"52e8fcf0263fdd837b17bb9b8fbf5430afbd7583ec6affd1f3dfcbcf65f0e707","0;20;21;24"
713,-0.012206,-0.123109,0.708514,"cf6f634be979bfdffd67dfb888acf7ef4f5efb0ff5ffeff2367d1eabc6d5f7fd","0;20;21;24;31"
715,-0.071986,0.191326,0.651416,"a56809e34c0fc6d806b0b14ad341c92858c84e7a4b26cb12b480a57cf9bb52a0","0;20;21;24"
716,-0.020007,0.179571,0.691458,"820d139e5da5b4629c025813a4fa2445f83b034174bf12ff35308a0b11683186","0;20;21;24;31;41"
720,0.013564,0.131692,0.847059,"4afd329c5bd5b4e6bf5dec01acde26d4ef7bfb41660bb2ffb3361e3b1214afdf","0;20;21;24;31;41;303;320"
721,0.190876,0.034954,0.627716,"52621ba80a43a848ac2cf1eb858a2150ea9d6fe10907c35090a0aabb10032782","0;20;21;24;41;51;294"
723,0.191222,-0.002413,0.611195,"a194dd65340e61377ceb6654b331907001ac6e0cb9fcf10ecfff300468804038","0;20;21;24;31;41;51;294;303;320"
724,0.272932,0.176771,0.650981,"3c73f9e8ee01afd842b014ea11c9f9087ed817fbc3238eb07889a7ac75bb77a1","0;20;21;24;31;41;51"
728,0.076342,-0.002911,0.662925,"21fe6c4b74c3effd454c7c263055b6355ea816eee3be647d6e1aa4c0578af6fd","0;21;24"
732,0.081316,-0.046898,0.668843,"97264305723a6e7a7dc24af64d42b1f536cd5eefe5d4054e342a6b842de52b44","0;20;21;31;303;320"
733,0.236910,-0.107661,0.576234,"b0d97dff2ddd56bc4f387428bf1d2475c61a3e4a422c7bb5c7d9503b7299442b","0;20;21;24;31;41;51;294;303;320"
735,0.243386,-0.135369,0.580691,"4bb3f535eb5cbdb7aaf534adacac4e9f8657f115c578f2c04e595fb6cec487ff","0;20;21;24;31;41;51;294;303;320"
740,0.010949,0.021267,0.757594,"a1de5d4f240fefbd7c6a7e44f1439c311e00566ee1b4597f668a66805ab2c3b9","0;20;21;24;31;41;303;320"
750,0.171264,0.033794,0.628260,"237306a84c8de148cfecf14f82c87684c8ad6e65cd23d7d094108bba5d0b7b94","0;20;21;31;41;51"
751,0.161345,-0.010693,0.632689,"495f3f75248e7d37f9ea7e4cbe2d117384267c0ce1f8f16ee7ff748048f0c379","0;21;24;31;294;303"
752,0.156752,0.102717,0.639125,"56fa96ba9be530c6af1d88032cdb68d8e11bab91164b1af199d25f6b9057ad0b","0;20;21;24"
753,0.171969,0.076117,0.654359,"b64722929623cecf1427d99b42683b0979ca03bf3ef70cfeb8068f75f57db5c4","0;20;21;24;31"
757,0.102914,0.063564,0.896213,"b7ac63f19432eefbf5c2fad669eaf5e57bee5fadfdf87dce3e5e8784aff4788c","0;20;21;24;31;41;303"
765,0.006205,0.138263,0.828726,"02cf229e7fd1bee69f0c58a3acce27c0ee7bbbc7660b02ff36369aab141d2ddf","0;20;21;303"
768,0.242363,-0.082253,0.589043,"55fc9d66984e47bc60faaa48d731493201c66c7a6965f92ef9ef6514e8f34228","0;20;21;24;41;51;294;303;320"
769,0.227459,-0.094674,0.582043,"56399daeb8a45a0baf99c941b6f3415ac4ff7d901a4bdb6899b48fba88632303","0;20;21;24;31;41;303"
773,0.238916,-0.157623,0.582034,"db31a8a11bd5595923ed851f3f9e4232b4b5fd959e4ff182dbc98d7baa040e5e","0;20;21"
775,0.064068,0.022194,0.651008,"0b18e7bb67fcb917bf515616bcde36fde6bbb39d93dc72e1477b9ac28f04b17d","0;20;21;24;303"
777,0.110617,-0.062203,0.666423,"a02d1869dc8f42637200601897814010982a02181abec21eedc501697008c282","0;20;21;24;31;294;303;320"
780,-0.015916,-0.079262,0.719116,"ce3ebafaea7fbeffbc2bdef89cbf80b9b7dfdfb3b1cf8be2fff77ebf8251afbb","0;20;21;24;31;303"
781,-0.014016,-0.099181,0.713546,"cdfcb8dabd3f57ffdf7f9c389eb3827dc3c65f3eb46fe9f2ff3f77ff925d8b6b","0;20;21;24;31"
782,-0.014873,-0.011429,0.704970,"887f737be2bc3d57ed0f7ef0acc784f8a63bce80f2bda263e7f1328ac2d0a7a9","0;20;21;24;31"
785,0.261238,0.133871,0.717492,"a9142d55648e6933757ae614b301947d49a47eace9fc710f47faf0404a8852f8","0;20;21;24;31;51;303"
791,0.153615,-0.173490,0.615060,"9878bb7422d2b756f9caf6603c9ea72aae7dd4c2e5f5b26a73f13e8b493027fb","0;20;21;24;31;294"
794,0.212694,-0.123899,0.600784,"2cb76a41f2377f7321ed3d8c1927ce143f9ad7bcd01a38567fcda5e4e3c6e6f1","0;20;21;24;31;51;294;303"
795,0.265872,0.075402,0.715705,"3c7d696cdc074ffd02e0bc4a5335d1305cdc57eac932791a738da53c7dfad2b2","0;20;21;24;31;41;51;289;294;303;320"
797,0.210005,0.072462,1.018514,"1dbbafb7b4d6bff036fdd6e7f477da6a7f5e3fdfc3d8ff61cf2bffc48caab5f9","0;20;21;24;31;294"
803,0.035872,-0.006791,0.691576,"e6a0ec32ed79d145e977a5990b0c5e1b8b80c9151e67e6005a51547fe5ccd656","0;20;21;24;303;320"
805,0.198286,0.061939,0.663379,"568efdffbac25ea9979ed2a16d6f3d43d777fda378c90b2faaefef95b5f22503","0;20;21;24;31;320"
806,0.147440,0.182234,0.650183,"422513885805aa4caea2c1cd94c260d0e03d6be3100bd358b5300b3a18122392","0;20;21;24;31"
807,0.091940,-0.164711,0.669587,"d45e7fff2e227fb0944edfe6f567a96176f53feaa1952ffff2abeb8034fb2579","0;20;21;31;41"
808,-0.010871,-0.171499,0.711217,"6effb2baebfd96efbf4ffdbd8efe2edcffdfff13744b9af2bb775efb925dafdf","0;20;21;24;31;41;303"
809,0.187517,-0.134659,0.602584,"53f72800bbdd1befab7d8eac8c16ceb4a757ddddd74bac75f8141fff82068f7d","0;20;21;24;41;51"
816,0.240487,0.161848,0.626166,"46d89793cfc0b586bed7ca33acbe66cee177bbd117c9bbe12d32de438454adde","0;20;21;24;31;41;303"
822,0.105011,-0.154438,0.684910,"567bebe6be427ff820c8dfe6556fc97276d57dfed983ade8f8edaf84a5b33571","0;21;41"
832,0.215911,0.087139,0.730099,"d6cf0fbe92602ee4b412c9f1e566a95367534be278474c2fb0a2ee993073a5b8","0;20;21;24;294;320"
833,0.095403,0.076669,0.965062,"3549c6dfd6a6c7d453a0ff0a7369bd7c7aee66da58f37dbcb7eec510e7fbf0a4","21;24;320"
834,0.247941,0.132287,0.646880,"8919b3d9f5bcb9177f495e54bcbf7464a63b161cb398b0e34fbc3ac28a00a1f9","0;20;21;303"
839,0.261037,0.095130,0.702399,"58222bf9008c6913a605e695b587405864bd6b980a9c7311c7e59a4000802460","0;20;24"
840,0.214269,0.073504,1.056060,"1d99a7f534ce39b826f856e7fd7fd862777d3fdd83d07f9dcfebefc426ae3571","0;20;21;24;31;41;294"
845,0.036199,-0.005759,0.678552,"cd76284f2c1dcfb86aea154cd96d9b331460556ee104ff1b675d25bc5ef35b51","0;20;21;24;303;320"
847,0.158753,0.127580,0.666887,"be357ae85bd19f689504ad9b0ddf2b207eb99be2780738def3c58b7f370f24e2","0;20;24;31;41;51;303"
849,0.016491,0.188730,0.748033,"018d5b61948b639566216a40f341907072ae067c1bb8453fecad2440ed8af2a8","0;20;21;24;31"
852,0.137303,-0.174701,0.620833,"0d1f7be1f6bb7b32efe87fecdfb1f074376d366e91b02cf4cedf21e4eeab41f1","0;20;21;31;320"
853,0.009740,-0.078049,0.659799,"9ecae63783927ea6ffd77bf1ebee57da27e7ecd6bcdc8fea8ef35783e7f72f4e","0;20;21;24;41"
857,-0.018351,0.175421,0.672572,"118f43afd622af7714034ac27123a04079ae02a85998052f74a6ae00bdeab1a8","0;20;21;24;31"
909,0.243665,0.186837,0.519731,"51e8983e0c8df0aeee31aa09f7f85c3281476855466bdb35d9af157d4000430a","20;21;24;41"
3542,0.407110,-0.007967,0.352965,"0b1b34af30863b382c485ac4fd7e927186333fed859837fde4fa6ac01c8721f9","58;66;282;320"
1069,0.036690,0.181298,0.589517,"64b39823b829101b2b3d39fd870e4a18971fe5111e30c910ced539ffc8438f93","20;21;24"
1077,0.213051,-0.096399,0.592993,"29e9616af5dd4bfd536d7c0c3bc5fab45aea965cdf3afcbf7fdd05e9778edefc","20;21;24"
1079,0.221603,0.179432,0.578952,"3e8412aa8d43d66d8507a91b4a8a2e94f993ceb25ca30086bbd7965ff34eee06","20;21;24;31"
1083,0.211664,0.000697,0.593806,"40b89fed38cfb968ae39c301b5972042ee1d7bd003cbd355dda17a58100225fb","20;21;24;31"
1091,0.209329,-0.055789,0.590666,"fe8df6febff25eef1fb7bf134f7e7ec0fbd7ff937effd9f7bbffd757f7defc4e","20;21;24;31;41;51"
1093,0.210749,-0.001774,0.592753,"51301fe908cd4158a668e24c97974072449c7e480b07f311d5a9223c38832030","20;21;24"
1094,0.199718,0.178002,0.582653,"a4215a89fd0de8412d21fb1a8e0a1cc46a8dceb110b351d09db88a65c50beb82","0;20;21;31;41"
1097,0.207195,-0.157871,0.599724,"3b056b45535eff7061e0fe8f592d37303eedd3eee5b135ce776d81006fe662f6","20;21;24;31;303"
1100,0.203346,-0.170777,0.598526,"6bfeea50e3d0fed6bbef76bf28bef6bceffff795e7ffa4e27e5f96e3cfd4fedf","0;20;21;24;31;41;303"
1101,0.205392,-0.156822,0.595007,"2b0d267c3df6d863c5c8fc023afd36a4c8a2b78dc8ab72cd43ffd20b536c7cee","20;21;24;51"
1106,0.181093,0.179832,0.597954,"026157a96c89e947ef25fa0aae885450aaad6f9102b9c3d1d5b81a104408e7aa","0;20;24;31;303"
1109,0.199278,-0.102728,0.601531,"5aa8b6ba89fd94cfafbf8209eefe6ecbe9f7ff115e4bdbf19b535f7f8254af4e","20;24;51"
1112,0.179860,0.178472,0.593112,"10f453894f4de866ad30f20e8e0e28576a894ee1533751d5d590ca6c7508e790","20;24;31;41;303"
952,0.274465,-0.140431,0.562682,"1abf726833d21e67a504eea12fc7a6d4b6bb85e05e9b24ffbaf50acb3286ae7f","20;21;24;31;41;51;58;294;320"
956,0.272407,-0.003344,0.568303,"cc7696b6a964379fbbbf8f39ccf748dbb75fed9232458ae2fff77fef8275af23","20;21;51"
965,0.275748,-0.176932,0.570166,"6238fb5062f9b342694f7caf3a9dc738aeb9f7128736b660571c30abe5c366d7","20;21;24;31;41;51;58;303;320;334"
3168,0.577802,-0.112504,0.381895,"1b737f612f1ffb586fe8f7ef5f9d9624b69dff6fc5f1a3d0d3d921b26f8f4575","51;58;66;275;282;289;294;334;337"
3170,0.585593,-0.132946,0.389575,"213229292c5f8058ce6cb16c929c96a0dc09ce618da3f71c85d9abba59095ad5","51;58;66;282;289;294;334;337"
3176,0.572708,-0.121147,0.377070,"6b73694969579b58056cf5e5999f97f4ce1cffee8d92e79077f9aaba1e977ef5","51;58;275;282"
3177,0.590398,-0.161062,0.377886,"7fb6f872a97c579b3bff3f7ddfffcf3e97d7fd12bf50fba2ffdf75ffcaf78e77","51;58;66;337"
3181,0.583271,-0.158623,0.373673,"7fb2fb7073df7b583bed366d1edfd634b7fdf51587dbb8cc5bdf25eeefa407ff","51;58;66"
3190,0.546294,-0.022551,0.418922,"d8383afe09dd5152ab1ca418bedf2013a0b3fd000a4bbaf1d3f9523b5200277b","51;58;66;275;282;289;294;334;337"
3199,0.541987,-0.040206,0.414833,"a170a55d4d9de858dff0f04cb28854afc82c7a1d8ffff791173ad33859085abc","51;58;66;275;282;289;294;334;337"
3200,0.541107,-0.022585,0.414889,"d2aefebaeae0b8cebf1fd6b32ceee65b6fb7ef913a4f8ef3dae3fecbb544afdb","51;66;275;282;289;294;320;334;337"
3210,0.544132,-0.022902,0.417009,"dab83efa2be01142af15a43b2edf625ba3b3ff81164fbaf1dbf15a7b3304275b","51;58;66;275;282;289;294;320;334;337"
3217,0.546791,-0.038819,0.418412,"a1a4f96174eb6b1377eb7e58f31190305bbe1618b3bc610f6faf3140e788c6e1","51;58;275;289;337"
3218,0.548770,-0.039099,0.421156,"ad3ef757f6bbebdc7fe376f6f9659cac7ffe1638b1f46def2e1e37c0e7d9c2e5","51;58;66;275;282;289;294;337"
2689,0.415846,0.027514,0.497406,"0f367961317e7b19316e17f59d1fdfbc9715d52ea594358ec7dd21a6eee70f75","41;51;58;66;282;289;294;303;320;334;337"
2692,0.397519,-0.144678,0.498106,"101c9bffb4ee2313360b5b70f7f7a068573b34083398513fc5e73a40b8c8a1b9","41;51;58;289;337"
2694,0.411899,0.027478,0.492147,"f6b4a424d95fd4ebb3eeb80d42fc5f16bd97fd25ec63f21abb5e45bfe16c5ed7","41;51;58;66;282;289;294;303;320;334;337"
2697,0.405670,-0.168610,0.499761,"208c109fcded16a79e0b4809a6f022c4c17aaa00762e5abfad96157b1048dc8e","41;51;58;282;289;294;303;320;334;337"
2701,0.407467,-0.168051,0.500089,"34cc07de9dd746ecd686c80262f129c0d9ea2a6a68af7abfb9a6851a103af46a","41;51;58;66;289;294;320;334;337"
2705,0.391807,-0.091289,0.510862,"ee3cec5289785198bbf2b799cb7d5fff07d4fd53b964fff0cb7bd1bfe7755e77","41;51;58;289;320;337"
2706,0.396984,-0.142223,0.498575,"de7c94be296c5c88a3fe8619eff74bdbc5d5fd022c47dba0d3f3dbbfa2f50e53","41;58;294;320;334"
2712,0.412085,-0.063618,0.537993,"0bbab69afb9591739f7954750cbea66b8737ff91b7cb23d45b537ecb9604a5ff","41;51;58;282"
2717,0.388179,-0.189528,0.509228,"bafb62987fd1bae48f5c94af28cc7685eee9d7d5ee4f36f53a598eeb37143fdf","41;51;58;303;334"
2719,0.377767,-0.075699,0.517873,"f1ed1c7fb28f5fbd3e25eb14767b0c50b5ff7918fbd8f93ff8af355068828308","41;51;289;294;320;334;337"
2352,0.361674,0.083391,0.584112,"b65d67aecf679efc81caf9ef53fd3d12fcf5d7e3c9231aaaf1e0edbe7d7bb6f3","31;51;58;303;334;337"
2358,0.235448,-0.192851,0.614622,"78d4bcfc296d51be833fbc28d6f7485bc9d4ed200867da11d3f7713fd068043b","31;41;294;320"
2360,0.226196,-0.176393,0.583768,"4a2186b28d245d47abb789198cab485ae1b7e9915a4b9ac0dbd2df7b8046b70a","24;31;41;51"
2362,0.393502,0.112531,0.562103,"17164380e632ac593dc2dbf74d2ebfed7f851fafbd9305ccb02eea84aff5b955","31;41;51;58;66"
2376,0.205314,-0.146669,0.603917,"26628098f8b158ca173fb0b981ceff98dd8987950e064ed21e54bbff97dd5ec5","31;41;303;320"
2384,0.197441,-0.068692,0.606800,"3b4ceebffffafd573dcefe8779eeb7697fe7b78db4f865ef776ffe81e7fcfdff","31;41;51"
2388,0.190608,-0.185402,0.605704,"933d3aec2dadf851ed08fb47bfdb3570ecb95f8d8db712dbd3f98a88488a6993","24;31;41;294;303;320"
2403,0.177927,-0.023058,0.617320,"0f59e796eff2bfd09fd65387ecfc77cbff67fbd7c5e1bee8077bcf030f7f75f6","0;20;24;31;51;294"
2404,0.174713,-0.217197,0.624930,"3c65d1c3fc6b46dc57a8f96af371d9b479dc5f7a4bb2c9bebfcca534b7fb52a0","31;41;294"
2427,0.262773,0.177463,0.615793,"38cd6e6f9597cff44580ee027b793c6478f219ea68ab3dbd7bef851077baf42a","0;31;41;51"
2440,0.382042,0.132292,0.617036,"8abcb2facff5bc778b5f1c3bacbf662bed339391b60fb2f17f519eeb975cb7df","31;41;51"
2449,0.386324,0.135920,0.632058,"eab43ab8cff4bd77895f9c3fbcbe6627edb3d791b72fb2d27f559eef9f5cbfdf","31;41;51;58"
1855,0.242877,-0.208793,0.582771,"5af2fee43bd8395faf7d9ead3cdfc652a635fd018649b3d1d7f53bbb2e042f5b","24;41;289;294;320"
1859,0.243204,-0.135334,0.579325,"d55b9b05220a3f30a8e852e5d5a6835626657c4fc5d1a568e4286f802cb50155","0;20;21;24;31;41;51;289;303;320"
1863,0.233898,-0.170558,0.581216,"b5405be5246e691074e27244d301917970ec346ea9f4f50a85a8610469b950b0","21;24;31;51"
1865,0.242818,-0.188540,0.584533,"e5f1b941ac5f979d5afbb17cd25cdd389d547c7bd766ff126d1e65fed83ad775","0;24;41"
1869,0.236584,-0.080968,0.589137,"82a89ebbc9fdb0c7bf974011acfe6a4bc17bab11365cdaf18fd35f6b904dad8a","24;31;41;51"
1894,0.207475,-0.157478,0.584065,"3a3663e8e577d57f516efc3f0a1d361df8b09721b8a730dcf3d3d0bf675cf6f7","20;21;24;31;303"
1899,0.212589,-0.055205,0.598380,"be9456fabd7fd6eb9d17fd33cbf93ecdd9938f233ca74a9fbbffc357f76fdcc7","24;31;294"
1901,0.187535,-0.132920,0.535501,"2b7db354eb159c678bb2b80f0cbe65b7ef73d387e56b92e03b585fbad3742b9f","20;24;294"
2575,0.395537,0.042300,0.383680,"6d46fd65242e6b1068aaff68d333917a16d47c6e89f4e108c7fb6190e0f34221","41;51;66"
1817,0.271690,-0.161121,0.557718,"17fd514893f78bcb3be0ac0c1cd645b435b9da901b0bba54b91c0f6edb0723be","24;31;51"
1819,0.272403,-0.139740,0.563441,"3bd8038ec5d08ee51741d9e2f8deb8e4d8ab96875f8a7cf7b0769acb1f0eb9dc","24;31;51;289;303;334"
1822,0.265402,-0.121899,0.555768,"00b03bb938e4917e364ddc3194972040d71b178113bab277c9a53a4a9801a5f3","24;31;289;294;303;320"
1832,0.272476,-0.088061,0.564582,"28b5b97bdded918fcf352c18aefd4c12811aea101228fb33cfd5107fd248c7fa","24;31;41;51;289;303;320;334"
1837,0.257243,-0.198415,0.573226,"19155fad362f7b7b24685e4757772a7176af1f2ee191111df7ad238438ea2173","24;31;41"
1839,0.258230,-0.193520,0.574696,"e578f345444c631078e06748f353417e32f4785ac1f4f50a85b8410048b143a0","0;24;31;41;51;289;294;320"
1841,0.253800,-0.157733,0.574947,"51c90da71ccd4f8ccee88e02f7dd5b62a0657d4fcf21bb3de1ad0910783b514a","24;31;41"
1844,0.253847,-0.097594,0.575357,"80bd1bbbf4c5bbdf1e495852b5df3860ff3b1399339a5af76d85bee89c0ab1b9","0;21;24;289;303;320;334"
1222,0.298112,0.165960,0.646236,"8671389b4cc5b0488e74550384de6b09c819135346721ad04710cb2f101b3dd6","20;21;24"
1226,0.301032,0.167708,0.653502,"bdc746c387326edd6501dff64b61b8c77ac60cfef8b30dc0ba68a6c4affef804","20;21;303"
1229,0.152672,0.139213,0.681991,"5bd33becfb14bf7989c8954e1c9f6a22fe515fe6d103b0cdf3cdaeba1b2aa3f3","20;21;24;51;303;320"
1231,0.137875,0.134255,0.633888,"99567bf47416ef7b594a77d65f4fbe217fcd17eee9f63dce72fb22847ff0f0f1","20;21;24;31;41"
1234,0.083049,-0.048409,0.669119,"9f274325320a2e307cc253f5ddc299f0366d5cefe594054eb4642b802ca72355","20;21;31;303;320"
1236,0.248578,0.161480,0.647943,"353068e176cbbb485ee57503119c7f20fa09135596b475965f4dabf5f50b5dd3","20;21;24;31"
1240,0.086124,-0.146678,0.673938,"f56efd672c6a439879aab768d371c53b1bf46c7aa9e6e92ac6fb6534e0f34221","20;21;31;303;320"
1242,0.081167,-0.048461,0.671282,"15ccee479432efb764a34f92d12395647bee18aef99c6d6e66ee8700aff3e0ac","20;21;31;41"
1244,0.076336,-0.002524,0.660624,"8ba7660bf7f7b8ff57595de7884cbea57e0b96fdb7b82ddd2e588ec7ff0ef995","20;21;24"
1246,0.076923,-0.001411,0.665293,"2af1c6bacfd1bcd78b5514bf2cdf6a8f6fbbf391566bb6f11e51deebbf5cbfde","20;21;320"
1251,0.251811,0.163157,0.656919,"27b568c9f5ffba4b5f6d7d03881c3ea0d90b931596ba7cd72f5d8be7d50eddd6","20;21;24;31"
1254,0.066736,-0.002735,0.673033,"1ebcf65ebbf3dffcb7f7feb8eafd9f859bf7fffa7bebfbffbade45dfeff4ee77","20;21;41;303"
1255,0.062854,0.022547,0.691633,"52320e0c4ac72958a68cf6e50086e6d66cbdeee0010393501020abbe18002f95","20;21;24;303"
1267,0.056288,-0.089758,0.673089,"43c8e25fb3d8bea6fbc4268968ec97fc33e7e84c86c9aeed2e3e5513c7b54c4c","20;21;24"
1269,0.102820,0.178687,0.673599,"879d8d97b0a6a7ae1edf4bf4f476cf6f977b3217b3dc7f6f2c165fc6987181f5","20;21;24;41"
1272,0.071738,-0.223139,0.684473,"1b7751fd74e5ef3a7f4c7a6769df96c0beab97c183b013fd26ffab823fa35dd3","20;21;41;303"
1275,0.045736,-0.034942,0.677053,"e0eead74b8c215a6b096a219b02d111b8577694160cce22f6f2374114071764a","20;24;41"
1276,0.044234,-0.035903,0.675777,"85b61c63a02f3eb838fa3becd671c9b9975d5432a1d0491c8c9a65e6c8f30b91","20;21;24;41;303;320"
1280,0.041953,-0.036877,0.675778,"fc364c64a81f46fab1aebc7d73e3cb1319c44c2aec67c00af2c965bdebf04a13","20;21;24;31;303;320"
1281,0.039296,-0.003966,0.674184,"78eb5a2a1b8952f5a30cac092fcb6290b8f9cd505e0b8835fbc5247b6386ae0a","20;21;24;31;41;303;320"
1283,0.054876,-0.148431,0.683175,"6f76b4f7fd3fbc9e5bfb1afdf97adf7bd747fd14a650dbaa6edbffb08afc591f","20;24;31"
1289,0.031724,-0.048349,0.683000,"01fe595ff0ac7ebe3b4b7c6cbcf388b4977a560cc318da7f2e9f34a81ad2cbb9","20;21;24;31;41;303;320"
1295,0.032594,-0.051153,0.693050,"38a5416394cb47bf7761eb40f36598b459ca047c5bb87d3fadc4a554e2cad6f8","20;21;24;31;41;303"
1296,0.048043,-0.136487,0.661841,"ef60b052ed3d7d8fbbf7ad198eff57be85d7fb1c3e62fae2dfdf557fc2fdce76","20;24;41"
1298,-0.014715,0.181680,0.701715,"a201129c4f83b0691c0071034cd82cc5f83983e344b302dd15108b2b512efd86","20;21;24;31"
1302,0.024003,-0.072606,0.693784,"80ac94b9ddedb0e79e13c81ba4f9600bc9b36b11326dd2b78d96de5b9048958a","20;24;41"
1305,0.313510,0.092377,0.692483,"d6bc9ffe8be015efb797a8b37cf7685bebf3fb903a4fbaf3f9e75f4bb071a77b","0;20;21;31;41;51;58;289;303;334"
1307,0.287586,0.049215,0.707858,"03a2c61962b2a85b3f7152f7088a96cc7f8d339d97dac7d51c7a9bc6af847bdc","0;20;21;24;31;41;289;294;303;320;334"
1312,0.312902,0.092823,0.690000,"c8bcbf72a1ec7597b91b7610beff607ba5737d10b3edb263cbfb764ac240a32b","20;21;24;31;51;289;303"
1315,0.283972,0.046966,0.700251,"5abad61f329a38163f1d52f5ed4682dc27bfee9096dc07758c227ac32684ad0d","0;20;21;24;31;41;289;294;334"
1316,0.281886,0.046118,0.691256,"03a2461d6292a85b3f1552f728ce96dc7eafa39d96dac7d5163a9ac22f842bdd","0;20;21;24;31;41;289;294;303;320;334"
1317,0.309839,0.137888,0.687324,"dcbcb5f8a9ed15dfbbffa018def7485b81d77d103a4ffa33f9d35f7ed2508773","20;21;51;58;303"
1319,0.310455,0.125137,0.689203,"e7edacbebcbfdeefdffb985fe6f81f2bd9eb7e17ff6fdfbfbe7fdf79d879d99e","20;21;24;31;41;334"
1320,0.311007,0.133095,0.686110,"48bd95b789ed35b7fff3ab18fef748ff8173f9193349dbf3edd6567aca56872a","20;21;24;31;41;51;58;303;320"
1322,0.027093,-0.152158,0.706556,"1a7b3a76d3d5bef6bdccfcc129ec6720befbc6d1c4eba6ec7bd50e8b41972fdf","20;24;31;303"
1324,-0.013719,-0.141481,0.703208,"602012e9494b7049af24e2098e834054e89dea0008b7c350d5b0023b40082682","20;21;24;31"
1335,0.274071,0.153455,0.728575,"411ab7d5647eb9126e4b5a64bcbe95eea7373e098198a3c005be7a828ae0217d","20;21;303"
1337,0.261844,0.112775,0.700731,"2120acbd0c1fc81b46f9f45c93a8526acd8c7e1d9ffad711cffbf374d8885a98","20;21;51;294"
1342,-0.031645,0.007017,0.716470,"fa9e88bafda5ddff9b5f9cff2cfd7a0bcfc3d795bf6f5af3fa57fefb9e4cb9db","20;21;24;31"
1345,-0.034580,0.006772,0.722657,"2708239b55f5a0415f005102acd834e4f829928127be3adf05168b0b130e3584","20;21;24"
1346,0.267096,0.136819,0.720402,"69bdf965344b67ba74acfe28f37590707afc6e68c9b8fd0fefef258465ea4679","20;21;24;31;51;289;294;303;320"
1351,0.043173,0.201327,0.746815,"c22c7beb6ca97942ed00fb0a9d8a1558eead7f9380b7c3e0d6b88a8804836381","0;20;21;24"
1362,0.060132,0.163184,0.824714,"86f0949aef75b0c89f5f911bccfe6f8fef51fb7336479af11b524f7f927dadd7","20;21;31"
1366,0.011298,0.045922,0.826114,"a188e55ff41becfc7ff37356f3689cad7f4e36cfa5fc6dfd0c3af7c0eda9d885","20;21;24;31;303"
1367,0.012181,0.043620,0.804504,"85c8e557b41becb87ef27356d1689ced3f6e7e2fe5f46dfd0c3af7c0cdf9d185","0;20;21;24;41"
1370,0.035307,0.103410,0.862379,"86549497a3623caf3cb24310cc76094bb757bba220d45bce05325f078071a513","20;21;24;31"
8474,0.860044,0.242412,-0.279971,"45af841fd8a826bcbabf407ce4e2c853116e6a5a3348ea3f2c22756c98738325","124;230;244;258;372;395"
1374,0.104018,0.081032,0.881889,"7d86c2c4d412ee7b51aab756596abaa77bc406adbdeb0cce3aefef84efe87a84","20;21;24;31;320"
1375,0.091525,0.060692,0.934800,"c7234f894e02a951ec40d3c6900696676ead7fefc593e5489428aa800da231f4","20;21;24;31;41"
1377,0.091338,0.060220,0.925838,"577343885a02aa49adc0dbe70cc6b3d66ead5fe7c58384ccb0208b8e0d272bd5","20;21;31;41"
1378,0.215640,0.094247,0.960434,"b9cfeee776067eb474c27ed77129b3636fc635ceecfc1d2f7eefa4842dbb7089","0;20;21;24"
1379,0.216440,0.096834,0.976983,"fd5555e4362e4f3bf1caba72777f91737ef53cefe9e52c8ef0eaef942dfb5021","20;21;24;303;320"
1381,0.218363,0.098158,1.002760,"fd4ff7d6e6264fbf79a2fb5a5f6399ff7bd67ceaf9f72deeb9bef510e7fbf220","0;20;21;303"
1382,0.222112,0.077459,1.012207,"299515cbfddd50ad4f792d18d6704ee4d1025a3c17287b972f9c957eda0ad836","20;21;24"
1383,0.220657,0.076638,1.013841,"a1853dcbffdbb4edce793d38de18cce5930e5e3077386995afd93577520ac9a7","20;21;24"
2119,0.288973,0.183771,0.521552,"6d37e843f37e7b9973ed3fbd5b7ddb3c37dcd53c9152fd025f4d25e5eff7c6f3","31;41;303"
2648,0.443069,0.029680,0.483209,"4cfbbf77f0cebfb4fedd5620fcf79b6b37767fdab3d9ab6d6f3f7fc086f0e7fb","41;51;58;282;289;303;320;334;337"
2655,0.418591,-0.087226,0.488955,"7ffd627be97dfff4256ffebd5bbc9fa9cf5bdf53ffbae9a276fd2493e7dffef3","41;51;58;66;334"
2659,0.406552,-0.112681,0.498880,"966d7afbaee05ec63d07fb914d8b3c58a7df7dc33e959be3b2fc9cc3add3e907","41;51;58;66;282"
2660,0.403483,-0.111836,0.494560,"fc8e1cb9ac659fabbe1ebe12deef4b5bffdbfdb37a676bf3f8abef9d9571ad41","41;51;58;66"
2662,0.425461,-0.012995,0.486433,"0b056725c3776c7f65634ad27926b1bc7f8632ac859835df276ed8842fc4f0fc","41;51;289"
2666,0.418532,-0.054234,0.486641,"7234ea564ff9d143d947fdbf2abc163e8fbbf501bcfef6e3137fd0b3e7cc5ede","41;51;66"
2674,0.411147,-0.029273,0.498221,"dbf9eb4732566b9462e58e82b916d26036d57dddc39db563fb2daec027823578","41;51;58;66;282;303;334;337"
2680,0.410766,-0.029672,0.500421,"cc6515bbac008f9fa8129870dcd3498b4f537deb6347cae0e4b1ef9c06f3a321","41;51;58;289;294;303;320;334"
2681,0.411197,0.028164,0.491724,"6cede404c95bc6e8ebf6ac8dc3ec5f9719c4c266cc63de3a3f58453f6b7fcad6","41;51;58;66;282;289;294;303;320;334;337"
3064,0.428608,-0.005199,0.345884,"06a3aba3ec21afc88e3d19e7c5eefd02be5b7fd792018e714c04afe484fb17d1","51;66;282;320"
3070,0.407552,-0.011448,0.354501,"0d4b52eb62906a103d4877e48dc7b1d536b9b7cec19006f046f96a803ea729b1","51;58;66;303;320"
3071,0.414485,-0.015391,0.360810,"575168cf561efff86544ffc6594a9f707e849aeec5323ddd762d87857fb268d4","51;58;289;337"
3073,0.413547,-0.023605,0.353097,"6946654d041f4f3844e6f6ccd32091e05c846ceec9b4750c66ebe01477ba5078","51;58;66;320"
3074,0.407257,-0.006271,0.356276,"0e3a734162a9b952ac1c74e09c97c50c2e39c750129420c044992ae2e78147b1","51;58;282;294;303;320;337"
3077,0.410877,-0.006746,0.360574,"0fbe5ab972b73a523d4957e59d07a2d8b73997b4979801fe8ed73ac68e85ab91","51;58;66;282;294;303;320"
3083,0.414503,0.009969,0.353207,"21f57961f44f43bd73e97c489311d83018881678fbba711f6f8d2564688ac2a0","51;58;66"
1779,0.298502,-0.103897,0.550368,"a8a53c78fded55af53372c18b23548138992c0007a6a7317efd7557f5248c6aa","24;31;51;58;289;303;334"
1785,0.295032,-0.011237,0.563605,"566ec626ca2a4eb0a1a2aacd6fe34bda37e7ede64cd39d6ab2e7451428f70a10","24;31;41;51;58;289;294;303;320;334"
1788,0.286572,-0.080813,0.560340,"5eb7279ebbd51ffdb7dc9de568feaee7d5f7fdf3ff4b3bfdbb73afdb0e46af7f","24;31;41;51;58;334"
1790,0.289815,-0.172031,0.549850,"49df175d309e6fbfe4406e44f763a0f13626682ce198353de4ab60002a800129","24;31;303;320"
1791,0.288001,-0.132844,0.559195,"61cb280f3c8dc6b74eecba4da2a8560088666e4dcc28d53dac1c2538581ad84c","24;31;41;51;58"
1792,0.287327,-0.132786,0.558003,"89587f7526dbb730fcc07660ffd8a1a1326cfe6bc5f5a60c64e961806fb849ad","24;31;41"
1794,0.281778,0.182033,0.561081,"2429daa1dcedfb42aca5fa039d9b515aeaaf5fd110bbd1e05d8daa4185416782","24;31;41;303;320"
1795,0.279340,-0.103645,0.554555,"994e5775342e6fb674aa7a64f32391f537662c6ea99c052ee4ee7480aaf14029","24;31;41;51;58;289;294;303"
1798,0.276593,-0.164398,0.544955,"4f288c918dbfb8828ef98edf85ac53eac56ff9959d59ffb28c579ff58c7d1954","24;41;51;289;294;320;334"
1806,0.279209,-0.079859,0.568491,"8bfbf9c1e65abddf3f7f56f79d1ed62d3f5fb7d7c7dcade16e5bffe6afd487fd","24;31;41;51"
1808,0.269587,-0.172231,0.555712,"168cafbe85629f82b557cf93d77f3a6be9d7b98339c53ba3c1e7da07a475b472","24;31;41;51;289;294;303;320;334"
1809,0.271313,-0.138433,0.557567,"1d4b6ef756966f5124c45f87794fb3e876a893eec49035ec666faa8027b779f0","24;41;51;289;294;303;320;334"
2137,0.349576,-0.071083,0.517386,"d6863e9a9bf4b8e28f1dbd130cee2e4ba7138f15364d2af59b535aff9005ad57","31;51;303"
2142,0.357889,-0.031255,0.539071,"46ab8591ad28ac87abb30af78c2a5dcea347e9951758c3e08c52df478e749904","31;41;58;294;303"
2143,0.359889,-0.022754,0.535545,"c7b0b91afaa11ac8bbf381b9ccfe4d7e97d1f957a747caf398161ffe94370355","31;41;51;58;294;303;320;334;337"
2144,0.335205,-0.000067,0.530912,"0992dd25120e291f3ce16ed4df278870370c262c91d8350eccaf3604a88083f9","31;41;51;58"
2149,0.347036,-0.173295,0.525093,"326b680a75d55b50074c7c832bcfb714dca887d44eba6afd62dc80eb738e6edf","31;41;51"
2150,0.352160,-0.184114,0.527891,"995c7f5f1296ef767c4876c27947b4e1367216eae1bc356f652f22806f9061b9","31;41;58;303;337"
2151,0.351704,-0.183052,0.526572,"4954cbe5603e6f7620aa7e4419b791be3fdc97aea195b04a77eff684aaf32ab9","31;41;51;58;303;320"
2155,0.354791,-0.182521,0.531884,"79467aed6e165f3d414af7625377ba725efc35aac896e18af6efe08937fae8e1","31;41;58;320;334;337"
2157,0.340140,-0.046791,0.533852,"31400d25140b600074a0e240d3010050788c683828b4451e84a6205068884220","31;41;51;58;303"
2163,0.337037,-0.044672,0.527405,"74a7ed65300e47b873eaa7e85365957311d46c6ea8f1ed0cfaea6594e9e35631","31;41;51;334;337"
1755,0.292128,0.186060,0.527257,"6030396d3c4f513b60ece4089315023098946c2809baf11cc1ed30344008467a","24;41;51"
1770,0.296491,-0.195280,0.545352,"839a1e9962c3b972bc4f50b52c06a259e6290785a59e245dc4327a821c0427dd","24;31;41;51"
1774,0.301071,-0.035263,0.558437,"5532fb64622a7b18216c3fec5f27cb3a36d56c6e8110ad4056ad21a4e7f30771","24;31;51;289;294;334"
1776,0.293141,-0.189303,0.557214,"3c0e5e6e453e56727182ed086b61139958e4c46a28b2402c72ef600963fb6a82","24;31;51;58;303;334"
2112,0.343838,0.185563,0.497778,"7820bc3028c95103aa35a439bf9b421b8295ed100a6bc211d2e1707be0000e4b","31;41;51"
2113,0.341138,0.184313,0.494363,"4fb3b103e37e31193bfd3ffdce36cabeb71fb5149550b9408e5565e6cae78775","31;41;320"
1501,0.229660,-0.150445,0.584869,"b68f4ea294b34ee897a4db8743ea3b41f8cf87e76c930cbdba418ff535ff7cc4","21;24;51"
1506,0.218322,-0.108854,0.588392,"5e038eb4aa321802a0bf8fb7cfaf4b5ba7c5fdb71c418b80d2e3fb95ac652d53","21;24;31;51;320"
1509,0.224765,-0.179803,0.592944,"d55affe5222e7d10e9ca7774df17817b26753c2aa1d4b148c7eb6280acf32131","21;24;51"
1511,0.228527,-0.180548,0.599821,"ceb2ecb3ab703999bbff97b3cdff4a5ba7d7fd9536458bd2dfd3dfff86e5a553","20;21;24;31;41;51;294;320"
1533,0.211203,-0.059301,0.602943,"5ad5e4ffbd76febf175bde13e97f3ee6ffd7bdbdbac93be7fbffdec7b7d4fc4f","21;24;41"
1547,0.181175,-0.145505,0.608456,"52a395b0ab281c8fabb38afd8ea2489ba7c7ed95164b8b6098125fff88548b1e","20;21;31"
1570,0.163367,-0.164087,0.612646,"1100c2bd502a606776a162d2d12310c87a2e228830f8450e8ca63240e880ab88","21;24;31;41;51;303;320"
1583,0.282741,0.184129,0.636537,"f04c6847142a4f3a51e6fe8b7329971079e655eea8be6d2ffaeea51065eb5248","21;24;303"
1589,0.280094,0.181416,0.625399,"7d6dc4a49c134ef941e29dcf5369d3b758c45defcd034d8ebacde5bc2ffeda44","21;24;303"
1597,0.153327,-0.071557,0.620271,"15914a4b9417e6f86440fd465060bf24784802fe97a11d7d6a0da744fbb37894","21;24;31;51;320"
1624,0.099995,-0.226029,0.647298,"4fcdf7fef656fff83fd9fec2fdefbe6077cf3feff5dbafecbaffefc48ff7a15d","20;21;24"
1632,0.163100,0.121076,0.644347,"8a22e8b147b9f8421fb7559789885688fb8b839596f0c6d04e55dbe3e74c5fc6","20;21;24;31"
1634,0.100248,-0.065088,0.667989,"35cd05ed1c0b46794480fa4ad341b04158e44eee49a3491df4a8a55479aa5020","0;21;24;320"
1663,0.066068,-0.003146,0.666813,"9eedf677bb6ffffc37aeff136e7d1f84bff7ff6b70f5197ffbcf4597e7ffa733","21;31;41"
1680,0.040409,-0.002478,0.677767,"78bb94faabb954c7abb5a829affb409aa3f7ec101e6bcab1dbf7557bf2568f0b","20;21;24;31;303"
1687,0.313911,0.099880,0.690808,"a7cfee9fddb7beefdff7dbd7e8e8bfc9fdebbbb7f6ff4fff3c56dfa79d7ff9dc","20;21;24;31;58;289;294;334"
1711,0.083228,0.159930,0.713592,"8d9dff77b46e7fb871df3f345b7dbb6317569d7af1e439af6bef65c4e7fbd473","20;21;31"
1735,0.216603,0.074177,1.032028,"079b9f97e046b5f73e7f5ef75436aa6bef573e55b3d83b61fc36fec48cd8a1f9","0;21;24;31;303"
2626,0.452079,-0.045044,0.479504,"47fb9f9e2acd1be8ae4990edf4f6ae1096717f47850baa7d98146bba1833075d","41;58;66;289;303"
2628,0.452830,-0.045175,0.480212,"47fa2a8e3a9d9bd8aecc95acfed6e3309679ff478703be7dd1212bb814230779","41;51;58;289;303"
2636,0.440213,0.029773,0.476747,"43bcbf56a0ecad97fedfde70bcf6947b23767f89b1c9a6617d2e7ec88050a779","41;51;58;66;282;289;294;303;320;334;337"
2640,0.429680,-0.089530,0.481929,"cc7f71a3cf79eff6c866bddd9d2f93870347cfe77525fce666d1aeb93edfc7f3","41;51;58;282"
2199,0.328413,-0.145491,0.535251,"2ac26759f5dbfef7fd0f74fb088dbc84af12c711d2ad27f7371e14c3579cdde5","31;41;51;58;294;320;337"
2202,0.329971,-0.147712,0.541779,"0a87605bedf9bc675f4dfdb3c8ecfea4ffbbb791963a4fd73e553ecfdfcefd9f","31;41;51;58;289;303;320;337"
2207,0.317828,-0.074201,0.545304,"61b4b55b9dddc5af7f3ba818f6f04c3e89527a187b6cfb33ad9e157ed048c22e","31;41;51;58"
2209,0.325286,-0.173805,0.535621,"6af2905a79951849ab09a5fd2cce6e9497b9e3108607dad3135501fb5a06ab17","31;41;51;58;334"
2210,0.326975,-0.175589,0.540420,"6ee678405bd17bcee335bcb9098fde312b99c7b06e4fac777f4935ede794e6e6","31;41;51;58;303;334"
2216,0.319738,-0.114892,0.534984,"b6a0d0bacf0dd4499bb6a11b0eca4c9be9c9e3825e67dad39dd0573f71288a86","31;41;303"
2220,0.327960,-0.115746,0.549819,"6ca4b561b96f438b73b32d18d235483f9116603a3b74f9124fde4576c2e9c622","31;41;51;58;289;294;303;320;334;337"
2223,0.327681,-0.114588,0.541046,"fc7cbf772a6a1112f2bfaf385737413ba3f4ec1028f5ab08dbc37531e0f14763","31;41;51;58;289;294;303;320;334"
2230,0.340397,-0.119056,0.547135,"7d7cbd75226e7794f2fa2608d735413b21746c7a21e5b92ae5cb7534e0f1472b","31;41;51;289;320;334;337"
3541,0.424725,-0.011278,0.340169,"72b0b8beaf7d90cc1a77543ffebc4e09df5bb3513e7afab1dbc75efbb54d9fdb","58;66;282;334"
3057,0.416404,-0.005977,0.360280,"7fd16e4e55566ae86540ef0a5b5e1ef47884feeecd92fddd377d82472f96fa56","51;58;66;282;294;320;334;337"
2608,0.433168,-0.151099,0.481119,"c3babd1baad93dafbf7f04fcbee6c67c873b7c05b74cee778c125dfa9044877d","41;66;289;320;337"
2624,0.427644,-0.151529,0.480099,"a3bc2c1e6af9992abe7a74bcfed686bd873bf615a74eee7d8c125dbb58440bfd","41;51;58;66;282;294;303;320;334"
2166,0.335088,-0.045713,0.527996,"752fce65b80a46b860a8eb485361995390c46c6ed8f2c92cf2e9651461f35220","31;41;289;303;334;337"
2171,0.335418,-0.150411,0.528058,"83fbeedf7cd2b9f78d5d5cf7ac9eb662ce3b9791d7aa22e56e7bfecb5c00afdf","31;41;51;58;334"
2172,0.343315,-0.121614,0.529073,"154f4765160a6f3074a06ac2d323917072ec20ee6990450ea4aea7002db36020","31;41;51;58;289;294;303;320;334"
2181,0.339208,-0.122801,0.531905,"344d028fdd0b66e774a2ea0243a021c079ee2aea78bb4d3e3d268701a17af888","31;41;51;58;289;334;337"
2182,0.330448,0.046012,0.571965,"29737ce165fff954767d7627db1d92787e9cf7d883f4778047e9b081678deef3","31;41;51;294;334"
2184,0.326977,0.045251,0.567312,"21b27fe9648ff95374797267911d90607e9c779c83ba610047a9b180658864fb","31;41;51"
2190,0.318493,-0.018330,0.540739,"129dbbba93e4b3ceae454f0774ff6e40b53b3b111289ba7759a51a4bd14325fa","31;41;51;58;289;303"
2191,0.318259,-0.018342,0.540890,"14953dab9ae2936ba64589a3f7f72a4072335db11a89393df9e52bd1b503a573","31;41;51"
1972,0.128432,-0.085607,0.639366,"ecf6917be8684398221a3578d7d7c91b175a447a7346ea32cd8925ec90f306a1","24;41;294;303"
1985,0.175618,0.101103,0.660885,"26ea879ab8c393c896d5c3a3e0c6ef4cdd7baa913acb2bf118169f57905b34f5","0;21;24;303;320"
2001,0.242470,0.159148,0.629853,"82de349b2dbdb4779d5e5077ac5c2ecfcd33bb03e5ad13f505325ad25a4c8d9f","21;24;31;41;303"
2004,0.136247,0.142277,0.655972,"9306638c7692ae6254ca5ae649e8b4e47eed96ada5b324ce302eaa822dae71f5","24;31;41"
2005,0.060707,0.022015,0.666009,"9b3a27390bd73852347956f7a91e82ec6cbcbf958f9c7580d761bac32b8438df","0;20;21;24;31"
2008,0.064364,0.023812,0.704619,"9b720e0d6b57b85aa6e9d6e51896a2e06c0cfe8485dbb7145661bb810b0429df","20;21;24;303"
2009,0.083260,-0.176570,0.657646,"d9df6faeb2827ff4344ed6e77f67b25176f75deee98f2d2ffaebef802db2a679","21;24;31"
2012,0.254815,0.164106,0.667000,"2ab170c9f5ddf0ff4f6d7c2aa89dfea4d81a9318d63a60d52f5c14ef578edecf","0;24;31;303;320"
2017,0.040617,-0.008638,0.685270,"d88c9ebe88a0108fb6178619efe74a5b81f7ed913e4d8b33dbe37e599050ad4a","0;24;41;320"
2035,0.357424,0.147558,0.663260,"0b9e7bf7f6dcfd37fd4f7ef6bdefb260e73b9f8cf39826f7e6ffbac03e84e1f9","24;31;41;58"
2040,0.363377,0.150240,0.676408,"0b9d7efaf4b47db7bf597eb6bdefb664e7bbbf8cb39922f7e6ffbac096c4a5f9","24;31;41;51;58"
2042,-0.022677,-0.238875,0.718123,"daaf3eb88bc11d67af1784b9acaf6253e7b3ef817a4fa2f1dbf3dafb9204a75a","0;24;31;41;303"
2064,-0.005442,-0.173180,0.708947,"beaca412997f96e81bb7a8196a6c4f979d43e9737e63db3f3b56457fc3778f46","0;24;31;320"
2069,-0.010580,-0.210820,0.706501,"a9bc6bdf74f5fff3564e7d3738fdb3287f3a938ea7be3eff670fb2a957c976db","21;24;41"
2070,0.314082,0.106569,0.691367,"71eaacae2c8dd978cefc900df7c85300cc696f55ce2fda39d985ab78580b5a5a","24;31;41;51;58;294;303;320"
2071,0.311884,0.100093,0.687260,"a7df448bf537aeec5e6259d6c868bfa5ff4a92eff5b05dff2c1e8f86df7ff994","20;21;24;31;51;334"
2073,-0.012957,-0.071895,0.691598,"5ce911ba19cd4388abbca908eed349d680a8ec524a43da7599d0057f1202072a","24;31;303"
2078,-0.015074,-0.144005,0.714039,"a23202884b71b047a42ff2bf088626dc6c9dca80148fc1c214209a2b410cae9e","0;24;31;303"
2769,0.370269,-0.140887,0.525330,"a6e992ba89e916cf8b9fa919a6f2699e89fbc8525e43ca33b9d01d3bd07f8e8e","41;51;58;289;294;303;320;334;337"
2780,0.325119,-0.173975,0.532305,"776dea24ca729fea20e6cc8b11ec532279ed71e7cdd3ee287a27efad2d773ed2","41;51;58"
2784,0.323817,-0.113094,0.540422,"f0a1bc73896d558d333fa518d677481b99926d307a62fb13ebdb557dc042c622","41;51;58;294;303;320;334;337"
2798,0.301074,-0.055714,0.549974,"54a341a5920b6aad26a1cbedc703885032cd6cf45b98cd5dbca42f442c828300","41;58;289;320"
2800,0.301635,-0.055967,0.550256,"54e343a5120b6ae827a0ebce470208d432cd4cee49938d1db8e4015429a22200","41;58;289;320"
2814,0.279605,-0.104149,0.559617,"dd511764824e45b5e1f2a2405f77097336f47c6a69c1b108f1eb65042af2e231","24;41;51;58;289;294;303"
2824,0.391610,0.188495,0.534163,"128e4b9fd6a3ea631e035bf3f9eab0407bab138d30bb0fff3c26bec0b5e83188","41;51;320"
2828,0.388198,0.186852,0.529174,"118743bb94836b65760153d251e3b84078ae02bc3aba0fdfb8a6bb40b58af080","41;51;58;320"
2829,0.393595,0.188822,0.535312,"9dc842db16936aec5701d69269c3b8c478e8a6de7ab70cffbae78741379ff884","41;51;294;303;320"
2280,0.282354,-0.129562,0.558135,"221babba74e4ab523c4d7b57349f3858ec1b130593bb32e35525bac8d149f7fb","31;41;303"
2289,0.342930,0.048006,0.563061,"033267896ad7a9582f69d2e6dc9696ec7e8d7fdd85dcf7d01438bac20f8431fd","31;41;51;58;289;294;303;320;334;337"
2291,0.278329,-0.170614,0.560731,"f221a1960964450d13fb8d193ef7487651de7d894b43fac3d9d48fbf0a76b672","31;41;51;289;303;320;334"
2296,0.341377,0.047715,0.564540,"0332c78d6a93a858bef9d2e7cccef4e476ad7f8d87dbb7dd1432fbc60d8439d5","31;41;51;58;289;294;303;320;334;337"
2299,0.342033,0.048185,0.568045,"0332c79d7a12a87b3ef152e7cce694e4376d7fad85d8afdd1c32ff860ca421dd","31;41;51;58;303;320;334;337"
2314,0.345658,0.049762,0.562338,"01004ecd66a3e90b7e2146c2d102906c7e8c7a8d81d865dc842afbc02d8039a4","31;41;51;58;289;294;303;320;334"
2315,0.334328,0.186615,0.562683,"f5ce4d75b42b6fba74e3fafcd36199707bce6c3cb9f46d3fecaea5c4edf8d220","31;41;58"
2320,0.233874,-0.156108,0.577686,"5ff695a8bb531eaf8f778cf8cc76caf69757ecb57f436bd7bad79fff92548d75","20;21;31"
2322,0.240906,-0.056146,0.579989,"c3c76fd6e488fd75bdce57f4fdefbe61d67b3f0fe1f922ef663bfe880cdad5f9","0;31;51"
2324,0.239933,0.007200,0.583063,"5d7996be391f7278afe8b74cdef309d4dce57e6e4963dbdcd9fb473e1a260b31","0;31;41;51;303"
2333,0.358994,0.079364,0.567473,"06e2e89b64b9b849ce1f59b7acc87e0aef09831786344ee30415baabd54fbdc7","31;41;58"
2340,0.222856,-0.121185,0.592944,"76a102a8ddc940492325a90b0a8a6c94f88dcab01e23c0d19bd4827fc10eee86","0;31;41;51;294;303;320"
2341,0.366863,0.082977,0.584437,"039e1359f1beaa437f497854acbab4a4b72b921c97b834ff0e1c12c2da45eb95","31;41;58"
2343,0.233133,-0.206278,0.592788,"f44d7fe5864a47b42586e2035337215372f43dea6995112cf3ebe51021fb646a","0;31;41;294;303;320"
2345,0.358633,0.079474,0.573335,"f655efaecf4797e881cef92b52fc2f13f8f5d7e36c2778aaf120cdbf717bf6d3","31;41;51;58"
3054,0.413967,-0.005194,0.350087,"b4b77e61d24bb7f938a4baef573740113fd54df270d9990e7dc72df46d2287b3","51;66;282;289;294;334;337"
2088,0.079023,0.157719,0.714999,"4a92f9d077fcb913ab7fb4bfbc1fd6aeaf93df95936ca4c15f5dbafb8f845fff","21;24;31"
2100,0.420867,0.117413,0.776813,"ea2070e56c29f853692bb01a8e0b141bee855f01982fc1c096f9dab84788d389","24;31;41;51;320;334;337"
2101,0.420995,0.119338,0.785218,"e2a0b2f06d8df843a9132018bc9b740acb315b11322fd2c2479c9a7ac008538a","24;41;51;289;294;303;320;334;337"
2105,0.079098,0.059493,0.935479,"2848fe7574bb69d2752076023b0991387ae816488ab065bd46ebf000e79942a8","0;24;31;303"
2132,0.370873,-0.140685,0.526163,"766892ba99e902cabeb7a11986c26918d96b4a110e478a3299961f7fc051af02","31;51;58;294;303;320;334"
2234,0.309816,-0.172798,0.543234,"57bc3a50b1dc7b73e9cd6f0530de1674b52e78bcd799b64f7b7f0543c082e676","31;41;51;58;289;294;303;320;334"
2240,0.303372,-0.190098,0.550629,"a138dbb172ec31133a6977f49597c278463c161093fcf0224cad32c0888182f1","31;41;51;294;320;334"
2241,0.302801,-0.190137,0.548951,"98b633f0b3fe32d63b4d47f58f5fa8d4b71b8d30b69d309ffbf71ac7a284a777","31;41;51;334"
2253,0.301619,-0.094249,0.547137,"7222c6f4c7a2f843b987f31b08ab3458e9b76b9018fb81c01ab6d243e5407a02","31;41;51;58;289;334"
2256,0.295992,-0.161345,0.554459,"91c87e75308e7d377c0f76103f139071a63d1c0cf09c214ee7ef76806080e129","31;41;51;58;294;303;320;334"
2257,0.302525,-0.097162,0.552388,"f22cf6f407e25042f186f2136bf9351ff8f5ed812ce780ca93fac103e7657606","31;41;58;289;334"
2259,0.302543,-0.111213,0.565171,"f95f5545641e663069e8f64c533095b726c4746ee9f2f52c342860846ff34a2d","31;58;294;320"
2260,0.293237,-0.149415,0.554785,"23b0ef9acaf19dc78f7795bf08be7e2ccfbbb395964f3ed31b1edfff9554a7df","31;41;51;294;303;320"
2264,0.287997,-0.056133,0.556687,"24a8915199ed40ca6bb1a8188a91449e899e4a181a6bd2509bdc117fc2414286","31;41;51;58;303;334"
2265,0.290221,-0.057493,0.564246,"521f530f32aa3f373d0c5ae66d27815536b78ca0e098056fb4a62a822cd20519","31;41;58;289;294;303;320"
2273,0.280083,-0.180756,0.551091,"447bac37ac2d9d9ec6fc9eedf3ecd34a8c676d57ce69ef21ea41efb9cc7b1d5b","31;41;289;294;320;334"
2722,0.388794,-0.026891,0.509853,"7e71f766d3fa568c63e4af294b5d0fb498f4ed724ce3f82efbff0513e3ff4677","41;51;58"
2725,0.389947,0.002876,0.507675,"7db56146d35a47ff71e6fe2c7a7d9c3439d6c46af9ba7d0f3a6f2556e7fed675","41;51;58;66"
2727,0.370791,-0.040305,0.517566,"3935016d902e623736236a54933180f0190e102cb9b8510eaca63040e8c8d2a8","41;51;58;282;289;320;334"
2733,0.364796,-0.012892,0.516852,"66ff971efa0b86e8eb98b9ecc6e08d9793e7ec63f1638e6c38326dbecd778b15","41;51;294;320;334;337"
2736,0.370157,-0.149542,0.522073,"f44516aa8d4946e887b2a91a42c96dd7f9c0ea626c270bb2bbd0c53f737bfc06","41;51;289;303;320;334;337"
2740,0.368820,-0.110809,0.518645,"6abaf4582bfd91ce8f7fb4bd2e9c468f8f13ff01866fa2f1535b58fb53040f5f","41;51;58;289;303;334;337"
2741,0.374496,-0.145981,0.512289,"916d57a5168a6ee62d80ea02bf0201706aed5eea699915ecb4e807006db323a8","41;51;58;334;337"
2743,0.371802,-0.111820,0.524175,"2abab45c6bfd90c29b7fb43d2abc469f8f33ef01a66ff2f1535b50bbd3440fdf","41;51;58;289;303;334"
2747,0.375984,-0.146820,0.515538,"6044079e48a86667f482ea08e3e229d578e66a2a69e7c66fb426c60848726a88","41;51;58;289;303;320;337"
2752,0.371280,-0.149481,0.527027,"744d967acd5d56e8c7bea8096af86f9ec9e2ea625c63dab8bbd6453fd37fee06","41;51;58;289;294;303;320;334;337"
2755,0.372570,-0.144163,0.517977,"e0c4059e188946efbc13eb18e6e2285579c26a2a6a0f4b3fb4a65618104a8008","41;51;58;289;294;303;320;334;337"
2756,0.386887,-0.150416,0.513036,"b63f9698c9e596ca9ebe881d46e0678fc9fbea733e63da7299124f3fd07daf86","41;51;58;294;337"
2757,0.383118,-0.148614,0.505480,"263e929ec9f594ce9eaea82d86f6639ec973ea113c6fda3299165f7bd07d0f9e","41;51;294;337"
2762,0.357296,-0.023398,0.529433,"57e8d89aba811ac8bbb18189ccda5d7cb7d979d706478ef598160ffe94330304","41;51;58;294;303;320;334;337"
3084,0.413541,0.009744,0.351528,"a5234141741fea795fe8714ed0489da55c0c523eb5f27ddc0c1881644fae5a94","51;58;66;289;294;303;320"
3085,0.413342,0.009383,0.352332,"2762c00d5d1fcac84be0b9ce4a48dfa45ccc427f8da3dd98161c813cdfbf5a84","51;58;66;289;294;303;320;334"
3086,0.415605,0.009762,0.356395,"bf6e682c1d1fceec53a6b48f63c81780d8e8c567ec27ce3bb24d8d3d753f5acc","51;58;66;282;289;294;303;320;334;337"
3087,0.414480,0.009408,0.355336,"38a7282c5c4bd76b12a6ed8963ed1a1159ca452778634e1ff3c7e53d716ed6c2","51;58;66;282;289;294;303;320;334;337"
3088,0.412406,0.009958,0.355076,"2cf0b56b295f92d816f8ad28db55c9bc1d1cf97a0b667b1d4fdf4577d33b56b3","51;58;66;282;289;294;303;320;334;337"
3091,0.417236,0.010574,0.364506,"3de99863295f57c847b2a508dfd943b49bfcf86a4d77f93afbdd053d62fb0a22","51;58;66;282;289;294;334"
3096,0.391799,0.045249,0.378119,"616b6945744a6f1061e47eac730193307aec446ec8b0e52c66ad200067b346e8","51;58;66;282;289;294;334;337"
3097,0.393927,0.046647,0.383438,"31796145564ee77471e87e6e731595347cfc57eac9b2750c35aca5806fbb52f9","51;58;66;282;289;294;320;334;337"
3099,0.395135,0.016169,0.353400,"305c5f7c30cf7732edcefa283bb7a550aaf0444249b8706cf3ff200261b1467b","51;58;66;303;320;334;337"
2466,0.083720,-0.169620,0.654242,"d0bdb1ffb6e9138f5e297a38bff5c064937e04183338e9bfadf42572f048c52b","24;31;41;303"
2481,0.033100,-0.051165,0.682863,"b8cd654f96df67fd6d606f40734118f530e64a6a69b13d3fffe80504729ad468","20;31;41"
2502,-0.012542,-0.190454,0.713596,"8b3065094efbb8427d6776b38d1c96ec6a0dfa1587fc65c006691203678c7dd5","0;31;303"
2504,0.126114,0.162496,0.715790,"0f9ffdf7e576ffbf5bff7f77dd7f9e2bb75fb71fb5f839e26fff7fc48ef5cdf1","21;31;303"
2505,-0.009728,-0.121920,0.701592,"edbe9957f86e47b872fb2c7c52f1c93f114e643afb72eb2a6e8e657ceaf3c231","0;31;41;303;320"
2528,0.370783,0.147246,0.659339,"eebababaebf591de8b5f943f2cdc6eabcd33d711974fbaf35b51dffb9b5dbfdf","31;51;58;320"
2535,0.313452,0.095526,0.685755,"d6cfaebebcab5fee9ebf9bbfe5e37b42f3e67f577a4bcbbbf847effdb47f9553","21;24;31;51;58;289;303;320;334"
2536,0.316682,0.135530,0.695237,"46b995c299dd52a9af71af08eef748f68012fa5a1349daf19bd4557bca068b36","31;41;58;289;294;303;320"
2545,0.059364,0.163416,0.825735,"8298b2b8d3f5b0c79f174013ac9e66c8e73b9391360f12f79b579a6b900caddf","20;21;24;31;320"
2874,0.176463,-0.050168,0.613478,"dffce6b6bf765efc9bf694974dee7fcbf7c7bdb7e547befafb5fcfafaef53d5f","21;31;41;51;294"
2891,0.140341,-0.216858,0.637556,"09bdebe9f6afebd25ec95ce6bdeff0207e2a17dd93b874fdeccdabe0bdca71f9","31;41;303;320"
2915,0.377553,0.104690,0.550395,"83db2553fe9dafa7ce7112d6a82cdca62f037addd3387ff52c1adec2df0c91bd","41;51;289"
2918,0.390999,0.111619,0.562869,"578043806212aa4829c083c74d8efee67e855bffcd9385c098288bc42da73b44","41;51;58;66"
2933,0.261798,0.177464,0.613604,"3ddf63efb6d75ffc554cfe267b7db6e47efa95eae9bb2dbf7aeda5927fbff47d","0;41;51"
2946,0.417915,0.119815,0.565727,"ba577aec7677df7f59ce7dbf5fddb7399eb997aff9a6249ef2dfa9b877fdd6f1","41;51;58;66;320;334;337"
2950,0.161127,0.117552,0.647277,"1eb9befacbd59cc88fd4cd232cde6fafef3bb3d34743baf15b51cf2f1f7f2dd7","41;51;303"
2951,0.416440,0.119204,0.557839,"3b137fec3456595805ccf6e65b1db730de9d95ed89b3318cd3f9a0847fae74f1","41;51;58;66;334;337"
2970,-0.017228,-0.007183,0.704756,"45d19d75a86e65bcafbbaa40df73097b85567c2a11c05b2ccdfb751488738131","0;41;303"
2972,-0.017294,-0.094611,0.698534,"30205fe94b4b714b2d24e20b1e9300586a9d6b00009dc35055a01223710046aa","20;21;41"
2976,0.497169,0.145564,0.573963,"575b6bce2616cf706de8d7ee5b26b7747ee55fefc9933decb028ea902dbb7375","41;294;303;320"
2987,0.489255,0.150690,0.562943,"9b576bcd7212eb7034485fe7790fba617e8c17efe99025cf762daa802fa678f1","41;51;334;337"
2988,0.511980,0.159598,0.596864,"93d76ac772126b7034485ee67906b2647ead17efe99825ef742daa802d823bfd","41;51;282;303;337"
3011,0.313752,0.093497,0.693431,"d6cfaebe9ea19fef9697dfb7e5ef3b4bfdebafd7fe4f4fb7f867ffddb57fb54a","41;51;58"
3028,0.014298,0.055422,0.853851,"4d15b967b46e6b9a76e97f48d771997014de3c1899b0f92aeded2504e0f3c021","0;20;21;24;31;41;303;320"
3891,0.608621,-0.087739,0.348871,"009d3bbf54c7abe216005843f5fc3140d87b13c322b85b3f65a6ba08141b35aa","58;66;272;275;282;289;294;334;337;351"
3915,0.619734,-0.147801,0.340942,"93cb2ebc0c80cc658400d083318a304168a11fc5ec8f06fdf02bfa883598b008","58;66;351"
3929,0.623984,-0.150079,0.348771,"9505efe48622ed531483dad2512bb06a7e843fbdb99125c2d0aaeec4a5e8b020","58;66;275;282;289;294;334;337;351"
3938,0.445014,-0.097609,0.486239,"bb73ec7eff375e5c9fecd5ab6addb6abdeffffc78ce3fbf8737bc19377fff8d7","58;66;320"
3939,0.561030,-0.017382,0.386809,"5cfd3966384d53b86aacb868ff534912b2d56d6a4863c93cf9e925bc6033072b","58;66;275;289;334;337;351"
3942,0.405524,-0.013290,0.490720,"20eb59815689e8476c01facab40214506a8b4a5112b84475342412404588c388","58;66;282"
3949,0.424315,-0.010884,0.477147,"03fbed0b3a892b9caef14ee4b5c6d06006697fdcc318ef714c0c2fe81c820379","58;66;282"
3950,0.425963,-0.011058,0.481321,"d3ee490b12892bf83e6890ecb586d03436a95ccfe30cad7fb40c2bb83c80037d","58;66;282;334"
3954,0.570370,-0.046521,0.376376,"0687d3dc768bfbe8dfa1f1caddebfc41ffe937e9a0f30edfbc9eafec55aa7181","58;66;275;282;294"
3965,0.439032,-0.065015,0.486005,"6bb0f5bc7d57d99a1bffb41ffcfe56acdfc5b795b76ffbdf5f5ffff79f2c5577","41;51;58;66;282;289;294;303;320;334;337"
3966,0.442391,-0.087280,0.489377,"2d9ce4955d56fffbf5deb606eb6cb3e779e0ceade56bbccfef7fefadcfec7ffd","58;66;303;337"
3970,0.571355,-0.048664,0.378374,"322054ed4e0be8484fa0e242cfcb35407a8d7be9086747dd94ba8b3c75a87180","58;66;275;282;294"
3981,0.581060,-0.075172,0.391677,"022076e9660bf8496d21f3828d8b14d0ee8d7fa980bb85d496f89a0065806380","51;58;66;275;282;289;294;334;337"
3988,0.578095,-0.089723,0.388694,"5830df65224b31402eb522a8df97405a2295ec1002d18100d5a131156000073b","58;66;282"
4038,0.519678,-0.073213,0.457039,"003a7b7160c861107e1566209397c1793238645802f0e310c5b83040e08146e1","58;66;282;289;294;334;337"
4043,0.516133,-0.039549,0.454346,"72e74a885bd11c6f8f059cbb0c8e26d4eeb9cfa04e0b02d5b3559afb1714ae4e","58;66;289;294;337"
4062,0.393209,0.110284,0.572030,"a95d797f74f7dffe144e7ca77b7db3211e7a976ee9b6383f63ef20807ffb54fb","41;51;58;282;303;337"
4074,0.701580,0.204842,0.375464,"e4e50deba843cea85779b1b8d367d83359d5eee27b47ef35ecd3e7fd5cbbc6b0","58;66;334;337"
4081,0.703121,0.211881,0.368917,"ff54eeee6d27ef589fb6b74fdeeb7f4bfecd7fefe967fbdad3fbcfbc1f7f70f2","58;66;334"
3116,0.545444,0.079653,0.370685,"a1b77d67f40f6fb978ea7e64d77190319e5e766ee1f0f90e67bf658440f2c3a1","51;58;66;275;289;294;334;337;351"
3117,0.554938,0.080651,0.377977,"8db4bd77b02f7db874ba7750d7738833955e7c2ae1f4f90eeffb650440f043a3","51;58;66;275;282;289;294;337"
3119,0.553701,0.079130,0.375292,"5c31bc65ac2e57b8efbbbf08df73087a95d66c2a98e1fb20cbff6514c2f3c223","51;58;66;275;282;289;294;334;337;351"
3120,0.543622,0.066481,0.384672,"38245065357f473f75aaee18fb3100b459dee42829baf18eefdf013163ec4eaa","51;58;66;275;334;337"
3128,0.574308,-0.043774,0.382061,"2fb7f0eafdfddedfcb7dbdbd2efdde34dfdbd7559e2b7af77b5da5ffd74ed6f7","51;58;66;275;294;351"
3133,0.560848,-0.026634,0.383853,"29723d6d3c5fd3184eecb46cd21c9eb2dc0cee6fcd62fb1cc7db21be58ab5ad5","51;58;66;282;289;294;337"
3136,0.562405,-0.025585,0.383364,"4f3174e52c1f78192fe836eddf1d9f36b695ff6dc570e1d8c6f921b666ac4375","51;58;66;275;282;289;294;334;337"
3139,0.581093,-0.086429,0.380323,"5f5ef6f6ef369ef0b9cafee77cfef77eb7f7fde7e5c7aaeafb7f6f8b8ff72757","51;66;275;294;334;337"
3140,0.564731,-0.017696,0.390321,"497319a5224e3b182dec7fecdf1783d4b65dec62c1d0e14ce4f523860ab30371","51;58;66;275;289;294;334;337"
3144,0.568277,-0.018513,0.392579,"4b7379c5725e7b1829ec77ecdd178376365dffeec1d0e5cce6f923860eb70771","51;58;66;275;282;289;294;334;337"
3148,0.582795,-0.104429,0.379237,"df5ffe76a37e7fb2b9ce96f5ff7f97ffa7f7fdefedc5b5eee3fb6f82aef52f7d","51;58;66;275;282;351"
3150,0.574277,-0.077202,0.382208,"2db4e95bfdddc3f853fd742c5af5deb459cac61cbf7afe336f5f35fddb8cdeff","51;58;66;282"
3153,0.577348,-0.074649,0.391846,"0b737e6d2a5ff958edecf7ed9f9f9626ae1dffefc5e1e7c846f923aa6f8647f5","51;58;275;282;289;334;337"
3154,0.583212,-0.074046,0.395966,"6b33786d6a16fb182be8fce59d9fd772c65dffeec4c2e7c066fdaba2068667f7","51;58;66;289;334;337"
3156,0.591579,-0.132306,0.382065,"afbf7a73f5f5bff75fcd7dff79fddea49f7b975fb7fa3cfe6f5d25eacfdfffff","51;58;66;282;337"
3157,0.571980,-0.089618,0.383871,"4a335b44635a31502bec76ee0c97c6fc36bde6c001d2b6c017a121eb63802ffd","51;58;275;282;289;294"
3161,0.580981,-0.114277,0.386095,"29322d0d6d5fc15846fcf46d92cc92a4d888ee6d8f72ff1d4419a1bd5b0e5cf5","51;58;66;282;337"
3163,0.568383,-0.089379,0.379301,"2f337b486a54bb58a94cfce6189ea7b46e9ddfeec583b6c07769aaab4f972ef5","51;58;275;282;294;334"
8478,0.865011,0.211590,-0.289498,"73bcf650a9bd58c7bbbbb0582ebc54b687d77d15af6b92c39b5e15facb44cb1d","230;244;258;372;385;395;408"
2596,0.469727,-0.044383,0.458793,"be5bf46e39dd52588f4cb16d6edf04928ef1ff53dc0d4ab2bed125fb5a3f46d7","41;51;58"
3256,0.201641,-0.026186,0.598482,"340dd6eadc276ec83780eb4243f32d5479de6af21af31bee3fac8744a97be800","20;51;303;320"
3258,0.176388,-0.049380,0.618381,"df3ce6f68d76def89bfa95176dff7febfbc7fda7ad479bea9bdbdfbfaf757ddf","20;21;51;294"
3265,0.541936,-0.022273,0.418281,"42a286b960a3a81b3e3953f59da3d0496f8f2f9db3d8c7d18cb6fac08c84a9b1","51;58;66;275;282;289;294;320;334;337"
3280,0.245929,-0.113766,0.574502,"cdd2d7df222e79387c5b77f4dd77886d37553e2aa1d42d47c4ba72842ce10131","0;21;51;289;320"
3289,0.211805,-0.046128,0.597608,"be6cd2b8dbb11eca3b86ec9b2cfe679dfffbd3932e479afbbbd61f3bb7752fce","24;51;294;320"
3324,0.344604,-0.083552,0.536046,"2f7a801a6995aeccab9ff1cde8ca5f9ecd69e2d68742def10e5edfbadb374a95","51;58;320;337"
3327,0.259920,-0.095678,0.572464,"110e5fed36826f33748ada42f763a16076e60ceef99c052ee0afa6802cf22129","0;20;31;51"
3332,0.509198,-0.148870,0.452657,"10306fa92e8bf950677dd6a79f9d92486e8d7f9d8ab8e7d0d461bac02d8c35fb","51;58;66;294;320"
3336,0.424112,-0.088766,0.502122,"bf7b607385fdd794257fffb54b5c9ffcfcfff757dfb0f9a0676920c36f5fdef7","51;58;294"
3338,0.467181,-0.073034,0.463111,"4f2ce85fb9bddf9ffe468d98fdfe5ff9977bfb1fb641fef3e77f1fb996758f72","51;58;282"
3343,0.274027,-0.090367,0.567846,"28acbcfeede95587cf17ec08a6f9611ac93ae3001a6aeab1cfd7503bd248d6ea","24;51;289;294;334"
3347,0.257227,-0.032867,0.575960,"8f3ef5f7ac3efd13bffb57f5fd7fd76fe777ff0fb5fcebe0cefb7e82cee591f5","31;41;51;289"
3358,0.375466,-0.075138,0.513033,"59953d7d924e5fbb34ceae08f7770a7131c77d2879e1713fe9ef651061e0877a","41;51;58;289;294;303;320;334;337"
3360,0.450921,-0.087951,0.480997,"7da41c1911db49aa7655e6084f411af411cee81c1bd07317d8ed2555c2840e60","51;66;282;320"
4143,0.408777,0.017698,0.365461,"5ce59ce4882d568da2b3aa08d7f3491a91d76c721863db22f9c7453de073c602","58;66;282;289;294;334;337"
3638,0.634247,-0.002721,0.297777,"c3ac8d93cbedad87bef30891ece6567fa3637995374cfef3ad16dfea84548b7c","58;66;82;275;282;351"
3639,0.628664,0.001356,0.301883,"66fe963aad8994cfdf1fb079eef8641bcd73ef117e6bcab1bad25d7bd0588f0f","58;66;82;272;275;282;289"
3646,0.631820,0.001238,0.303410,"63a99f9a2bc913c8aff4a589fef662128773ea57034bba7199124d7a500f0774","58;66;82;272;275;351"
3653,0.618480,0.000859,0.303910,"44ec9ebeca267eecb696eb1375ef295b7def6be674479b6f7ba7df09a173a7ca","58;66;82;272;275;351"
3568,0.443447,0.099109,0.346946,"43a207b9228028133e1142f5b5828049772d3e9d03dc47518420fac08c802199","58;66;334"
3589,0.636244,0.048173,0.277881,"0efff7dffc8befbcbff35ae6fdebddc3776f7ffba3d0efff2cbeef8c9efa91b9","58;66;82;268"
3721,0.659040,-0.102401,0.292693,"2230289a4dd5b8408b5d15038c9e760bc81993930663bad00710caeb150e35d6","58;66;82;275;289;351"
3723,0.655190,-0.102251,0.290783,"2671398aec05becc8b58916b54de6c02dc5117e3c2239af037188fbe151bb5d3","58;66;82;272;275;289;334;337"
3730,0.629457,-0.065637,0.314635,"52200ead4ac32849a6b1c281958770d26aadfbd508d3c75495e1cbcd24002c02","58;66;82;275"
3741,0.654219,-0.102022,0.290211,"b6cd71f2f421ceef1902b9db4a793d00dfd317e7782708ee309e8fbed5fbf081","58;66;82;272;282;289;334;337"
3746,0.615281,-0.029024,0.316687,"4b9ee81eb2b89dbf3a5f5cb5fd66927d1773bd1db748a77fee7f7ec99ed48d7d","58;66;82;272"
3765,0.340100,-0.120262,0.531442,"35474c4f140a663c74206bc0d321997050cc2cee69b04d0ea4aea0042cb3d820","31;58;289;294"
3768,0.343165,-0.065051,0.527161,"3da56b66d1576ef831e0ef0a5b673bb03ccd11fe5d923c6efbcd85042bf3ea60","31;58;303;334"
3771,0.604267,-0.012993,0.336375,"562229b106e0a9003365d3bb818cd25d78ad3d951ad2e550d5209ad3a501b664","58;66;272;351"
3781,0.601736,-0.012652,0.332684,"fe34a690ad745c03bbdf971d4aee76dfc9e7fd953c47fac29b73dfdf8a64bc56","58;66;272;275;282;289;334;337;351"
3786,0.596550,0.002663,0.352173,"2aace2cad5b3facf5f01780a28f974a479bb939912ba48f31f5d966bf7cefe8e","58;66;272;275;282;334;337;351"
3791,0.579552,0.032150,0.343743,"0b9f62dff6b3bff71f415ee73deeb6607f7b9785f7982cff3e6fbec2bfdcb1dd","58;66;272;282;289;294;334;337;351"
3794,0.582584,0.032135,0.346688,"139d6a9ff693bff717495ea27deeb6607ffb178df7982cff7e6fbec0b7deb1d9","58;66;272;275;282;289;294;334;337;351"
3795,0.640838,-0.121001,0.310996,"b795a0b6952646bf15ca195342783841d9e21da7fc4d08aea95ecddeb07eb047","58;66;82;275;289;334;337;351"
3797,0.350879,-0.022034,0.519970,"4ab6961e9bfd16e7ab5fad3deef64e968573ed01364bbaf39b761cfb82448f5f","41;58;294;303;320"
3800,0.585171,0.031588,0.348533,"1b9d639ef697fef7174ddea679eeb4647ffb178df3992cff7a6fbec0b7deb5f9","58;66;272;275;282;289;294;334;337;351"
3802,0.641148,-0.122011,0.311884,"308538acb40617af53af9c2a66783ac0ddd69d21f8eb099fb807c517947a980b","58;66;82;275;289;337;351"
3807,0.606299,-0.031538,0.332924,"6b56a94e69745f9e134f7cec78679ffc55deb58c8b12fbd377ffb4ad9ad66e7d","58;66;272;275;282"
3808,0.583086,0.030438,0.346382,"1a8d63de97f7ffe79744ce8369ee366079bb9385babb36ff7b6f8e4337ceb5fc","58;66;272;275;282;289;294;334;337;351"
3810,0.594104,0.030487,0.355861,"1a8d22de97f7eb679745ce0228fe36e479bb93813abb32fffb7f9a43374ebdee","58;66;272;275;289;294;334;337;351"
3826,0.589851,-0.019817,0.341195,"ced8f6f1edddfc73bf7eb73f8c9e76efefb5ff83f56ffaf297fbdfff1eecedd7","58;66;282;289;294;334;337;351"
3836,0.637401,-0.105746,0.314216,"02842abb56e1b9411e055da3bc9e3a40fb1b9391129808d54d059ae5950ab5d2","58;66;82;272;275;282;334;337"
3838,0.596150,-0.007446,0.351883,"ceb0f4fbed7df9dabb7fb5bf8cffde3fefd3ff95b667fbd1dfdbfbff96cd47f7","58;66;272;275;289;337;351"
3839,0.594298,-0.035566,0.343999,"ca59f6fe6d5cfc71ad5eb6b7edffb6efeef7ff87e46b72e9b6fbca9b17fce5df","58;66;272;275;282;294;334;337;351"
3842,0.597242,-0.037670,0.344742,"eedc70fbeddcfe391b7ef5bf8d1f96f5ef9db7affd3ef9d7bffbcfff1faed5d7","58;66;272;282;351"
3845,0.602660,-0.037954,0.349386,"7edcf0ed6f5cff7b2b7ffdbf8f9f56f6ef9dff83dc37f8d3f7ff8ff77ffeffd7","58;66;272;275;334;351"
3846,0.639944,-0.107229,0.318162,"a6ddc597d7fbaeef5f937916e8683d8dfb6bb3f377fc5bff2c1edfc7df7dd99e","58;66;272;275;282;289;334;337;351"
3849,0.619025,-0.080637,0.331317,"7a7272e86f5dd95d896df4af0e9dfeb4ee9dfd158e2bf2d0d3f938ff478c7eff","58;66;272;275;282;289;294;351"
3857,0.636322,-0.107065,0.316637,"07bd8e9fde8fbea89ef35b63ecfe3f48ff7f33d3c7f89fff2c36cfc79d7b399e","58;66;272;275;282;289;334;337;351"
3862,0.609587,-0.057649,0.353286,"ff9570e9ef5fffb95f7ef5bfcf7fdefdff95bfeffc36fdd6fffbebd737afd457","58;66;275;282;289;334;337"
3880,0.607953,-0.087887,0.348990,"2acd229e55d7bee4df44580368ec36c4f8eb93d1e6ba1cff3f7e8ecb171e7dde","58;66;272;282;289;294;351"
3882,0.608019,-0.088592,0.348032,"2acd229e55d7bee65f045803ecdc36c4f87b93c146ba1aff2d368e8b171e75de","58;66;272;275;282;289;294;334;337;351"
3883,0.608352,-0.088341,0.348900,"0add229e55d5bae61f4c5c03acdc36c4d83b93c166be1aff37768a8b171e3dde","58;66;272;275;282;289;294;334;337;351"
3884,0.553363,0.067285,0.385868,"7fbcfdf2fd1ddfde9bf3b41ddffd5f3f8fd7fd1dbf6bfaf2fbdfd57ecffcd276","58;66;275;282"
3056,0.413182,-0.005335,0.350350,"8b6ec5a5220b6f3c3dee12edff26918516655d6fe1d46d5ea4d66fb426f40779","51;66;282;294;334"
3662,0.637656,-0.015727,0.294828,"e36aea176418ed4479ee74bd2388d73b08ec6645c4fee662463bf4a945b85ecd","58;82;275"
3668,0.589325,0.077148,0.326366,"86bc949f99e6b6afbeb74311ecf64bcf917feb1376dc9bfb2d365f6b90758dd6","58;66;82;275;282;289;337;351"
3676,0.631885,-0.016839,0.299409,"e76aec146c19dcd6dbfeb4fd02a8d71b8de476c7ec66c660161af5be4dfd5add","58;66;82;272;275;282;337;351"
3677,0.587377,0.071811,0.325598,"30547ad474c5bd475cc97e0b71dc7f69fc3b3791e4f2320e738ffe894558f5cb","58;66;82;351"
3678,0.590917,0.071886,0.327519,"861c349fc37ebc22bc9e4333cc7e07cfa77fb3a324d413ce05325a8382650dd7","58;66;82;272;275;289;334;337"
3681,0.631564,-0.017376,0.300112,"96f67751869bb575fcb7b7f2cd5cac253715ea30f0f52dd63d0257564508c525","58;66;82"
3683,0.629628,-0.017666,0.297739,"c294b655293fa986be3fb614eca23d4fa557e9a921651bf381f25b16ca71213c","58;82;275;289;334;351"
3685,0.627319,-0.017623,0.308045,"563573ce12e75f68ed04ed0c6bc725513eb94de26803385ff3c40b3b31a32752","58;66;82;272"
3695,0.637339,-0.052894,0.296717,"28b1b06afdfd578f43116c0896b148b0d91a80181b1af835ebdd147fda4ad6aa","58;66;82"
3698,0.644189,-0.054505,0.305878,"e76bec04ec09ccac8bf6b0cf432cd71b0ec577e7ec67e7883e1ae5bc65bc524d","66;82;272;275;282;289;337;351"
3699,0.626624,-0.017952,0.309232,"e66deda8ce6195ce82f698ab002d570b49d2fb73406bc2107900edbdd57956fa","58;66;82;272;275;282;289;334;337;351"
3704,0.608626,-0.001350,0.319734,"96ec96defda3a7eebf93c812fcf22c6df97f7aaa70cf1affb9b6df5e9171a3a6","58;66;82;272;351"
3708,0.603946,0.041370,0.332691,"b5fece9ffc23effe36bafaf673e399417fee6eaef9ffcf7ffcaeff94adf9f089","58;66;272;275;282;289;334"
3712,0.612127,-0.010698,0.316820,"a02176492c89a047cc0472248288b604ca286a5956bdc711443810495d08f186","58;66;82;272"
4813,0.636864,0.002799,0.289503,"e7be871ec9e504efb7ff807d64e06edfc9e6ea913f4fca7398325f7b9864be5f","58;82;337"
4816,0.637254,-0.045259,0.302830,"725e8abe40245e9e3202cec535e3035a55ef31878806d263d0a7fa8828f12a5a","58;82;289"
3590,0.635541,0.048324,0.277246,"07adf7bffe0bffeebff2d282fdee79627f6f7bb923f9bfffacfedf0c84f821a8","58;82;268;272"
3591,0.619032,0.091485,0.287830,"e5ed869fdd3fa6ec96b2eb1be2f0294559ee6a6e6cf3cb3fbd26c73cd17fb886","58;66;82;268;272;282;351"
3592,0.617788,0.082731,0.284826,"86cf9417f02eaebf1bbf1b55e4685d8f97432177f7dc1bff2c165dc6ccfb990d","58;82;275;334;337;351"
3596,0.623513,0.058807,0.284911,"944c09a99427abda162a505295c37948734817fb23940912ed86abe4b4f931a1","58;66;82;275"
3598,0.627219,0.059371,0.288450,"848e94939560a4a75e1f4336e0284e4be146229136dc4be32cb6de478859f50e","58;66;82;268;272;275;289;334;337;351"
3601,0.625327,0.058790,0.288726,"05ada41fb82a6eacb6b24ae1f1e3d964156e39ee52d08f3f6e2ec504a4f39028","58;66;82;272;275;282;289;334;337;351"
3605,0.595558,0.086988,0.308103,"e4ed879fdd7ba6ec16b2eb3ae2f0a94559ee6a6a28f7eb3fbd26c73d917bb4a6","58;66;82;351"
3609,0.603849,0.067153,0.305251,"f223fc170ec4d021c8ec931370aa564be0a76d82dcc8ea605728fe920142d44e","58;66;82;275;282"
3611,0.609881,0.089341,0.311230,"8cbd869fd96fb6ee3eebff13ecf701d4f9feea6270fbdbff7d365703827fafdf","58;66;272;275;289;334;337;351"
3556,0.408715,0.023853,0.355668,"599cadbf8bee1fa6bed78a85fff6027aa7777d873949fb3fc9e75f508074857a","58;66;282;303;320;334;337"
3557,0.406830,0.021273,0.351911,"d2edbb749bca5daebbc08a08b7f7407212f77968794bf20fbbfe053e0030862a","58;66;282;289;303;334"
3560,0.431229,0.021829,0.341801,"c5bc9d75b86f45bf7abb2a589733403b817e78183b5cd102ed9e5574c860c22a","58;66;282;289;294;320;334;337"
3561,0.431179,0.022120,0.342675,"58ef1765b2ca1527acac6a28bfb780522277ed0040d9a10ee1e734112290872b","58;282;289;294;334;337"
3546,0.431264,-0.005149,0.342933,"ce3b74f2a5fdf890adfcbfb98d1fd73fafb3ffd794652ae0dfdbffd3c6d70777","58;66;289;294;320;337"
3369,0.328764,-0.054051,0.540139,"e5b53c47e41e643979fa275cd2785e339046742ef5f0f90c6fbb453448e2ca04","41;51;58;289;320;337"
3370,0.373855,-0.075451,0.512285,"ca90f6ff69f87127bd776739ef3f0adf83b7fd00105cf3c3d7f3520302048e7a","41;51;58;289;294;320;334;337"
3374,0.474319,-0.060618,0.468440,"cf44616fb837efb8f5e21f94d96f9fa51767dbaee5446dee667fa59837f7c9f4","51;58;282"
3384,0.392885,-0.028115,0.519782,"e96aa1356d1cc5157beeb04ca389539e886c644fc876e202e5f9753842fc52ed","51;58;337"
3391,0.411775,-0.055279,0.500130,"a324ecd4fe23984f1bab19b348fefc209f5f37b5b0c70ade0a5efdbe95ee9885","51;58;334"
3395,0.507501,-0.147056,0.448807,"1930aead3e0bb949eef5d6279d98124afe2d7f2584fbd7dddc3b7b944d0c33db","51;58;66"
3401,0.422400,-0.054384,0.492205,"2230eb5a5cec98409b5bf1bf30dc5c3a8db9f791b66ff2e3573e98fbc50956f7","51;58;66;334"
3406,0.502884,-0.095451,0.452152,"2e5378e432129e38090c1fe74d4f9f00169595e7c4802dcc6279289727b70f55","51;58;282;294;303;320;334"
3412,0.501880,-0.093429,0.448398,"0a9e375130f8b9373d0f76f0ac3e84fc873b8710b3bc61c70fff32c2c28087fd","51;58;66;303;320;334"
3417,0.500548,-0.093657,0.448130,"029d1e9ef1e4b177bd4d6e15bcbf2640a433b304128912e763bf1a4b4a40a9db","51;58;282"
3422,0.501282,-0.094030,0.449188,"9a4f629c5292ac76b586dee7298eb7c46eeb97c5ec8b04ef3265ba8927d429dc","51;58;320;334"
3425,0.507561,-0.140035,0.448858,"01305fc96adb69506d79f6e2999784f86e9dfe908398e7d096f9b2c02d8021b9","51;58;66;289;334;337"
3427,0.402666,-0.161389,0.510109,"74a59eacdd4f46ed75a5eb0b42f12810f9ce6a3038fbd90ef9a69755e13ae202","51;58;66;289;303;334;337"
3432,0.414496,0.027436,0.494089,"c7335101720a2b1038e853fdd5068f35960d1477b594254ea4302ac60ca30355","51;58;66;282;289;294;303;320;334;337"
3433,0.410517,0.049949,0.497360,"0320568d6c8bf8582fb9f2c7dc8b74486ead7f9586fbc3d0d4b8bbc01d087199","51;66;294"
3434,0.506120,-0.094081,0.453678,"2130ff5572daa0037e697670b81e84f8e63c661895fc754507af72c249004bbd","51;58;66;334"
3435,0.447215,-0.011210,0.476462,"0049463f048ae807ec016b00a78030d060a66a8d4098154d85a01a004002e908","51;66;303;334"
3438,0.516422,-0.070107,0.450979,"2561104b591f46606920e948d2121db4d89c4a6ac9b2d10e35bc0134483b4a84","51;58;66;282;289;294;303;320;334;337"
3442,0.517610,-0.043623,0.455724,"14cf2abe1ac11fe0ac04cc83a7cf23406efb49c34e030a7ff1c58e393413274a","51;58;66;282;289;320;334;337"
3444,0.513280,-0.039705,0.449551,"30fd78fadbd954e7bb15ec1b3fbe0250abbbd1905e0b1277fbcd1c7bf910af9a","51;58;282;289;294;303;320;337"
3445,0.518546,-0.041414,0.458151,"72cf6abadad19ee6ae15c8aba5ce2650eefb8fc34e0b0af7f3859ef91513afca","51;58;66;282;289;294;334;337"
3446,0.511927,-0.071065,0.445970,"20387b7160c861106f1576209797c1792238665802b0e310c7b97040608147e1","51;58;66;282;289;294;303;320;334;337"
3447,0.514651,-0.038080,0.453681,"38397a7a7bcd5172a905e4083edf223086bbd5004a2f323dd3dd102b720026fb","51;58;66;282;289;294;303;337"
3449,0.539722,-0.028164,0.444955,"e78ec41fde22ceafd382cad361689d565be62baf7cc64fef2c3ec701b7f7f80c","51;58;294;320"
3465,0.354312,0.076064,0.569029,"bcddf7eefe27d6fb518af86a737d2991ddf7d763e9e3582f39ef659efd7bf2bb","51;58;289;334;337"
3476,0.424430,0.122030,0.574179,"3d10efe57616fb7055e876e65b3fb9797edd17eefdb2258c62efe484f7ba70f1","51;58;66;282;294;303;320;334;337"
3489,0.316606,0.092690,0.700782,"dd51acbfac0f1cb8def28737d7781b4bc1457d67ecc54face863ef151c7d9903","51;58;334"
3490,0.379862,0.151255,0.681817,"ebfabbfaedf59ddf9bff947d3cfee6af8f73f715b74fbaf35b5b7ffa9e5cafff","51;58;320"
3496,0.313747,0.120266,0.696177,"95cf0ca7b80e5eb8a4e68b85d76b0b42f7477de76cc1592ee8e7ef952873a912","0;51;320;334"
3509,0.506259,0.101545,0.681662,"c6ccd8dedd68efaff903ad189ce3744f63631b2a704d9ae22d1ede3d9471c3a0","51;58;282;303;334;337"
4123,0.413631,-0.005055,0.348373,"643efb76f06a9adafaab396876fecd3a977f5412a7e3a86acb9f25bfc07307a3","51;58;66;282;289;294;320;334"
8488,0.865241,0.250071,-0.310859,"45eb8d1fc881afaca6b980ecf1e2d81217466adfc249ef312c06effc18b303a9","230;244;258;385;395;408"
3548,0.425504,0.010414,0.350587,"adea925ee9bde6e8fb1a7448eef0edbd996a624a26678a73009e452bda736b8d","58;66;294"
4201,0.694141,0.125670,0.182723,"58b3fe74aae85117a39fbe39bfb7c21aa7f7ed101a4b8200dae774fbe0c08e4b","66;82;268;282;351"
4203,0.695336,0.125776,0.184785,"42fb96b7aa983096abf9b2edaefec6d2a757ed51d7498be1aef27ffa8c048b5d","66;82;268;272;275;282;351;361"
4217,0.427086,-0.149620,0.474947,"83b8a51bcbfdbccfbf7714992cecd6bfaf33fb95b64fbef11f125ffb96448fdd","41;66;282;289;334;337"
4222,0.674438,0.115149,0.201420,"febce61acbf5d7cc93ffb59f4afc7f9fcdd3fd93be63baf21b53d5fff37ffe57","66;82;282;351"
4224,0.677254,0.115785,0.202900,"fffef0faedf5dedc9bffbcbd6efdff3f9ff3fd57fe67faf3fb5fedffd7ffd677","66;82;275;282;351"
4228,0.683999,0.120082,0.206992,"7b3274e82d3fd8582bf9b5fd0f9dd63c8e9dfd059c63e3d0d3f939fa4f8c4657","66;82;268;272;275;337;351;361"
4238,0.714996,0.068949,0.178021,"1b9f63e97693e97715485ee6b90fb2e46eaa978dd39825ff667daac03f8cb1fd","66;82;97;268;272;275;282;351;361"
4246,0.412797,0.027767,0.494781,"0a2fb21531ddb0273ded4e11acac0684803bc30574b860cf47771a0342448fdf","41;66;320;337"
4248,0.697119,0.092639,0.203898,"02cb228e5581ac670c055883288c3444682b1381529800f730349ec3160cb5cc","66;82;272;275;282;337"
4250,0.692979,0.091578,0.202356,"2e69308acd55b6c48914910bccdc6f82ec41cac24623baf037108e3b163fb5c6","66;82;272;275;282;337;351;361"
5477,0.759027,0.081251,0.123207,"2b913ac97585bb575e095c02bc993660d82b131992ba50df4d1daaea160a79ab","82;97;258;268;272;275;282;351;361;372"
5537,0.862006,0.219368,-0.228121,"edf41160390d41197baaa55cdfd348b495945c38eb67d91a9fd9057c4aa04221","97;124;244"
5539,0.873903,0.166473,-0.270131,"78a8183089c954cfa235a4192f93429281d3c9104e4bd231fbc1147b52008e0a","97;124;258;385"
5546,0.867427,0.223968,-0.226700,"8d349e71e13e7013f9ba7754df3309bb8517f43831d45302c7fb7106cae1cbb3","124;244;258;361;372;385;395"
5548,0.872218,0.224178,-0.227596,"4d31bc61a93c7417ebb9af0cdebb4afa8517ec101669f300cbff5457ca42cb03","97;124;244;258;361;372;385;395"
5550,0.902915,0.050999,-0.303377,"d5709d75084e5594e0fa2618d617413b80547c6a69e4b328e1ea651068314333","97;124;372;395;408"
5551,0.876818,0.186813,-0.234501,"bc6d2d649c4f47f920e4ac09531d111398c44d6a6863791cfbc9253571bad672","97;124;244;258;361;372;385;395"
5557,0.867368,0.221078,-0.225157,"5ca1b860b94c551debadaf099fbb4a1282076c581e29b300fbdd257fc282cf43","97;124;244;258;361;385;395"
5559,0.895300,0.091850,-0.280914,"41709d65814a358c78e22208d63548329054682801f0f908ed9b4536c072c722","97;124;244;258;361;385;395;408"
5565,0.884067,0.188191,-0.233549,"f8797c642a4b5537a1b6a429373d03138af4fd62686bd10cf3c9653161f84e1b","244;372;385;395"
5567,0.875845,0.196148,-0.229129,"50b8b971a8ed1187be37861997b7427aa13f7910124db333cbc77f7580408772","97;124;244;361;372;385;395"
5568,0.868043,0.202867,-0.223784,"f8c8bcbe2dd854aeb21f8239b7bf00dbc1f7ed016e4fca23d3f3763b10001e0b","97;124;258"
5569,0.925233,0.211240,-0.235287,"1438be718ae9b0c2aeb78eb197be430aa37bed11066da322cbc73f39e0510f4b","97;124;372"
5571,0.882810,0.161288,-0.233741,"49051567340e663869086b4cdf3198f790446c6ee1b0190ce4fb60004ae24301","97;124;244;258;361;372;385;395"
5572,0.901157,0.092569,-0.280631,"4d319165814a372068e02308de7548329054686a51f0f908cdea050648224322","97;124;244;258;372;385;395"
5573,0.878842,0.160293,-0.232743,"690f4445341a463861a8eec8c32197b610c44c6eecb04d0ea6ff25116ab65a04","97;124;244;258;361;372;385"
5575,0.903620,0.092596,-0.280721,"48315165324a332068683a68df378030125c4c6001b0a14ca5ed218360a20721","97;124;244;258;372;385;395"
5577,0.900968,0.091872,-0.280129,"44337b66320e3b3028ac37ecdf47881036554d6ac0d0b94ce1a1218040a20733","97;124;244;258;372;385;395"
5578,0.870895,0.183392,-0.228417,"d4b0bdba686111c8a277a13997d7491bc1d17dd31a47fa10d9817b7d90210772","97;124;258;372;395"
5581,0.875753,0.184395,-0.224745,"5cb6be743a025bbab68e96a5ffef4250b775fda5a8c18b1fdae77f9da4e02d53","97;124;244;258;361;372;385;395"
4354,0.653998,0.011313,0.266379,"7f407ae5660afff879a6f7ee5b4b9d547ecd3feec8b6cdcab6ffef842fbb72a1","66;82;268;272;275;282;289;337;351"
4360,0.687426,-0.047804,0.241946,"578969d1848b6fb31c3a13125101304163243f6ef19c0db78c0ffbc434a9d021","66;82;272;289;334;337"
4361,0.649457,0.005824,0.276080,"84afc6a7962aafa836a27ae2d16199c03bce22ef70f04d6e2ca66f04edf3a9a0","66;82;351"
4363,0.749504,-0.090056,0.183207,"38495aae1cc552608500f80323d921c0c8f8874248ab52acf3e5801931ba748a","66;82;268;272;282;351;361"
4364,0.689852,-0.038278,0.245779,"f009898c5c204ace1a81d80220ae314070fe37c10202e2eb9525aaa8b4593428","66;82;282"
4366,0.652377,0.005454,0.277414,"cf52f145605e3fb879ea77ecdc37cfff9655f46ee1d4e9ca06fb65860eb74775","66;82;272"
4369,0.687217,-0.038259,0.244575,"e0c1caac542248dc1221d81a11e8384058cc17e12233889370a5a2ac35f87088","66;82;272;337;351"
4371,0.657683,-0.002185,0.266723,"ff8175e3ae5bfef91df0b7bbdf4f9c69ff857ffff9756dd6dedbebf57fafd155","66;82;268;272;275;282;289;334;337;351"
4374,0.688527,-0.038991,0.246289,"ac4d65ebec6fefdc06787d12d14d984859ca176ba9b46bb764cbf3b035dbd0e0","66;82;289;337;351"
4384,0.712286,-0.108257,0.200538,"ec89a8b8ddc4438e9251c41292d93069c9ca13d93b2a72b3e9b990599009f06a","66;82;334;361"
4394,0.661979,-0.004923,0.273331,"3f2af8e1765bfbd06decb7aadf0fd7747ecddfefc9f2edc8ded9abf567af7ef5","66;82;268;272;282;289;334;337;351"
4401,0.649076,0.002496,0.303435,"63be8f9ef8f511cfbeff84fdfcf6e69fcf77fa15b74baa7198325ffa9064af7d","58;66;272;351"
4404,0.657089,-0.005276,0.266861,"7f8071e3e65bfff97fe2ffeadf4fdef47fcdbfefd9366dd29edfebf47faff8d5","66;82;268;272;275;289;334;337;351"
4405,0.663832,-0.017885,0.266914,"2fb579e3fcf9f8db5f69bdfa8ddfdcacff9b9791973aefd79eddbfefd78edb95","66;82;268;272;275"
4409,0.669448,-0.036645,0.268761,"2eb779ebfefdfad95f79fdfbdd5edc20ff9b97b1963a6dd7dfddabfff78fdff5","66;82;268;272;275;282;351"
4414,0.659388,-0.031797,0.277852,"5c5efae4e37a3352a3ee3fa90fa7e3de27f5ed120057a8c2d3e5658fa6f72f73","66;82;268;272"
4417,0.687128,-0.068298,0.246102,"6101c8ed3e28ea9e0a2158c6b128bd40724e3f0c8310c59104edaab4bcda5099","66;82;334;351;361"
4419,0.666892,-0.037861,0.267537,"3ea778ebf6fffad81f69bd8bdf4f5e20ff9b97b19e3a69d7dfddabf7f78fdd93","66;82;268;272;275;282;289;334;337;351"
4422,0.699711,-0.069746,0.255145,"35cf49fbb48b4ff554123d667361f9315fca144efbe84c3fe8cfa5b0fcfbd0a1","66;82;289;337;351"
4424,0.670630,-0.040669,0.270771,"e6935cf9ec0ffc398f3ab35ecd0ebcdbef95ffe3f0675bd79efadff61da8d993","66;82;268;272;275;282;334;351"
4430,0.634099,-0.016381,0.301120,"2f32e909cd7dc2c85b7b79dec2e8dfbc59cc723f9776ff120e1f91fcdd6f5a94","66;82;272"
4432,0.709827,-0.112144,0.222280,"3799e4c3ec01cbec4771b4a2693cde266dd2b3d18b787df10e58c540f79f50fc","66;82;282"
4435,0.645577,-0.015075,0.292831,"ed6ac4446c19e494e9bab6ec0b00d7bf08e4e64ee576e4c8365865b04ffd5a0d","66;82;272;275;282;337"
4440,0.712527,-0.113290,0.225872,"f1c46ac09d56c2ccc2e1821211d87e2279c419fd6c63b4823b08877dc508f042","66;82;275;282;289;361"
4444,0.667522,-0.049591,0.271659,"5f3cfbf4637c7ad2abfbbefd1ebfc73ea7f5fd938547b2e2dbfd6bbfc7f52f57","66;82;268;351"
4448,0.665285,-0.023678,0.269806,"479a79e1e68bfff37f6efbef9d8ff650ffad3f07d13decd3f6ffbbf437abf5f1","66;82;268;272;275;282;334;337;351"
4453,0.672418,-0.042721,0.273161,"6fd87af0ecd9ff73ab6af7fe9dbff4f0efbdbf8bd13ef2f2d6fffffe1fafd9b3","66;82;272;275;282;351"
4459,0.673626,-0.042917,0.277245,"3b12fae6e61dfb787bce7cee3bddfe747f8b378dd9bee4d25edfbae87f8e72f9","66;82;272;275;282;334;337;351"
4462,0.721099,-0.090784,0.212613,"1b0174ed3692f938cd4816a3391fb6656eb197ac8cb025ddc6f9aa80378c5079","66;82;272;275;337;351"
4463,0.669573,-0.055317,0.266375,"3ea770ebfeaffaf90f61fdcacfcf5c30ff9b5fb19f3a49d7fedc8bfdf78edb81","66;82;272;275;282;334"
4465,0.643265,-0.035554,0.307238,"e77ae8106c3dc8da5bfab4ff02c8df3addccf6d78d76de721e1af5beddfd5a95","66;82;275;282;289;334;337;351"
4468,0.674754,-0.056367,0.270024,"2eb779ebfcfdf87b0f3db9fa8dcedcf0ff9bdf91962a6ad79fddbbff978e85f5","66;82;272;275;282;334;337;351"
4481,0.674950,-0.076598,0.264558,"1ccf67ff34f34bf6d54cdea2f3e7b16459ea1fee8b892cffeaffa2c0b6bb7478","66;82;351"
4485,0.624657,-0.000012,0.310204,"d6ac86be89e446eeb79bc850e4e3695ff9ef6b923a4fca7bb9b6df7a8071a30a","58;66;272;275;334;337;351"
4491,0.506857,-0.141043,0.452296,"015a7ff920886910ef5976e49d97f07966393e1883b466d1c6f972c00c8001b9","51;58;66;282;303;334;337"
4492,0.673369,-0.060076,0.273477,"2b7ee2c87693fb5957497ce728dcb6a47ea9979dc7b624ff360eaf8aff8ef0d5","66;82;272;275;337;351"
4494,0.678791,-0.086986,0.266318,"a769809fec91aec656da58e7a8aaf7af486b13c7c75acef02400cfa81d7cb89d","66;82;351"
4500,0.636230,-0.045005,0.301891,"d25a2ebc0b161cb4b50ec6a76d2e2753e6f5edc7eccf13e9f2e3fa932c342d5b","66;82;272;282;289"
4504,0.678563,-0.077361,0.269116,"134d63def4d36fe6df46de0268e6b5e47aea1fcaef9b2eff333e8e8137ff746c","66;82;268;272;275;282;289;334;337;351"
4512,0.675994,-0.076563,0.268243,"2acf63ded7d7efe7df4c5a0268eeb5e4f8ea97c8e7bb2cff333e8e8b17fef4fd","66;82;268;272;275;282;289;334;337;351"
4514,0.691913,-0.116176,0.246848,"470cb4d58d3ca403cef28f12c82857eea567f8099561b7c0053e5f13886c1934","66;82;272"
4515,0.677803,-0.077150,0.270242,"2a9d72df77d3be675f485ee268feb4e4fe7b9381f7ba0eff247f9a831f4ef99d","66;82;268;272;275;282;289;334;337;351"
4518,0.639192,-0.053976,0.301601,"286aa0b5250dcd5612ae500daf8d5306886c554dc8fce0aae5d5bdb046bc57e8","66;82;272;275;334;351"
4519,0.680790,-0.076332,0.272332,"038e62df77b3bae65f015ca228ecb6e47f7b9785b6ba0eff2e3e8ac317cf799d","66;82;272;275;282;289;334;337;351"
6420,0.928543,0.427535,-0.675833,"120c62da56a3aa6316015b826deabd407bab1399b2bf0cff3c2e8ac0b5ce3180","124;144;230;244"
6427,0.920872,0.405645,-0.688086,"6b5f7445a81e5e3f61eebcecab2c97b70656dc6ccd2ae58ca2f965b74ef40a5d","124;144;230"
6437,0.938551,0.409978,-0.675538,"295d7e65351f7f366948fe08bf1b93348eb45468c9b0608ce7f9209062f842ab","124;144;230"
6438,0.946135,0.415689,-0.678620,"68357265659e5d37e908fe28bf1b9435ceb65d28c9aae0cde7f920906288c229","124;144;230;244"
6441,0.933148,0.407065,-0.670873,"e984724a743cfa12794bff18ea799c34ef935f2abca469e757ff10d2c7cfc265","124;144;230"
6442,0.934485,0.408893,-0.670406,"e744785bf43afa9a7d4bf71acb289d3cffc75f3bbeb66de736fe92d6e7dbc205","124;144;230"
6446,0.987533,0.375261,-0.529185,"f8797b67601f5b703d28f6a9ff1f8131b6fddd62c8b2613df7f9219162b3067b","124;144;244"
6450,1.003060,0.381459,-0.536450,"3c5e7a6d644f577065eefe2cff1f83309efcd56ac9b6792ee7fd209162bb46fb","124;144;230;244"
6465,0.997113,0.383331,-0.607910,"a1b17949f2c9677d76087468335188313a9a067873ba601d6e8924687b82e2a9","124;144;244"
6468,1.028936,0.398754,-0.622923,"8b9f7f79b7dc7933ed5d5ef5dd3fb6e5a733bf1db79837d76ffb3ac79e84ad7d","124;144;230"
6469,1.001712,0.400198,-0.652296,"786b42664398f7f4e1a4ac880ba1d3b620eccc48cc2ba4a87add153b63b74ecc","124;144;230;244"
6473,0.983988,0.412414,-0.741748,"54f43f748a6c17bae816ae08d7770833b7566c6a5865bb25f9a2755c40730723","124;144;395;421"
6474,0.988065,0.414158,-0.743605,"64601563896d43887af2a318d355493891d4687a7b64fb34cd9e4574c0934620","124;144;230;395;408;421"
6477,0.988432,0.413757,-0.742502,"e5bd5250f5bd66ba7be86e5c7af0cdb591ce6278f77ad2633e98056acae14a8c","124;144;230;408"
6487,1.020838,0.415188,-0.716235,"64741d63896d478863faa908d255493a9150687a5b64fb30cf980575c0534622","124;144;230;244"
6488,1.018623,0.413965,-0.716061,"e57c9961a06e47ba70ea225cd671413b9144487af974d12aad8f6536c8714223","124;144;230;244"
6489,1.005371,0.408443,-0.709898,"c6b395b3a829159fbabf11fdc6e6cadb8747ec15b748cf518cf27ffe88548f55","124;144;230;244"
4908,0.656203,0.098567,0.243777,"3cb68e9fcd5fa7fe36fef63ef2e002d179eeea2279f3fbbffde7ff2d7b7ebed2","66;82;272;351;361"
4925,0.659676,-0.080392,0.281147,"d6dd3a9affa5bee7bd1eda3becff2d49edd7dfd3724bd9ebbf36de9b907da5db","58;82;351"
4267,0.700614,0.053915,0.203623,"3bc94a9c0e90ccf6c540d4c7318ab6e46ea217cdcf0b06fd3269ba883f9c781c","66;82;268;272;275;282;351;361"
4270,0.703389,0.053846,0.205232,"3bc966bc1c94ccf79440d4c7318ab2e16ea317cdef8b06fd326bba883f9cf8dc","66;82;268;272;275;282;334;337;351;361"
4271,0.653709,0.098477,0.238393,"f4adc79fdc23eeec37b2ea1a62e80dc179ef6aa238f3db7fbc26cf2cd17bf080","82;268;272;275;282;289;351"
4273,0.703800,0.054003,0.206731,"3bc8639c0c94ccf6c540d0c631a8b5e048e217cdcf2b16bd3269ba883d9c781c","66;82;268;272;275;282;334;337;351;361"
4275,0.701255,0.053152,0.205096,"33c8439c1c94cef6d540d0463188b4e048ea17cdcf2b56bf322cba983d98788c","66;82;268;272;275;282;337;351;361"
4278,0.637429,0.095291,0.263625,"a5ef879fdc1ba6ec76b2cab2e1e0896579ee6aea6cf3ef3fbc26c70485fbb0a4","66;82;272;275;282;289;334;337;351"
4285,0.634024,0.086413,0.254720,"f6dfab32da6617fc13fe9dbf53fdeb21fdd69d73fc47382efbc7e5feb1fbb473","82;282;334"
4287,0.646811,0.096155,0.263090,"8dfceedff97fa7fcf6eeffbef8f5dff67dfefe6ee3f3ffff7f6fe79c43fff4f5","66;82;268;272;337;351"
4296,0.657375,0.084914,0.246399,"e6cdd496f538dea79b83b91bee7a0f87bbe39dc3706c08efa916df13877fc50e","66;82;268;275;282;289;334;337;351;361"
4301,0.622293,0.071186,0.284178,"ad4f60b3d43bee8f5c236b92d96899297bce126ef4b44da2664f8604f7dfd084","66;82;337;351"
4306,0.639973,0.074494,0.268640,"320146885d43d86b8fa0f00b0a883480d89997f01c2b12dc1b58817f550c7482","66;82;272;275;282;289;334;351"
4308,0.644593,0.074618,0.272560,"b64d13af8ca396c68c22fb5b664a2800e8f30b4358a748b7b1908e12515ba58a","66;82;268;272;275;282;337"
4313,0.608375,0.068473,0.309224,"4d84aed41516642bd2ee8603e972aae371e4a8acec45b5cfbbefcf1a22646946","66;82;272;275;334;351"
4314,0.607261,0.068350,0.309211,"4990aca41d56513be2cc84249b36b26650a4eca88d43b48ddbefeb9d2a247c77","66;82;272;351"
4329,0.621775,0.044993,0.297062,"56adf7dfbc23feec3fb2fa02edea9d61ffef7febe0d18bffbefecf8687f7e105","66;82;272"
4330,0.680041,0.014142,0.235354,"0395208bd5d3b8651c495942081836e0d80b9395d79801dd2c148ac21c0eb99d","66;82;268;272;275;351;361"
4332,0.679626,0.013840,0.235762,"8a950099f5f3b8271d415ab7880836c5fe0b93b1b69805d70c528ac29f0cb997","66;82;268;272;275;282;289;334;351;361"
4335,0.654907,0.041334,0.264894,"13df439e9692eef6b4c2dae779eeb3e07eeb37cfed9b04ef382eae803df6b9dd","66;82;268;272;275;282;289;334;337;351;361"
4344,0.659034,0.041044,0.275308,"33cd63de14c7ebf0d440de4271f8b56478ea12efcbbb3cff312e8a803dbb70ec","66;82;268;272;275;282;289;334;337;351"
4347,0.655771,0.006776,0.271211,"cd52fd67285e5f1839fe37fddf3fdbff9755fd6ec554fdc2c7fb65962ef70e73","66;82;272"
4348,0.661501,-0.000493,0.268069,"2fa578ebfcbbfaf91f71fd9fdf5ede60ff8b17bd9f3a5dd7deddabf5df8fdb95","66;82;268;272;275;282;334;337;351"
4540,0.676335,-0.087344,0.267774,"82cd229dd5d2bee71f475c83acae3644db6b9385769834ff2f369e03165cb5de","66;82;268;272;275;282;289;337;351"
4546,0.637679,-0.063014,0.299011,"81b29bb720ac38173e4b5354beb24069842b260593d8926185b47a80084083b9","66;82;272;275"
4570,0.643517,-0.077923,0.305563,"fe3573e86f1ff858ade8f7ab0f1fb575fe9ddfef8cb7e5ccd7f98b8f67af61d7","66;82;272;275"
4624,0.585263,-0.093342,0.392793,"6b207ce96c1bf8580f20f6829d8f9560ee9d7fed8838e7d8d6f98a98378c50a1","51;58;66;275;282;289;294;334;337"
4667,0.445441,0.131768,0.595792,"b4475be1f62a6e545522fbf2171bb939fe9d17e3e8b6418eb4e9a0846ddbf080","41;51;58;66;289;320"
5041,0.730424,0.076049,0.158533,"224461ac4e21ac4d1f0279cb65ee3c087f9913a742324ed334568eae555ef0d0","82;97;268;272;275;351;361"
5044,0.730922,0.075658,0.158437,"3c5242ec5d87ca5887a8b46e5bd9758058b897ebc823409cd2c9a1bd7fab7883","82;97;268;272;275;282;351;361"
5050,0.752330,0.078396,0.164747,"345b5aec3c9352f8c444f4e673c9a3405ea886eace232c1df2a9a33d7dab7c91","82;97;268;275;282;351"
5059,0.735783,0.077425,0.151797,"584356e217827870e580d6466fc321c57aa00ef848a302cc9af882432e82780a","82;97;272;351;361;372"
5070,0.737358,0.060729,0.149389,"8ab83e986dddb860af5d5511ac9e62cfc639b351167c32d50f515aeb160c2dd7","82;97;282;361"
5075,0.735328,0.096331,0.146674,"06d4f2f2f424fa94094b1933dc7e7c68ff5397f3b20008e2afde9ece95dff5f3","82;97;268;272;282;351;361;372"
5079,0.724119,0.093701,0.142578,"fd0deef9c774edc75093661219a9756b69ce33d878fcb7a27febd605a7f8f0aa","82;97;268;272;282;351"
5082,0.729518,0.095137,0.146240,"84cf5192ce21afe4901289d2d5e3e9877b5202fa73250a622c84873cb4fba1a0","82;97;268;275;282;372"
5090,0.737313,0.070940,0.139121,"7361e9a51648ce4c43e090efb30cd7447ecc1dfdcb32c588f0cdafb86d9e585c","82;97;258;268;272;275;372"
5092,0.742540,0.062895,0.140872,"c23cf09c7df8f802bb471495acce77dec72b9f912646d2cb07749aab96440fdf","82;97;258;268;272;282"
5099,0.749686,0.086530,0.140285,"12e1169e87c0a6cdae13c3026cc26843706b2ac342419af5b1809e0b1012a50a","82;97;272;275"
5101,0.746260,0.085598,0.139061,"90e4049e0f408dec96168312e44228cb68c16ae26a451bddb122cf1d3010250a","82;97;272;275"
5104,0.751486,0.073046,0.141711,"65c16da32e502bb886f597a3d1c6da624e857effce01ef11dee9abdd358a3c71","82;97;268;275;351;361;372"
5107,0.750685,0.072495,0.142782,"1a87cabdd2a2b4673c055aa72c2a2240ff2b8385769804ef6827be83ad54a98b","82;97;268;275;351;361"
5108,0.753629,0.064049,0.145290,"fd526a623612cbf850c8bfee53cdbb707ee41ceee9a72caef2cda1dc7fbb7271","82;97;272;275"
5111,0.749365,0.072322,0.143185,"1b8b429c72903cf795445ee728aab2c46ea3b7c5fe9a06ff3a269ec93784b8dd","82;97;258;275"
5113,0.743118,0.064079,0.137449,"b159635c4c86cf7455c8f44633d5b5645ce016cee9af362f312ca0887db870fc","82;97;268;351;361"
5115,0.751851,0.073357,0.140284,"1b93cd9f265029bc075dd6a67966aaef7fd1b6c5cbda6fc99c23fec43f843c7d","82;97;361"
5117,0.750260,-0.122726,0.181447,"eedde0eafd745efc8bde1daf4cfd7f66d75a9773f703bcaa7f5da7bf9effdcd7","66;82;268;272;282;351;361"
5118,0.749878,0.062995,0.141699,"b55b6b5e74834ff445c874e633c5b1756ee816cec9be2c2d72a8a5887dbb70e9","82;97;268;272;351;361"
5139,0.750287,-0.000086,0.147970,"1c856de3b6a34bb806311bd2d567984077131fbcbb004995cccfabd4b4cb0161","82;97;268;272;275;282;337;351;361"
5160,0.759700,0.065663,0.134159,"71df63cefe84cff6c4c8d8e673ecb5606eea16cfc9ab26ad702ca59875baf069","82;97;272;275;372"
4697,0.586627,0.072151,0.323548,"a25c6a5254d5bc475de47403209ef769fc3db391a4fa34de3f199eab95187cdf","58;66;82;272;289;294;351"
4828,0.644607,-0.065123,0.306870,"cb77796526fe7f387dce56e6f95fd7e4b675b5efe594b5df67fdab842eb74d75","66;82;272;289;334;337"
4869,0.644017,-0.014353,0.278507,"2a76fb4e72f0bb5620cdfce439ce8fb27ebb94908782a46822edb68bcbd66ffd","66;82;351"
5515,0.863333,0.239076,-0.258045,"46ac941ac9a9948fbab70819a4f2449f8143e8113649ca732d165d7ed050830e","97;124;244;258;372;385"
5519,0.872391,0.194373,-0.273467,"74ac9b76c82d84cebab2a808d6f3401289d768101863da20b9a0457ac07083a2","97;124;244;258;372;385;395;408"
7001,1.001610,0.400030,-0.652550,"79bfea2693fd5773e1cdfd0d2bfd12b43caac509ddabb4aff3e520bb63c6eeff","144;230;244"
5656,0.914218,0.030079,-0.270081,"c93c9754c35e75b7f9d266383e3340bf2176f00861fcb36a17ba5502ca70833e","97;124;395"
5657,0.869775,0.178251,-0.195369,"4e9efe76e2707fb8bb5f56b0fd7f9f7fb757fd8ea0d1afef6fff7f87a6f4a77b","97;124;268;361"
5661,0.913659,0.030922,-0.269243,"e1aa9e54ecbc4017eb1b365c2aa8d6ff81a66e0c966fa2411e3a505ac8c4ca0d","97;124;244;258;395"
5666,0.909622,0.044967,-0.268194,"d778f35e4350b4ccf9d2e42a78f7cdbf32fcf0ca61e7bae1337a450b6f306bbf","97;124;244;258;361;372;385"
5670,0.873490,0.179777,-0.195711,"5aa2fffd2c027939bb947683edef5c42b6fdfda08a40abd9cbfbefac27a02621","97;124;268;361;372"
5671,0.877503,0.011836,-0.272588,"65b0bc73897dd0896a732518da7a5eba815770119760fa100fdb557fd841cb96","97;124;372"
5672,0.916541,0.030501,-0.267278,"e2c36cbeca819dad145cd0b3714b1e534cd3efe3fa6e4f7df8a2eecd5d90a4f9","97;124;244;258;361;372;385;395"
5673,0.905693,0.028983,-0.265527,"e8c20cbf2807cdbd967e8555f3671a43ddc57defe9465b37c1e3ff1c18308058","97;124;244;258;361;372;385;395"
5682,0.903371,0.060138,-0.244114,"3cbdae27917b57f836e6ee8f43650b9479cee06e2df27d3efbe7c515eb7f5ed6","97;124;244;258;268;361;372;385;395"
5684,0.902961,0.060524,-0.244323,"3c37ae3d997f17f876ecee2d53f50b247deeea62adf3fb3efbe76517e37d7ef7","97;124;244;258;268;361;372;385;395"
5686,0.907158,0.060570,-0.244711,"6db9ae5c79dd117896ec842dfed5eb24d478fb4c8763fa195b1f21b852ac06f3","97;124;244;258;268;361;372;385;395"
5688,0.907209,0.060561,-0.245551,"e3e8294a19dd4b48af808d08fed47c3492a15d6f4207fe5fb11c09395007076c","97;124;244;258;361;372;385;395"
5694,0.916265,0.006132,-0.269122,"cd749567300e479c74eaa244d753817115445c7ee9f4592eedae251408b34031","124;244;258;361;372;385;395"
5696,0.883579,0.150838,-0.181431,"d460df64226a5710208aa3287757817b32d46ce269c7a108d1e3618060f32623","97;124;395"
5704,0.916657,0.005224,-0.267546,"c5591447a51e46bd75eaa64cda3185f710c47c6eede4596ca2fb45124af2ca2d","124;244;258;361;372;385;395"
5709,0.922603,0.011123,-0.275221,"256ae837e40cf7dc7afc704db7e9531abb6e754f8272fa21eff96520c8fbc3d3","97;244;258;372;385;395"
5711,0.872354,0.173248,-0.169551,"3fbcf675f91fdffa3bff34ad4b3dd73f9f5f753fa4fbb9ee6adf65e7eff4cad7","97;124;258;268;361;372;385;395"
5727,0.877411,0.173643,-0.168637,"eaf0746f2d1d591c6b5df54dfbc95e169e897dcd8a26fbd5cfd990f86786426b","97;124;244;258;268;361;372;385;395"
5728,0.885331,0.215583,-0.141066,"683f7965a80f553761acbe689735c1338cb64528c8faf108e7c9653061f0462b","97;124;244;258;268;361;372;385"
5730,0.876738,0.148288,-0.173785,"c772a945283ecb987bfa945cde36df3b95457d7f8954f940cd1aefb488f15375","97;124;244;258;268;372;385"
5743,0.906329,0.044187,-0.235864,"1bb2e77c3316183b33cd56e56bed94f5977cb5adacd9a78d0a7f758626a4267d","97;124;244;258;268;372;395"
5751,0.885919,0.134746,-0.171454,"7670a53a89245c8eb317a21da2ea5d5a818379959e47d330c3fa501a8055c65a","97;124;244;258;361;372;385;395"
5769,0.908838,0.025650,-0.243749,"7a8e600c1372532f75e5ae9f6b2896d479a6ccb43c8f659fba7f9153f7847e4e","97;124;258;268;361;372;395"
5166,0.751721,0.080077,0.119002,"238071c975d3a9425e455002ac883484da29131993ba70df051c9a6a150c71ec","82;97;258;272;275;282;351;361;372"
5172,0.742633,0.064507,0.126479,"3d4d67fe9c924ff4c4c8dac273ecb1e478ea1cefc9ab2eacb0e8af883ffff06d","97;258;272;275;282"
5191,0.769124,0.018422,0.137189,"f678ba88cf459dd88bda900f1cdf6d0aed51b3f3ca479ad05150cfbe997d27d3","82;97;275;361;372"
5193,0.760582,0.066232,0.122472,"394b6acc3493eb774440dee63389b6647aa816ecc8bb249f72eda28077887069","82;97;258;268;272;282;351;361"
5210,0.770886,0.081878,0.112246,"1ad913fa55c5fa648d0050023cdb2040fa3913c14aba10fdf3f58a4b370ab0aa","82;97;258;268;272;275;351;361"
5211,0.781706,-0.020325,0.134281,"b754cc87b477cfb810ee9d8f536c9f005dc4156fadc67d8ea24fed941dff58d4","82;97;268;272;282;361"
5218,0.776498,0.068368,0.112243,"1ad9639c17c3be671404daa328fe20407ebb93814a9b34df31248a83370cb5fa","82;97;258;268;272;275;282;351;361;372"
5219,0.778140,0.024705,0.120494,"0285008995e3a8670c015803a40a2440d80b0391129800dd2c148a42940ab188","82;268;272;282;351;361;372"
5220,0.773104,0.084527,0.112635,"02993a8d55c7bb678e095c023cde3640fc3b13c142b912fd75358acb150a359a","82;97;258;268;272;351;361;372"
5223,0.779884,0.068809,0.114317,"32cc429c57d3aa679505daa3208e364468bb93814e9b04ff32249ac1370c3cde","82;97;258;268;272;275;351;361;372"
5224,0.764215,0.086754,0.110992,"02df16bf32c332679c054aa3acc62040de3b8340529802fdac340a43140aa59a","82;97;351"
5228,0.770757,0.068663,0.112709,"1206428c14a2ea731405dae721ceb0447caa178d9a9b04df3024bac1358cb594","82;97;258;268;272;275;351;361;372"
5231,0.777166,0.085835,0.113218,"0a9d329f5787bae21e015883bcee3440ff3b93c182b81aff2d261ac2150e319b","82;97;268;275;351;361;372"
5238,0.771319,0.111823,0.112901,"bd7d6142ec75cffc41eabd4e5361fba659c2166ec9237caa72cda5bc7ffbdaf0","82;97;268;272;372"
5243,0.808338,-0.078337,0.114200,"028002894c80a8690400d0028088304468081b81128b00d514208ac8150830a4","82;97;268;361"
5244,0.811340,-0.078963,0.116192,"0080459944c9e0531e1152d2918930496a08028113b847d50400ba4034087188","82;97;268;272;351;361"
5247,0.815255,-0.142545,0.113595,"3faee6fd1c03cef857b2d2c66be8bd417bec7fa9e9f3cfdfb8aeef94ade87000","82;97;361;372"
5248,0.822921,-0.144791,0.117451,"b6edc6de9f63cfec17b6fb126ae87dc379ef67e368f79bff38aecf1db57bf08a","82;97;268;272;275;282;351;361;372"
5255,0.839834,-0.140621,0.094715,"acaddffffc4bcff85ffefe0efbe83fe15bef766af1f2fbffbdbfe794fdfa58f1","82;97;268;275;282;351;361;372"
5256,0.839413,-0.140465,0.094738,"6db2fffd7d5ffff85ffef666fbfcdbe5fffdfe2ca1f3fbdf7fffe79c9fac66f1","82;97;268;275;282;351;361;372"
5259,0.848287,0.139325,0.007528,"ec35bd65b44f773879ee3f08df37433394547d6af9f0f90aefdb651442f34673","82;97;268;272;351;361;372;385"
5261,0.852436,0.137634,0.009033,"ec7c3f7720ed77b0b9ce7718fff7033b85f77d4aa9fcb82ee7fb741142f3477b","82;97;258;268;272;275;351;361;372"
5264,0.856727,0.140362,0.009222,"e8353d65304f773279ec7e08df37033294547d6ae9f0f10ee7ff211042a04673","82;97;258;268;272;351;361;372;385"
5265,0.853285,0.138549,0.008699,"e83c3d65344f773679ee761c9f37033384747d48e9fcf12ee7fb311042e1467b","82;97;258;268;272;275;351;361;372"
5266,0.857667,0.138067,0.010676,"4cfcbef6a1ec77b4a95e7e08fff72b3aa573fd4a23e1ba2de3fb7419c2d3c77b","82;97;258;268;272;275;351;361;372"
5271,0.861590,0.138654,0.012792,"58793a6c395c57fdab4cbc087fff2330b4d1fd624b63ba19f3fd251f4232677b","82;97;258;268;272;275;351;361;372"
5275,0.853083,-0.123906,0.070047,"8fdcedfba6d3bdb71e5f57b7fc7ebe69ef73b795f3f82ff76e5fffc29dfcb5f9","82;97;272"
5276,0.857228,-0.125634,0.071977,"0ebfbe9ff7dabeac3fff5fb3ecfe6fcff77fbfe3f6d8abff2f7fdf878677bdd7","82;97;268;272;275;351;361;372"
5280,0.871833,0.192928,-0.059180,"64acad7f9d4f57be52f6ac08f2755933d9de512a7a62fb3fef9fc57cd0785662","82;97;244;268;272;351;361;372;385"
5282,0.881873,0.136838,-0.079395,"c6fff7ffe8697fdebf72fab8ffef9d7befdf7f83ba7feff3bffa57aae4f7a771","82;97;244;258;268;361;372;385"
5284,0.856407,0.208722,-0.002999,"62bff0e2fdadf2c7eb29b8698ab85410ebbb5f119a2bcaf3bddc03fac54bd383","82;97;258;268;272;275;351;361;372"
5285,0.879494,-0.143193,0.049512,"43307be96cddf950ad6cf6279c9f567aee9dff8187b3f1c0d7f99a83478c67f3","82;97;268;272;275;351;361;372"
5289,0.839714,0.203231,-0.003526,"41a759a1fcabebff2ce1facc9f6290707b8f4e3c33b8c55ffcb73ff4ccca83a8","82;97;258;268;272;351;361;372"
5292,0.872127,-0.141197,0.046428,"7a3072e96f5ff9506d6cf62f8f9f16f4ee9dffa18db3f1c097f98a936f8c6fd7","82;97;268;272;275;351;361;372"
5298,0.859108,0.195020,-0.052818,"64b095758d4d419bfbb9a018d6f14812814668181b68db13cd96057cc828c222","82;97;244;268;272;351;372"
5299,0.876634,0.202442,-0.049833,"7cb9b570a9cd5190e3bca2089f93403280f46c58086bd200dbf9257842804623","82;97;272;372"
5300,0.869915,0.175109,-0.060599,"2d2f5045741be63879a87aeccb2085b41ecc466ae1f0cd0e26de25966ffe4a85","82;97;268;272;351;361;372"
5301,0.876473,0.177198,-0.059809,"232f6105741bee3479e07aecf12c94b41e6c56efe5b8e54e243e87804df653fc","82;97;258;268;272;361;372"
5302,0.868263,0.198503,-0.051000,"f8781170298d5010ebb8a0489e91409680fc6c484867d200d9d9013e4a004222","82;97;244;258;272;351;372;385"
5306,0.853005,0.207730,-0.004935,"61a2f852ecf978caebf7bc19abeade3e8bc2ee1c1e6feef1dede557bc2cc4ec4","82;97;244;268;272;275;351;361;372"
5312,0.872066,0.127830,-0.016825,"4d71b147c14e779579e22a08fe7749369074607a41f0b96a6dbc05224272c7ba","82;97;268;275;351"
5318,0.869574,0.197079,-0.030031,"38246f557bdb517bf3ec34b80bb482b42bbce400acffa41f5fcf31b7638446ff","82;97;244;258;268;272;351;361;372;385"
5319,0.870831,0.196912,-0.029769,"097f7b4572dabf507ccc7ee4fd568324367d96efc1b0356e662d2a806ff72bfd","82;97;244;258;268;272;351;361;372;385"
5324,0.882072,0.131389,-0.014314,"6ba79047f53eee3779c97e4cea2896b69566e60cb5f8c5ef2e7e04c2cae6da8d","97;258;268;272;351;372"
5326,0.869078,0.125193,-0.018314,"fa22ec172df950027375e7bb6b8cd69f4bc6ec959efee7801e7bd073e78c5e5e","82;97;258;268;272;275;351;361;372;385"
5330,0.884175,-0.118288,0.031423,"ef14f8fefe74dff81bce5d1f5cff7b41dfc3b763bd63b8fefbdfeffe9c7b9953","82;97;372"
5331,0.877989,0.133603,-0.015502,"49719165814e773569ca2608fe754132b054786a41f0b148e7f945024272c73b","97;258;268;272;372;385"
5332,0.886538,0.231567,-0.019223,"b97f674d0b5fa7fce6ecdeeeebc497e57eecfeefcda3ffbdb7e927b87fbe74fd","82;97;258;268;272"
5337,0.887367,-0.119152,0.032994,"f5ddfffebc67cffed6fabd1e73fdf96b7fd77ffffb67bbbaf98fe7fcb5fbf071","82;97;268;361;372"
5341,0.900570,-0.098117,0.015572,"0eb8aeffdddfb9ea9fffd603ecff7e4bdd7dfb11b6d9fbfd6f5fdfef966c35d2","82;97;268;272;275;351;361;372"
5343,0.889089,-0.095698,0.013137,"6ab13dec3dd559588ffcb508fedf4e22ccb1ff718b03fbd1d3d98bbf120e1773","82;97;268;272;275;351;361"
5348,0.897155,-0.099133,0.014420,"afdcac9bfdf7beff5ffe5d17ecec7f05dd6b93f7f6f67eff6f5fcfefdf7ff9d7","82;97;268;272;275;351;361;372"
5349,0.916569,-0.052857,-0.088761,"70a8b97889ed5107e215ac0837b5403a81b268181a2bf231dbc51079c040c66a","82;97;258;272;351;361;372"
5354,0.871263,0.134339,-0.017487,"c4789f67036e371468c22208fe37413ab274686a41f4b168e5ba4502c873473a","258;268;272;372;385"
5355,0.922646,-0.032124,-0.083915,"597d9d65b00e65b664a82a48f733017280746c6869d8f10eedef651008f00329","82;97;268;351;361;372;385"
5357,0.919164,-0.053139,-0.086788,"6d309141417f62186bea2148d2114dbe915c703a0174f90007bc4176ca2342a0","82;97;272;351;372;385"
5359,0.887106,0.061939,-0.018407,"68e9386a19cd52ee831dac09aedb421080fbc9504e2bda35fbd5147b521a4e0a","82;97;258;268;275;351;361;372"
5362,0.903406,-0.136931,0.015928,"cb3239f12cfdf913ae5db6f49f9fd26ae6957f1d932de3c0c6f93ad00c880771","82;97;268"
5364,0.925493,-0.134066,0.012630,"79f93be030cc5b17694dfe08bf9f023094bc5d4cdb38f015f3fd20d86082467b","97;268;272;275;351;361;372"
5367,0.910968,-0.131356,0.007340,"783938fd25ff5937e96cf60cbf1f023084b7dd0889baf08cc7fd30916280467b","82;97;268;275;351;361;372"
5368,0.919900,-0.031009,-0.079340,"7c33f862f26953d922ad2d2917f7491037dec4101a32a800dbc5257de0e38623","82;97;268;361;372;385"
5369,0.908555,-0.131112,0.008052,"68b93a6835dd5315e94dfe0cbf9f023086badd488ba9f205e3fd20994a824e7b","82;97;268;272;275;351;361;372"
5372,0.912576,-0.032542,-0.080448,"7baec654adbc4037e11fae1c2aa096b709a6ec0cbe6be6c7127f507bebc4da0c","82;97;258;268;272;351;361;372;385"
5382,0.901451,0.237629,-0.031314,"53e0868d5e03a84db6a4c28760c23a50788d7ba54edbc7ddbc228f082d0c398c","82;97;244;258;268;272;351;361;372"
5389,0.878677,0.055553,-0.020103,"7a9ce40c9f53566b53e6a69f6a7c1694f9d6fda3aceb7d9e3b77c597e76c7e5e","82;97;258;268;272;275;351;361;372"
5404,0.884290,0.277376,-0.031372,"5b5fc7be7394bef6bdc8dae76deeb7c4eeebbfc7c58b96edb2768e8a0fb639dd","82;97;244;351;361"
5411,0.940201,0.276901,-0.021257,"18d97bec72d03f67a14cfca23ddfa0707efb97c0418b26ed72e52e8b2792a7fb","82;268;272"
5585,0.875963,0.184813,-0.225070,"583c98a43226583731aa9e7d1f3f0250b7b5fda53c0bd10efbe739b528600a1b","97;124;244;258;395"
5586,0.881317,0.160181,-0.231512,"6df3274fe95f37fc66ec76ed42d58ab4945efe66c5f3eb34776b659b429f56f7","97;124;258;361;372;385;395"
5587,0.861983,0.181281,-0.228271,"da7097b629cc1445a9de8119aefe6a9b84b3ed036c47928091f35e3b4274875b","97;124;258;361;372;395"
5608,0.883925,0.160315,-0.229986,"a477296f7a4f33f836ec7bec535d9c30945c777ee9f6f91a672c258440f306f1","97;124;244;258;361;372;385;395"
5623,0.909876,0.064497,-0.266602,"fcb29c7aa869519ca23fa539f7f74a1b87d2ed123a4fca31dbc375fdf0d18663","97;124;361"
5624,0.863755,0.211227,-0.170799,"a267234c49b76f7bbda8e85ca0c734f4dcb4caeae987f1df37fc8238522366ac","124;258;361;372;395"
5626,0.920926,0.087029,-0.248568,"31004571108a6213740162d0d30090705a8c203829b8450e84ae3040e5885028","97;124;361"
5636,0.882707,0.216412,-0.169063,"eb64434cf9bf6e7ebd86e85888c6b4f4dd3eea2ee107f39f37fc833852d7e6f4","97;244;258;372;395"
5637,0.895252,0.083523,-0.241767,"4d3baf1ea9d71798b6de4665f0f4eb6e9566fc42a5c1bb3b69676d8a8a342475","97;124;395"
5651,0.907193,0.062464,-0.262195,"a07c5d5f48cfe734f5c2e408f05704350870526a61ec727d679a451043b046a8","97;124;361"
7089,1.273132,0.317455,-0.626172,"3fb2b8687b579958137dd5ad4a9ddeac9e1df57d9f63eb945b7939ffd78f2ef7","144;230;244"
7091,1.242965,0.199846,-0.655482,"6d313961204f53b828e8bf4ddf174b3094d55d6ac930f90ce7d921b448b34673","144;230;244"
6548,1.155112,0.349985,-0.518749,"bd78fb706f7d53c4f1e2b4083fdd413baaf8565229f7b228d3d9453beb7946bb","124;144;244"
6555,1.057119,0.396672,-0.701696,"daae32fabbf11aefbf0784b9adef629db77bdd903e4f8afffad71f7b86c4af4f","144;230;385"
6595,1.156989,0.409883,-0.671665,"c9743147307eb31078c87754fe1784b5963d542aa1bcf16e67b922004a8343b9","124;144;244"
6599,1.165884,0.410168,-0.671278,"1430ff67424e7b5821b4a7005f77081236d5697a00f1b9405fab4344e1a367b2","124;144;230;244"
6601,1.198005,0.420226,-0.679926,"54703b4611466b5860a4af0053d7493038f468fa49a3b948f1ed034441a36662","124;144;230;244"
6611,1.178429,0.408734,-0.675818,"dc50bff7244e67307d0e6718f777087332f67c6a61b4b92ff5ab600022b3c523","124;144;230;244"
6620,1.170082,0.361496,-0.782429,"56b2e5b70bd03a88a3de13ef68cc5f96b7e5fd87ce44aff11e728daf27373657","124;144;230;244"
6621,1.183743,0.254000,-0.636897,"f47e9c34a82b548eaabea239d773411b81d56d132847cb00d9a375bde0710603","124;144;230;244"
6622,1.227434,0.264088,-0.652219,"45bb9d35a82f159fbaff927dd7a3c31a85476c149958cb00cc977df488708311","124;144;230;244"
6624,1.145798,0.359706,-0.791006,"40249d1180a820033e334a508422404a210f689012d8c3428ca65a4080408100","124;144;230"
6625,1.183113,0.401550,-0.674085,"508f1ebe00c67bb0b404ef81f7e7225164f76dc2188b136ff1e76a4120a32552","124;144;230;244"
6630,1.218701,0.261884,-0.649584,"41b89f3530ce3117bae9064cb6b74272856e6c1c81d8b322cdb737508800037b","124;144;230;244"
6633,1.216983,0.409797,-0.686978,"64d11d6fa84c47bd2218e948f3770876d056686a4b02fb3de7be441c5092c638","124;144;230;244"
6634,1.229229,0.234129,-0.668649,"50869f7fa02a4533b01fab48f773005b23f66c2a78e9010dc1e77010e0e0a723","124;144;244"
6637,1.202202,0.419248,-0.678839,"65f1194de84c47bc73786848d2730934d954606acb32fb1f25bc053c58b2c22c","144;230;244"
6642,1.262389,0.203015,-0.664365,"65613d67684d751868f82308d717493380547d6a4170f900c7d9613c40a34222","124;144;230;244"
6646,1.255130,0.215923,-0.700007,"f838397809dc5112e35da4183f9f423b84b55d188a6ff231dbf93079e2804e73","124;144;230;244"
6649,1.265638,0.203088,-0.663505,"6d713d61304f5b3828ecbf0cdf17093294555d6a89a0f90ce7d9211448b34673","124;144;230;244"
6650,1.157445,0.423867,-0.779150,"57bf51a0fa890fef2f6188ec9ff6ca34b6db5cf5d31bec77bc140ffe0c06837d","124;144;230;244"
6651,1.179457,0.433014,-0.791183,"99ed2bed109f6ff77c685c0cbf06b23136ab15ede998343ffdcfafa03ea083f8","124;144;230;244"
6658,1.155014,0.464020,-0.943337,"3aed7a5a75d9fd6779457c032e883694baab820dd6bb34ff3f5d166b678cefce","124;144;230"
6684,1.160323,0.357385,-0.563753,"dcf5bd738c4f55adf2fba718d771483b81566c3a7961fb10e9cb6575e07ac722","124;144;230;395"
6700,1.265948,0.041614,-1.004008,"b8e93a6a11dd5384e705e6082299021088bae0501abad237f3e5005b620ace2a","124;144;230;244"
5774,0.882648,0.118445,-0.175830,"ec20986b896d558d2337a518da734a1e9196f9383a46db10cfd9557dda50de32","97;124;258;268;361;372;385"
5777,0.881821,0.118849,-0.175505,"6da0b941cd5f411863b52518da1548bf9914e83a9b60f910cfd94574d22ac6e2","97;124;258;361"
5800,0.912933,0.018724,-0.237870,"aa7fe15e51a4abd63104ecc529e725d54cfa83dcaa8af2e9273882289bf566fc","97;124;258;268;385;395"
5801,0.914555,0.018635,-0.238350,"2f83484bd0509ea9127bf1d0514e8c70dd9b96a2df1eed970efdbaed5982ee95","97;124;244;258;268"
5813,0.894317,0.078914,-0.190229,"45519545204e47b8e5eaa34cd673897f00c47c6a49c0792ca5aa651448f34230","97;124;258;361;372;395"
5822,0.922134,-0.021678,-0.229696,"4d34d145e37e763279e36e6cde30c4b6334e720a81f0f5c20efe4502caf64ba5","97;124;258;268;361;372;385"
5824,0.909698,0.001860,-0.222813,"bf94e675937757fb53eefe3f6b7c9f353ddeb5a4edf27d9e7befe597ebfc5e57","97;124;244;268;361;372;385"
5826,0.921654,-0.021852,-0.228762,"723462184d79514ff347a49d0aac16154982e901ae6bf6d1137a903be7cc5e5e","97;124;258;268;372;385"
5842,0.902690,0.047145,-0.203790,"bedda77eb35716f815fed73f4a7d0f379dd7f5e7ede339befbebe597effff457","97;124;258;268;361;372;385"
5856,0.932034,-0.082026,-0.250773,"5ab9c8248b1e5ef823e4ae8d7f6f429226c7fdc68c039f48fac505b9abe62b52","97;124;258;268;372;385;395"
5873,0.912991,-0.004507,-0.216330,"10a08f3d10c2616976b56200f1e2085171ac2ab82bd09f1d8ca6c704a02060a0","97;124;258;268;361;395"
5889,0.921149,-0.022383,-0.227118,"e3209cd84cedd9429b33a1181698541bc9b17b113b67d250911a587ad9095a02","97;124;244;258;268;361;372;385"
5896,0.936949,-0.053820,-0.247100,"48309777214a1130e8c82268de37403280746c0001e1b100c9ba651340620723","97;124;244;258;268;372;395"
5900,0.923400,-0.053253,-0.245564,"523b7147720a3fb029ac76ec5f07841436ddc5e240d0a96e74a4258063b326b1","97;124;258;268;361;395"
5904,0.954334,-0.055563,-0.249179,"40309f65034e350068c02a08de374072b077680801f0b108c1af4502c8724732","97;124;372;395"
5909,0.925414,-0.053558,-0.243583,"067b7347721eaff069a07eec482684b43edd42eac1b2ad6e343c07824fb3a3b5","97;124;244;258;268;361;372;395"
9197,0.870965,0.199359,-0.052376,"cd536d45325e3f382cec5fe4dd179b731655fd6ec190ed4866692f8426b70771","97;244;258;268;272;351;361;372"
9196,0.868554,0.197848,-0.052878,"4797510f320aaeb83cc85be5fd668ad436477c67f590dd6fa4366b820cf70355","97;244;258;268;272;351;361;372"
7154,0.891275,0.494499,-1.055444,"6834396aad6d5718fba8ac08d695413090304c0a4863d23ac3dd053bd24b4622","144;165;230"
7155,0.897087,0.498547,-1.060181,"ec34187ef9ad5618faaa2d18f6f109309038402a3065da1ac3d96138d0634223","144;165;230"
7168,1.138476,0.360778,-0.789785,"f76007340b4d4040a9f2a1194fde433ba8a57ce66c47920091d0493b613506c6","144;230;244"
7232,0.905700,0.485163,-1.182104,"fc2a917289ed5100a39fa1180fd7459f85f7ed101a47ea209bd1557bc2418662","144;165;230"
7267,0.884018,0.426888,-1.190691,"c90d53a5361e6e316de04ac49f0290f4362d1e6fc59895cca4f90e042ea60b14","144;165;421"
7352,1.000447,0.392424,-0.854550,"b4bc3dfacde955ebd71fb53a32fd6c39c9bacf123a6f6ab7dbd3557bd058c46a","144;230;395"
7410,1.047202,0.527343,-1.211701,"4379fbe5324ebb10a8c04644fd979162267d7d4fc191b168e5a92a800cb32779","144;165;230"
7411,1.052157,0.530025,-1.217677,"4379734436cc7f35e9c04e00bcde9476a6757dcdc189b4edf37c0a8a0492677d","144;165;230"
6723,1.354869,-0.048387,-0.842993,"fe4136f8edfbdc4ebf96f51bce8f37ddeab5dff33ce772dc93f3da3b927daf46","124;144;408"
6805,1.452994,-0.053682,-0.828851,"aeb0a2daedfdb8cf9b5db53d0cdc7ebccd9bf715966fbaf11b5958fbd70dded7","124;144;230;244"
6924,1.487298,-0.048201,-1.006015,"838526bbb4af6dbfbd4d5715fcefba65b7233fadf2993bdfec1efac01e8c9175","124;144;230"
6926,1.557102,-0.026136,-1.002424,"bd141dacc96f5c5911eaf1dd5f7d0b999ca9d5263db6501ed3c369b4f9f98ad3","124;144;230"
6928,1.572168,-0.031452,-1.016321,"c5367b65b44e6b1179e9777cd315dc35369c5c7cb9f4e10aecf825d4cca0c271","124;144;230"
6935,1.497272,-0.081014,-1.010132,"9f5667e1e232eedc3dca7be74dcefffc7fddb7ffd5942dc62ecfafc4aff7a1d5","124;144;230"
6937,1.544894,-0.068913,-1.027737,"50d3fce7a60a7dbd3eae5fe6ff6f9a5037df3f6bc0d8adddfeaf6f842df28539","124;144;230"
6938,1.536390,-0.071415,-1.027689,"16b7f7cbb67aafde2f7ddea2cc769d76775f5f7ab2d92dfdbc7eafd6a6f7d5fd","124;144;230"
6941,1.589086,-0.108052,-0.986739,"ba5c6ffc2e80cf72d540d4f631cdb1616eb017cfe9af26bff26bea887fb870f9","124;144;230"
6942,1.623697,-0.111924,-1.007327,"b94e6efe2e83cf70d552d6f673c9b36b6ee03fefe9e726afd2ebea883df970f9","124;144;230"
9375,0.913600,-0.014538,-0.190730,"c7757f6fb81f5ef87fe8734cdaf89db1964d7c6fe5f3ff3e2e7b65a64c734a95","97;244;258;268;361;372;385"
9380,0.891878,0.150899,-0.171957,"e772ad05283e4f983bfa955cd636df3f95c57defa946f940c43aedb488f30b75","244;258;268;372;385"
9381,0.901972,0.073436,-0.183903,"64f03b7a50ed51d0b215651837d7481811ba41181a56ba31d38d3079e083c6e2","97;244;258;268;361;372;385;395"
9385,0.887146,0.134499,-0.174982,"6c7b9161293f529863f8bc6cdb29d19e9cd4ec728d70c928c6d965b4caf74a11","97;244;268;361;372;385"
9387,0.893207,0.135589,-0.171210,"db6a2c3a09b4591eb7568695abc69b5f04a0edccae45f733c3fb501932952e5e","244;258;361;372;385"
9389,0.901939,0.073264,-0.184217,"24613d5b80cd51d0a215650852d749380818405a0a607a3143990079d013c6a2","124;244;258;268;385;395"
9393,0.894173,0.136459,-0.173000,"ec729465293e529863bea74ccb23499b1dd4ec7a8866d900cffb653dcaf34a03","97;244;268;361;372;385"
9394,0.902105,0.044349,-0.189968,"a52e6c3f64bfc45051eef55dc368971999aa462facf66c1e465b6131c5ed5ec5","97;124;244;258;268;372;385;395"
9397,0.905264,0.044268,-0.190210,"ac2ea535ec2fe51b3aff315dd76d131b8d06652db8f4630ac5db71b4c06956e3","97;124;244;258;268;361;372;385;395"
9398,0.880427,0.187850,-0.192283,"fa9f0aaecb236ffb3c06df9fe4a72a517ac74f6f7007d9fff026fab8347dbfd2","244;258;361;385"
9399,0.905366,0.073312,-0.184962,"a7238c35ad1fc415fbbe375d8328571b88246e0dfcfc47800e5b5535cdbcdac4","97;244;258;268;361;372;385;395"
9402,0.905716,0.073085,-0.185001,"ed23a433ad1cf427e9bdb21dca285e0b88666c1ddc69e320ee797451c24cda46","97;244;258;268;361;372;385"
9403,0.905652,0.044386,-0.191016,"08b5b7b1adaf7597bfff6a1d9eb9000f8167791d30f912a2edd25456ca5c877b","97;124;244;268;361;372;385;395"
9404,0.909911,0.044892,-0.191780,"48bdb7b287ee35e7bff72a199eb1609fa377fb1131f992e2b9d65442ca54876a","97;124;244;268;361;372;385;395"
9407,0.912038,0.047555,-0.191745,"52b9967acbd110eba311a9282efa4cf6a393fa901e4bdbf19bd6577bd346af06","97;244;258;268;361;372;385;395"
9410,0.913734,-0.026406,-0.205088,"17b295bb0b2c30d8ab5ba1f5cef6489eb751ec3797c19b5198f65bce886723d5","97;124;244;258;361;372;385;395"
9412,0.912645,-0.025853,-0.205932,"25654165f4474fb830e879485353d93058cc14eec992e90e758ca5a420f352e1","97;244;258;268;361;372;385"
9413,0.909903,0.076415,-0.188540,"7c35ad20bc685117a9ff8e19df2d1a1a8197fd311869f102fbf77455c0e8d672","97;244;258;268;361;372;385"
9416,0.917806,-0.026330,-0.205171,"57b085ab8a260b982f7189c5d6764b7eb7d579f79f40ff5099324b5688672375","97;124;244;258;268;361;372;385;395"
9417,0.918767,-0.059120,-0.210829,"a44e6505246be92a7ce672b9c32d971b0b446f2fa8f4650e443ae19445fd56e0","244;268;361;385"
9421,0.907771,0.030723,-0.193405,"2cfbf153d2cb37d03b2577a81fd7c91c37de465212d2ac607f8025e5e793e6a1","124;244;258;268;361;372;385;395"
8585,1.010812,0.386554,-0.538792,"385c7bed325f7fb03dce766dff1f8150b6fddd6ae9b471afe7fd228162b3477b","124;230;244"
8593,1.013193,0.388034,-0.540204,"5a5970ed221e7e323dc2f6a9bf1f8151a6bddde6c8b871ecf2fb628226b5075b","124;230;244"
8489,0.869959,0.203837,-0.326846,"78acfb7d904b47fb76e6e6185375803039fe642839faed1efdef7514e1e0c660","124;230;244;258;372;385;408"
9242,0.889073,0.137228,-0.104685,"aabc77dbf58dfaf6bd0974122cff2c95f97b939822fb1aff7f5a1602434ce7ba","97;244;258;268;361;372"
9243,0.891684,0.116714,-0.114576,"de5e37560b067ff0bdd6a7447df72d5734f579eee9c73b6ff1ba4f086bf32770","97;244;258;268;272;372;385"
9247,0.874532,0.211631,-0.102961,"46a8841a899994aeaa978019e4e24ede8163ea111649ca7188125f7b9054830e","244;258;268;385"
9248,0.884199,0.141786,-0.099933,"aded50dbfdbb76ce5fb17c0a7af1ebf47b6a927832ba48bf6e1d056cdfdfda88","244;258;272"
9255,0.894496,0.116802,-0.113282,"6f94055ead144eb87b5ab54cfa7e9cf7ddc3fcebed63fbffa3fbe59e5af76a15","97;244;258;268;272;361;372;385"
9256,0.894853,0.092695,-0.110314,"3b2c634b5797aa487ec0fc8639ccb6a47ea993ad87b33cff374d8b28778e7bf4","97;244;268;272;351;361;372"
9260,0.895579,0.092433,-0.109127,"30ac2eba1dc7d2eed605ec03e2f93600f9ea4b212aab1abffb6f8f195108748a","97;244;258;268;272;351;361;372;385"
8648,1.167559,0.261158,-0.453957,"fdfd4e43929a469d7580ee2473438f7570ce4cfa6b905d2e7eeda545ebf3ea30","124;230;244"
8683,1.017092,0.405924,-0.659140,"bbf7796971575ffd714c7cad7b5d9eb59ed9956fefb675bf67fd24c77f96eeff","124;230;244;385;395"
8707,1.159091,0.266137,-0.472688,"a07c181a8aad944f1e03a9fdb6ec04198d3b4b05376fd27ff1063838d858839a","124;230;244"
8710,1.166463,0.293826,-0.510771,"cdb49523a97d001f2afb3b58de3e48ba85177c111744db028ddb7df6c8408b11","124;230;244"
8711,1.017737,0.422335,-0.703408,"e9d5f9e6f426ffbd39ea3fbf5d3f9b31b7d717aff0b429ee77effd84e5f3c7fb","230;244;408"
7417,1.054733,0.531566,-1.228441,"c6eb13baea811ccdba1100e99dcf6851a75b7dd7524b8a71b8802fec94128311","144;165;230"
7448,1.021960,0.484866,-1.247877,"d0b41f7a9acd156fbe17e318f6f70871b3bf6880734fba17d9a7777b4000a73a","144;165;230"
7454,0.998912,0.472042,-1.218020,"68e6134c78db40bf3309e8687af380b415beec080b9bc25f3fb6304b42808e29","144;165;230"
7456,0.992715,0.466975,-1.215008,"50fc397f3ac0152f3607e8b0b7f7085023df6d806a4be33ff9a776593000a76b","144;165;230;408"
7457,1.022361,0.482553,-1.242729,"58ee917f38c80fbf3207eab0bf37085007d7ed803a0acb3fe5a6365822d0a628","144;165;230"
7458,1.000568,0.471966,-1.218606,"68a7134879bf223feb09ea482ae284f4953eca00578bc05d3ebc145a4ac6ca8d","144;165;230"
7473,1.025194,0.485289,-1.245452,"2ba35248b19d2243ef09e8ccaae28494942bcc14972bc6dd2efc017bda86cb9d","144;165;230"
7475,1.028647,0.486783,-1.246399,"38bb782973995253332d7cad2b89c2103eab86158e3a8433dec520e9ef864edb","144;165;230"
7478,1.042645,0.185840,-1.440859,"22ce7c987dd1bcefcf55fc83ac8e3645ef239395d62f62f53e5f9efb178cfdce","144;165;230"
7481,1.051942,0.196782,-1.398859,"4b38939d6bf9b94ebef750b9acd643aea77ffb91075db2d315751bab86440fff","144;165;230"
7723,1.148940,0.422559,-1.417231,"b25e7fec5ed7dffe17eefc66339db760eff93fc1ebaf73ffb3feaf9e3db874ff","144;165;230"
8490,0.870801,0.203980,-0.327851,"f0acff7d986b47bb76a6ee185367807031de6c2829d2e91ffdaf651461e0e660","124;230;258;372;385;408"
8544,0.912069,0.332357,-0.418266,"351559eb34af4a5a4629fb465353b1607e8c1ef89bb05d1facaea3d4bdcb7021","124;230;385;395"
8552,1.023099,0.361820,-0.461448,"f6757f466c5f5ff8e94cb7084b5d9e37bed55feae8e33ded77f8411767b36677","124;230;385;395;408"
8553,1.036306,0.361145,-0.441952,"fd71786c255f57b86148b42c5f1b833696d4dc6ac923f08cf3f9219c6abb4a73","124;230;244"
8555,1.029949,0.357447,-0.438901,"f5757f446c5efff8e95cb70c5a7f9d337ed45feeed673ded77ba611765bb6677","124;230;244"
8556,1.013033,0.357560,-0.479855,"7cef21028d5947ac43fead0d4b445f9719c4e86e6c63fdb87b49053d6b7f5e56","124;230;244"
8557,1.026341,0.356751,-0.435449,"e4557f4c6c4feffa69f2f04e537d1533ded577eae967754c77bae10c4df962b0","124;230;244"
8558,0.930436,0.318423,-0.420054,"e154756d4c0fec7d78a2f04e513915335cd472e9e176534c75aac70c4dfa72a8","124;230;244;385"
8560,0.830884,0.312401,-0.480963,"fa6952ee1dcc52602504e70b2f1b01d0e8b5cdc248b711adf3f9821363036e0a","230;244;385;395"
8579,1.010892,0.387763,-0.539606,"5a6970e7134e5a602984e60a2f1b0510eab5ddc2489b51ec93fd821163a36e0a","124;230;244"
8494,0.863577,0.255200,-0.322260,"782b7864300c5b1721ad3e099703c210928c4d4c0838c008e7ed203160824e6b","230;244;258;385"
8496,0.853206,0.253226,-0.322573,"78a358e0380d591ea30dbc09bf83421286876d4c1a2bc201dadd207962824a0b","230;244;258;372;395;408"
8498,0.856870,0.280428,-0.337593,"28ad3afe5dc5d7e6d70dfc0230fd3240d9fa93ca2abb3abffbdf876b510a74ea","124;230;244;258;372;385;395"
9333,0.880540,0.179120,-0.150176,"49057965344e6f3270a66e08d323107012e66c2e68b8710ee7ff211060ea4660","97;244;258;268;361;372;385"
9336,0.915744,-0.034140,-0.133973,"78a890f809fd50cf831da419aed3629ec9b3e9101e6bd2b1dbd1517bd204ae0a","97;244;258;268;372"
9339,0.888002,0.195958,-0.174426,"d5fd1e32aeeb96a7f4f23a38d77c5b2bb3776c737575193ef9876555e07b8d03","244;258;395"
9341,0.888877,0.120661,-0.174691,"5394ce14933e5837e153ae9d6b2a9effa786ec8cbdc9b7c59a7b5043ebc4ea5c","244;258;268;372;385;395"
9342,0.922151,-0.082877,-0.143995,"d15c9dffac2e64bebcba9270f771916b63767d6ae1f5493ee5aa679418f8d139","244;258;268;351;372"
9346,0.913361,-0.006041,-0.132414,"938d2fbebcd37ee4bc54c28379ee3441eae37be77dcf2bffbaabce091408a548","244;258;268;272"
9347,0.925952,-0.101972,-0.158014,"cabad6b2bab87997bb5fb6b9aeb7c27ea7d7fd14324da3e3def354dbaac48379","97;244;258;268;272;351;361;372;385"
9348,0.925449,-0.102563,-0.157351,"cabaff52eaf97d97bb5fb6f9bde7c4bba7f7ff98324faae3defb76db8ec48759","97;244;258;268;272;351;361;385"
9349,0.884143,0.175700,-0.169540,"3bbbf675339fdff23feeb6ad6fbd56159f7ff505acfb99eecadf5db7efa442df","244;258;268;361;372;385;395"
9352,0.931651,-0.104032,-0.156053,"c3a897baeca8ecc7fa13a058b4ea541beba37a91326bca719c9ade68c040e388","244;258;268;272;361;385"
9358,0.909813,0.014679,-0.119871,"c0cc179ece81a4e79e13c212e4f22841e1632a81720f0a77b126de4b1058b10a","244;258;268;351;385"
9360,0.930587,-0.103455,-0.157446,"c3a887f2e8acecc7bb1bb059a4ea545beda37f9c324fca719cbadf68c0c0e388","97;244;258;268;272;361;372;385"
9361,0.836291,0.195855,-0.177955,"94edda2e9a2b86ef76a2eb9a77f839003bfe68637ce58d3fb8e6071c6573f108","244;258;361"
9362,0.926966,-0.101793,-0.154616,"199f17e5b0ae6f37348a6e64f73380f037367c28a998112fe1ef3680aae08139","244;258;268;361;372;385"
9370,0.912448,-0.014059,-0.190220,"1d754747935e67b875e26b445b760db534ccf8eae9d0fd2e2ffe45066bf7c674","97;124;244;258;268;361;372;385;395"
8500,0.845301,0.271555,-0.339126,"141f1efe3ea213319c0cdf25e7eb2241d633ef2030894bbfe2f763db102a2d03","230;244;258;372;385;395"
8502,0.859651,0.280108,-0.339912,"12cd62de5797fee65d407a8368ee34607efb97c7a0bb3eff3f3e8f8815bff1cc","230;244;395"
8504,0.870525,0.281903,-0.340544,"50175ebdbaaa3a23ac0ddfe7d7e3aa41f6376fa43481031ff8e76ad1bce2a903","124;230;244;372;385"
8511,0.943423,0.336085,-0.303029,"daec70b2b6a87eb739125012af6b5149f7eb15a3ea5408ffb6dbbeaa26d58309","230;244;258"
9202,0.873109,0.192990,-0.057688,"0c77da27320a363838c87bedef618a90167dc466c590cd2fe4e525806ef78b11","97;244;272;351;372"
9201,0.871992,0.177891,-0.059897,"3369061e5d97ca6657e0c04f229816b4c8ef7bcf8cebd7fcb37a9a7a4b0dfa8e","97;244;258;268;272;351;361;385"
9423,0.909960,0.030456,-0.194281,"b6ff7743cbf5a6d46cb6fbf248fccdb63ffbc2f2f7f2efe23f4c0746c3f3e7a5","97;244;258;268;361;372;385"
9429,0.911045,-0.002352,-0.200867,"d0735f662a481114a424a7a89787c05326d5ecc248c5a120f1e120d12093a723","97;124;244;258;268;361;385"
9436,0.923142,-0.086888,-0.216334,"f461796262c95744212435281717c938229844524236a820f581203162938663","97;244;268;361;385;395"
9437,0.921303,-0.086918,-0.216215,"b0745350d373266779c2e81a1af505bd3bbac2aa31e7b04e330e100a63f1e6a4","244;268;385"
9442,0.917133,-0.002750,-0.202424,"e66fe35fc8246fbe318ee9d841e74ddf5dde40ea78d6e86227bec52cc3f3e6a0","97;124;244;258;268;361;385;395"
9443,0.913354,0.030395,-0.196290,"62adbd1dec1d448fdbb7b41d8329549bc9c6ef1d3a6afb71af5b557fd1d8ceec","97;244;258;268;361;372;385"
9444,0.926614,-0.105981,-0.220296,"04bf383e38c993a89e4c3cadeefc8310977bc747860a4a3fe8552dbb58230fdb","244;258;268"
9449,0.930407,-0.087848,-0.216947,"850cbe3cac2ed51bfe5f30147a78173b81427a2eb6651b43433a710cc8616387","97;244;258;361;372"
9450,0.912334,0.012033,-0.202631,"917d5e36b2f1b647fcc2783237d86620bb7bd21377ef966ef2c53e0b6d51ab9f","97;124;244;268;361;385;395"
9451,0.918007,-0.086110,-0.218641,"05b5bf3ee9ac95effab72818c6f9681a81676a111069ba30edb6555ac07087ea","244;258;385"
9453,0.923149,-0.086959,-0.220438,"6da49c3289bd5082fb3baa18f6f9499a81d2e8103e64da23cfdf557fca794a02","244;258;361;372;385"
9455,0.916805,-0.005232,-0.204504,"5467d865900e4fba34a46e8cd323431034cc6c6a48b0f10effad250468f24228","244;258;268;361;372;385"
9456,0.951269,-0.084807,-0.249353,"dcbefe72a2695dd0b3beb6b95ff7c31b27d7ed923847a832fbc375f5a4f08763","97;244;361;372"
9457,0.925925,-0.072194,-0.223824,"df7e6125323f2b3039e217ecdf4693b536ad5deee194fd5e94482ba42ea70375","124;244;258;268;372;385"
9461,0.927023,-0.071874,-0.223462,"d304ef45c23e6d0779a34e185d3315bb378553acb1d4354a976fda80a0f0c3e4","97;124;244;258;268;385;395"
9462,0.920476,-0.105152,-0.221915,"7565686690064fa820a6ad0cd363591258c459ee4802f90af1cd853c61736260","244;258;361;385"
9467,0.872933,0.240094,-0.251802,"8cac861f99a606a8b6b2431060e06b43516e683232c58b3f2926450c9073a882","244;258;385"
9476,0.865799,0.220176,-0.225611,"73aa641a5fb1d8cfcf75b4bf28c8fe94c983cb95be6b6ef71a5e91ffd78cde4e","244;258;372;385"
9483,0.916611,0.000382,-0.240015,"60be971ec8eda0ef9edfa87ce4e0680ad9636a11176bca311c267f7ad8688393","124;244;268;395"
9485,0.870880,0.240881,-0.259422,"45a9861ee889a4a8beb80128e4e2c88301666a4247498a310c026d3c40320381","244;258;372;385"
9489,0.909312,0.002056,-0.248623,"54ac86bf9aa226eeb6b3ca10e5e26949716f6a9132db8b7fbca6df4ca070a382","97;244;258;268;361;372;395"
9491,0.915568,0.030727,-0.267214,"11bdba3697dab6c7e8c16e203ef82620a27bc81117a9146deacd1603c952eb9f","244;258;361;372"
9492,0.898291,0.030199,-0.267915,"928b7ebecac09cfdf550f4f36d4e32616ef3efe3fc6b47fdf022eec97d84ad1d","244;258;361;395"
9493,0.935367,-0.099365,-0.260422,"5c3e9a36820d5efa33a6a49d4fe74318b7f7e91678539a22fbc75539e8f38f12","244;268;361;372;395"
9497,0.925204,-0.098032,-0.258426,"6aaaf55ec9b4a9ffbb9f645c28e74c9f0d7ae298326efaf10fda542ac3c4e6fc","244;258;361;372;385"
9501,0.872635,0.212844,-0.290326,"73a0d250699dc842fbb9b0482e8854b28aa5751d866bc2419ad8117ac1004b8c","124;244;258;372;385;395;408"
9504,0.875961,0.213705,-0.290291,"3c24617bd579473d7146bd196b6d199d1982c52a7862e99ff3df9039e7dff6e2","124;244;258;372;385;395"
9507,0.872640,0.212672,-0.291947,"2f59f449cd7fc7d843e0bc064a7d95be5cd4f26a89a37f9007ddc117ffff5ab4","244;258;372;385;395"
9512,0.877664,0.195717,-0.274196,"fcbc9e37cbeb31e2b2b2ec3886b3409029feea00215bca32dda3457be0610b82","244;258;372;395;408"
9516,0.913058,0.092036,-0.278343,"5d316127035e7a702060ea881d1700b03695d5e60d90b54cf7ed208023b60672","244;258;372;385;395"
9517,0.906202,0.091564,-0.277084,"5d3151a5225a3b3029e462e95f1600b0b695dd62c590b50c87c1288222a60771","244;258;372;385;395"
9519,0.882857,0.172247,-0.287105,"6d619845051e763869a8274cde1817b69044686ec4f0d90867f905064a374a07","124;244;258;372;385;395;408"
9520,0.892928,0.173871,-0.287380,"64626147644ae7a8684c7b09d3419c309244466ec0b0e908652c210440a356e0","124;244;258;372;385;395;408"
9522,0.902496,0.060415,-0.271445,"a8b561cbf0c1439f13417ca930178814580a175c3b1a403f6e9cb4e83a80d6fb","97;244;258;361;385"
9523,0.891192,0.174200,-0.286619,"6c656147644be7a868a46ba9d32c9d3018c4626a48b0fd0e6504051445ff5670","124;244;258;408"
9525,0.878766,0.169946,-0.286349,"f6676947540ec62879a8fb48527c1db018d44462e8b0cd0e352c2594617a5624","124;244;258;385"
9529,0.884480,0.172901,-0.288485,"4c319565214e332869e02308de7748769054686a01f0b90cedfa45044a224732","124;244;258;372;385;395;408"
9531,0.882587,0.172520,-0.287499,"4d309145015e502869e02308de130cb69054e86a41f0f90087f845164a224336","124;244;258;372;385;395;408"
9536,0.904061,0.007431,-0.299087,"d530bd64284e511060eea6185713023b82546c2a0165b108c3ab651048b14263","97;244;258;361;385;395"
9537,0.917492,0.052790,-0.301125,"5c3ef770ab685192b3bfa6380fe7419e27d7ec103847a202dbc7757fe2f18673","124;244;258;372;385"
9538,0.909458,0.052719,-0.300781,"7c3af370ab7851d6a3bdacb80ba7419ea7d6ed101a4ba220dbc7357be2f18673","124;244;258;372"
9539,0.899417,0.051455,-0.301260,"d478997600685190f0f2a21857b7413b01d46c5a2965bb22d1aa7518e0710623","244;258;372;385;408"
9543,0.949479,-0.108588,-0.300874,"dc32dc61a20a159832bea6b85f27411b27556c1238408900c9c36574e0f00621","244;258;361;372;385;395"
9544,0.860049,0.247806,-0.308647,"77e1812099010aac2ba188edcfc2489692c56cf75f03cfb1b8d40dfe8c068214","244;258;372;395"
9553,0.882308,0.058399,-0.346540,"782f6865141b653770e6fe8fb329921028a6442ce8bac50e6eefb5156de85a48","124;244;258;408"
9557,0.909091,0.061809,-0.354398,"6565dd67b40e6fb870aafb48d37399321ec47c6ee9f0c92eecae251468f34221","124;258;372"
9558,0.904427,0.060462,-0.353218,"75675567b40e67b870aafb48d36199301ac46c6ee9f0c90eecae251468f34221","124;244;258;372;395;408"
9598,0.928429,0.267976,-0.070589,"38b4ee5d5d57d17b56e6f606517db6e159dcb3a8a9ff7d9e7b2ff515e7ac7cfa","244;258;268;272;361;372"
9184,0.872740,0.198164,-0.029196,"7de5d845991b47ba70a4ac084360c3b419ccc46868f2e50e7ecf253563f44a00","97;244;258;268;272;351;361;372;385"
9933,0.858564,0.298975,-0.069891,"91566fc5e632ef5e74ea76f6510dbf6b7f4637eea1f4254e762bb2846fd9f0f1","258;268;272"
9944,0.831361,0.289947,-0.075496,"8712ef453612e93854c857f65125bd667e443eece1b4a5c84c2ae6846daa70f5","258;268;272"
9964,0.916520,-0.131945,0.010615,"29797b6174cf6b7560687c6c331590305eb8166cc9ba641d668d20c06d8a52b9","268;272;275;351;361;372"
9965,0.915915,-0.132488,0.012065,"a1137b41748f6b777468746c331194305ea8166cc9b8751f668d20c06d8842b9","268;272;275;351;361;372"
9981,0.859834,0.184492,-0.211057,"a7df675bd6bbaef67d62fbf6e9689da57fea12fef7be6dff3e5e97c2ffdff0bc","258;268;361;385;395"
9983,0.864872,0.217305,-0.145557,"44bd9fffb80e6fb936ea4fe4f5f78850177f7d2e71d0fb3feda76d84a8f38271","97;124;258;268;361"
9215,0.874855,0.194029,-0.079085,"e0ae9d54e8ed6117fa1b7078b6b1c03b81366e08337ee20355ba70a8c0c0c2ab","97;244;258;268;272;351;361;372;385"
9218,0.882406,0.170791,-0.097321,"607419e5744e433860a87a48d7330030d8dc742889b2d10ce5ffa30040224223","97;244;258;268;272;372;385"
9220,0.889728,0.172116,-0.095662,"a1a1514df40bee3f7b207058b32194b55a8e026c21bac55f269825204f8842a8","97;244;268;372"
9224,0.888104,0.155557,-0.106082,"df34dcf7aa0e7f5039eab6bddd3f061aafd57d86a5d5d1e2d6eb7f80adf12bd3","97;244;258;268;272;361;372;385"
9227,0.890777,0.104441,-0.086597,"f7fc977ecded46eeffb2ea1876f95c73f9e67f5e2967dbf2bbfe553ac879f222","97;244;258;268;272;351;361;372;385"
9229,0.883474,0.153684,-0.105638,"41059fa5b00e6c373c8a5a40b7330170b6077c2841d8814ee4a63f8008602129","244;258;268;361;372;385"
9231,0.904326,0.238131,-0.029069,"53a1c69fde13eccdfef3d3d769ea7aca7bcf7bbda7d3cfd99c22df88ad66b984","82;244;258;268;272;351;372"
9232,0.886714,0.160526,-0.100053,"bcb6fc73aa6bb7c81e77b5bddf694a1a9f4f6d323274fb33cccb6575d0f9c7f3","97;244;258;268;372;385"
9233,0.908817,0.024436,-0.110437,"95c7cc67922b67bc36a26fc2f361895079ce6cee78f04d2eeca7e504adf3c000","97;268;272;351;361"
9235,0.884933,0.154558,-0.103393,"41991da5b00e2d332ca85a6097338070a6177c0801988144eca63f8008600129","97;244;258;268;361;372;385"
9264,0.871128,0.213584,-0.129379,"c1593f55e4ce6537e8e86e00b631143380367008c1f8f02c67b954004aa0c769","97;244;385"
9267,0.900477,0.086202,-0.106366,"70a8d2fed98942ea53a0e80b62e960d4f9efa2000a3bcab33996857bf10a6e8a","244;258;268;351;361"
9268,0.906505,0.039694,-0.128871,"5a3873e463fc7b563bc8feac3f9fc674b6ffff88831bb1e3d7fd328223c6277b","97;244;258;268;272;361;372;385"
9269,0.895717,0.106149,-0.120738,"4c31f965724ab31868e87a68df3f8132b6ddf7e381f0a54847ef23824da307f3","244;258;268;272;361;372;385"
9273,0.918598,0.039061,-0.125739,"90c116810e0ba465fc02e242e74220416aa56a6a60ed015db4a24a1061282108","97;244;258;385"
9278,0.903744,0.043965,-0.127213,"6fa2f04bed5dcfd85bebbc286afddfb4d9dee61ace32ffb31edfa5fed7da4ab7","244;258;351"
9281,0.901092,0.068553,-0.159804,"6724f152e82cb90abbbb31789ebadd3a87577514b260ca420c9e35fec0614381","244;268;361"
9282,0.893156,0.105810,-0.119660,"0c32f1e5325eb91029c877e0df1f80b6b65dfda181f0a1c8c7f92a8246a607f1","244;268;361;372;385"
9284,0.895306,0.105152,-0.119161,"1a28f3e5331a7a242d80b680cf2f04b4a6f5fdc808d8a1e8a7df1e026684072c","97;244;258;268;361;372;385"
9288,0.879397,0.214200,-0.140534,"16aa5eb0a3fb3243aeb553b30c9e6248a73def1314d988d0d8452fe7a425adc3","244;361;372;385"
9289,0.872518,0.213416,-0.141210,"035f6f05620aaf373cca56e4f5669767366536efe1d0654c242a6f802cf001fd","97;244;258;268;361;372"
9290,0.891233,0.218802,-0.140208,"7d717d62884f57d823fea5085f574b3b95d57d7a4843fb30fbc9653c60f34273","244;361;372;385;395"
9291,0.921192,-0.061729,-0.133999,"91664be752066ffc308a7ae65147b1313eec17eee9960d2ef4aeab802db322b1","97;244;258;268;272;351;361;372;385"
9292,0.935120,-0.087652,-0.149517,"16aeffdbd2f7fcdb7757fe927cef2e287fff0798b6fb3fff7fae57c3e1c0a7fb","268;272;351;361;372;385"
9294,0.880360,0.214024,-0.141504,"fc71fd60a84f57d863feb5085777491b94d47c6ac843eb38f3c9653d60f34663","244;258;268;361;372;385"
9295,0.920387,-0.049859,-0.138733,"6aaaf35069e86957fb1f74b82887c4bc2fbae698937ea2f11fba50eac380a6f9","244;258;268;272;351;361;372;385"
9297,0.930368,-0.088063,-0.148874,"12a57ffffa87feffb71dfa3279ff2e01fffb7f8036fb2bfd7baf67c1e1c0a5b3","97;244;268;272;351;372;385"
9302,0.913442,0.001789,-0.143016,"da3af6f423cc7956a99db6bd9f97421fa6f7fd80804bb2c0d3f172aa6284a77b","97;244;258;268;361;372;385"
9303,0.918547,-0.050350,-0.137315,"02a8d35bd2a3a8c73e0362d221c2a4087bab029c32de07731c0e9a40e5c0e388","97;244;258;268;272;351;361;372;385"
9305,0.909612,0.021992,-0.127232,"02ac079fd8a3a8e2bf01d29360ea3449fdfb33853adb0aff3c36db829540218c","97;244;258;268;272;372;385"
9306,0.882293,0.215107,-0.141026,"7c7dfd65a84f57bf60e8bc281337c1331cd47c68c9f2e108f7c965b463f04671","97;244;258;268;361;372;385"
9307,0.904180,0.068413,-0.160191,"4e20d162e168e9086bf5b1988f2e5d9ea3c7d5191360a8c09ddc1b75c6e547e0","97;244;268;361"
9311,0.874291,0.220152,-0.146640,"44fd9dbfb8a61fbeb6fb5bf1f5f7594b177f7d1f73d4cb3feca77f84a4f38179","97;244;258;268;361;395"
9315,0.923737,-0.063251,-0.132820,"d55d6fe5a06e6fb024ea8344d777997b34c47deee9d07928e1abe584a8f34230","97;244;258;268;272;351;385"
9318,0.921086,-0.010618,-0.135616,"720890fc0d894002af31a209a68324dee8a468000c4bd3d193f0d07b10085a0e","244;258;268;361;372;385"
9319,0.909100,0.001535,-0.140487,"722056404d886840e901a0082b8b141eeaa54b880a6bc2c197f8923b4380620e","97;244;258;268;361;372;385"
9320,0.925905,-0.020308,-0.136276,"522a16b809891040a719a0492e9a60d6e8a1ec510e2b82b191d0027b400e230e","97;244;268"
9322,0.884037,0.171929,-0.151063,"1d5f4065b00e6fb835ea7ee5d92393547ecc1deee9905d6ee6efa7846ff7c811","97;244;268;372;395"
9326,0.915031,-0.033151,-0.138196,"1bb8f377c7dcb147fb5574132cfc6630a37ff31196f9b2e11f795e4b4704a7df","97;244;258;272;351;385"
9329,0.918915,-0.033380,-0.136973,"1ab0beb81bc0b84abf15e0b3efdf22026fb3eb911aef12f1dbe71a0b67042d4a","97;244;258;268;272;361;372;385"
13729,0.425206,-0.005039,0.348585,"1779aa81df37bedc6bec98475ca87f02bccd73ff84339dd03f0c8faecd777bd6","282;294;334"
8476,0.861326,0.241735,-0.278724,"45bd871ffa8926b8be98496cf4e2c87311666a5a3341ae352c226568d87303a1","124;230;244;372;385;395"
8521,0.926075,0.350418,-0.366474,"c2be869c72b0b847be0752f7aceaa2c8e72baf95b6dd86ef1c36dac38c04a99f","124;230;258"
8522,0.938712,0.354910,-0.367116,"838c039f96b2ae673c4b5af768eeb4e4776f378db59c25ef2c2ebac08d44b1dd","230;244;258"
8728,1.143052,0.337426,-0.517235,"143d3fe094ef53c2e4e0ae0897156138a1f14c7219a9303cf9c52575e02b0523","124;230;244"
8744,1.042704,0.239623,-0.471319,"3c73f345100ecb5862a4e748534195363cfc446ac8f3fd0871ac213463b346a0","124;230;395"
8748,1.185601,0.353923,-0.526990,"357cbbe1f4eff3d25ee07e08179d6138b9f8165201b2302ad9cd2570e97951ba","124;230;244"
8785,1.113735,0.516449,-1.017577,"cc70bd752b6c3110aaf3a718dfb7413ba355f8120145b340d7fb553fea710773","144;230;395;408;421"
8812,1.382454,0.099994,-0.621727,"d19eec25343f6b3774ebfefcf32892705fa67c2dbdbc550fecefb0d0ed885819","124;230;244"
8817,1.342103,0.163737,-0.592151,"22b0e69c6dd9b0488ff4f0abe8cc7e86db7dfb410673fad11f30cb3f572c5fd6","124;230;244"
8819,1.373055,0.163396,-0.600462,"0230268c6dd1b048aff4d4afacdc6686e83dfb01066392d113300bbf570e3fd6","124;230;244"
8825,1.319910,0.162770,-0.587520,"2230268c6dd9b048afd4d0ab8ccc7686e83dfb21066392d117300b3f570c3fd6","124;230;244"
8830,1.400291,0.092728,-0.624907,"419c7b7534ae6b377c4b7a7cf7399070972e7c0db1bc612fecbf32c0c880c339","124;230;244;408"
8840,1.301690,0.323121,-0.631702,"bf797b604fdffff0e1e4340f1b9f3733aef5d7eae539b0ac77d9413777b54ef2","124;230;244"
8847,1.174962,0.361823,-0.781749,"31cd000c980b86ef4020e84c222000905882406079ab413fb0a40438791aca88","144;230;244"
8849,1.393610,0.042451,-0.558564,"9ad83ebe0fd5b0649f578513acde2e01e93bcb01662f3af5d3d35a3b120c2dde","124;230;244;258"
8857,1.373129,0.042870,-0.539144,"3272c241660be853792478e60189b4147e88068cc0b204c2160ca2867faa6285","124;230;244;258"
8861,1.184209,0.367056,-0.544230,"507d3fe09aef11c7a48cae09b797611aa0b34d100a89b208f1c52e19a050276a","124;230;244"
8875,1.429955,-0.043732,-0.530700,"c894355d096c453bbc1b8610be37006f81167908714d7355c5ba5a541240852a","124;230;244"
8888,1.308198,-0.051053,-0.518708,"7cb9fa70d2ec53d2a2cdbc2d17fd4a32a7fff5119a2bb222dbcd25fde1638673","124;230;244;258"
8894,1.360879,-0.010375,-0.605466,"2bb07c70699df958eb75b50d089d563f8e99d3158667fad15f59117f47844ed6","124;230;244"
8895,1.388604,0.005005,-0.582163,"98bd797733cd53373d472e19bf3f0211a733cd087aec712febdd14136280875b","124;230;244;258"
8904,1.350993,-0.009892,-0.603390,"b66479408d7ddf58ebeebd191a4d5f3bbd9155efae27b8d2d3d9813f43f7d6f2","124;230;244"
8917,1.421723,-0.029370,-0.614369,"dea0941a0bf59008af178711ecea4e8ea113ea1116459bf11b535b7fd245ad06","124;230;244;258"
8936,1.359208,-0.002565,-0.614700,"a5f911e1f44fe6d05468f048971171a1d858167a6bb25030ad98a76c18b9d0a0","124;230;244"
8944,1.377742,-0.080508,-0.669993,"fe73fce5e53ef85b2bfcbeaf8d1fd7fafed5fffd9a52f3c0dfd9efe6a7a47ff5","124;230;244"
9204,0.869504,0.191511,-0.079552,"05f99d37a00e2dbc2e794244d536486a875f7d5d93d8db21edab7ec4885281f9","244;258;268;272;361"
9207,0.876899,0.200583,-0.078576,"f5601c77080f45b8e0b2a718d751093b80546c6a6865db2ce1eb651460394222","97;244;258;268;351;361"
9208,0.885205,0.137672,-0.078418,"c6edffffeaa9ffeebff6fbbbffefdd5b7fff7fc7fa5feffbffb77f8885f3a77b","244;258;268;361;385"
9209,0.871702,0.192493,-0.079147,"50bf1f68b2ee13b6a48cae20b7f72050a6774c600989203df9a526102042a77b","97;244;258;268;272;351;361;385"
8980,1.365605,0.008028,-0.649360,"0da76941320a6b3964a05fe0d1339861361c5ef8f190ed1c6ca9a7c42ea2c3a1","124;230;244"
9000,1.426356,-0.051250,-0.710243,"4bb2fdb133dc39983b5d16f59d9fd2fb8719b51db75cf3f1cedb7be78e850d7f","124;230;244"
9089,1.177009,0.378313,-0.712218,"45f8bb64656cf3da6bcb794cdefd5c3ab55c750c9372ba6347bf712cc07347f3","144;230;244;421"
9093,1.438241,-0.103076,-0.590863,"f0157eedb64e7f3d694cfe2b7b3f1653fef77de3fcabf1cdf3e9e29125aafe5b","124;230;244;258"
9987,0.843574,0.204401,-0.155540,"dccd4ca7902f4fbc34a69f85d7630b5371c77dee7981592ef8e7ed94a8f3a010","258;268;361"
9993,0.873167,0.183228,-0.176041,"9c4bbd7f8ad936dce61675e2f7ec89ea6efbee4356386f33d5a5760970db8da9","258;268;361;372;395"
9995,0.853298,0.207379,-0.003520,"72b8e1e0edadf043eb3bb8098ebc543aeb9fff119a6bd2d19fdc11fac14ec686","258;268;272;275;351;361;372"
10005,0.877501,0.173031,-0.169069,"ece661eb2d0f4f38732eb518db4d18b15984ddeeea26f997e7d9a1bc57bfd660","97;258;268;361;372;395"
10016,0.885067,0.183697,-0.148837,"21f8375d55cf61b6f500e6083295003448be6a4849fa732d61ba10004208662a","258;268;361;372"
10017,0.833201,0.164168,-0.163388,"ad416d65cc4f47b844f6a60ad339113b58d47a6ae8f67d1c67cbc53477bb56e0","258;268;372"
10018,0.880139,0.239640,-0.064324,"bc367e43cf7bf359647fffb75bdd9ee8799cee3a9eb4ed1357e921c5e3cfdcf3","97;258;268;272;361;372"
10019,0.877481,0.182243,-0.150476,"21701d5f4d4dc11c4640e048f2501c30d8087a488beaf33d45b91038480a52a8","97;258;268;361;372;385"
10027,0.849200,0.285325,-0.060262,"bd96eff7f676fdfa75fef7f6597dbb6b7fde37aea9f42dce7eebf784eff974f1","258;268;272"
10031,0.887265,0.062996,-0.017321,"76e912ba19d512e88f14a1096eda6d96c8f1eb434e439afd9bd08d3b122f3e06","97;258;268;272;275;351;361"
10245,0.890991,0.292944,-0.101724,"bd04fee5a632ed3d55c6f7965b2dbbeb7ec437aeb9b4258a52ebe284eff8f870","97;258;268;361"
10260,0.889205,0.291941,-0.103525,"b904eee5a5767d7771f7f7925b3fbaeb7fd6b5bebcfd35825bebf645e7fcfc7a","258;268;361"
10263,0.870362,0.267871,-0.030008,"8f5d7effe5fcffd4cd565f33fdfdbf6fef7bbbcbf7f43ae167fbd60316dffdf3","258;268;272"
10277,0.891314,0.259214,-0.028163,"cfdffcdeef769ff8dbde9d367cfcbf67ff73ffabf5653eff7b7fefbf97ff9d77","82;258;268;272"
10284,0.889054,0.239609,-0.041588,"fe72262f0b3b52d837ecc7ad4bc68bdc7cccedf68cd7ff9cd2e1e9972a973c57","97;258;268;272;351;361"
10285,0.875093,0.216699,0.022517,"d78ccfd78e2a698cefb393d2dbe2947b6bc77e9fb9c5cfe09c3affd0adf1f124","258;268;272;275;351;361;372"
11464,0.575194,-0.027051,0.390173,"2fb6f5e53c1fdcb85ffab4efdf7dde279f55ff77e7606fddeedb6df656ae5175","66;275;282;289;294"
11474,0.572320,-0.045607,0.379474,"069674fafc8bfee89f3a907accfebc01ffd37f23f2694affbedeeffe54e8d181","66;275;282;294;351"
11476,0.574958,-0.047098,0.381244,"2682f2def48bfee81f23f06aecebfc40ffeb37a9a2730af7be9effecd5a85181","66;275;282;294"
11477,0.577083,-0.045737,0.383444,"a7b574fbfc9ffeff9f7bb9fbdc7fdc21dfd3df77f26f6bffbf5aeffed6ded1f5","66;275;282;294"
11486,0.574364,-0.105190,0.384666,"58325ea103c839502525c7a59f8742d8269def900b998140d4e13a8122802d73","51;275;282;289;294;334"
11494,0.580378,-0.068740,0.383053,"dfdef5feae1a7fbc7d5af6f3ff7f9c7ff7d77defe8e56feff6fbfe8627fcf07d","275;282;289;334;337;351"
11504,0.589550,-0.002449,0.343623,"cab0b4f8edfdb85b9b5fb53facfe7eafcf93ff11b76ffad1df5bdbffd64c8fd7","66;275;294;334"
11508,0.584679,-0.111875,0.391739,"0b3076e96e1ff8512d68f6e39d9f9674fe9dffa584f1e1c0d6f9aa82478463f7","51;58;66;275;282;289;294;334;337"
11513,0.613159,0.068476,0.312576,"cf045b37837f3d2b1d724799dc6c0b29971f902725d47d9ea7535907a6fd8954","58;275;289"
11525,0.608185,-0.017838,0.360447,"da5ff6fe2f56fd77ad5effa7edffb767eef7ffa7e5e327c9f7fbee8337fc655f","58;275;289;334"
11527,0.601852,-0.025926,0.353365,"2eb574e97d3ffad83f7df5b3cd1f9ef5ff91dfbdaaf269dfffdf8bf7978f77f7","58;66;275;282"
11528,0.586488,-0.100702,0.384054,"7684f4ffbc0bfeb81f33b2bbdd6f9c73ffd73faff8704bffbeffffd4b7fed101","275;282;294;351"
11396,0.574819,0.150735,0.320395,"09a0eedf4e93e9587622d782d9cb90647bec7b8c80f6efd3566bab80278e71a0","66;275;282;289;334;337"
11402,0.535974,0.005521,0.415323,"d6aeceffd8236fff36bef2f761e7c95b7def6fa678dfcb7ffca7ffaca1f0a4f9","275;282;289;334;337"
11406,0.541988,0.067641,0.380685,"797179623ddd535863e8a5081bdf573098b4dd6ac923f89dd3dd01396a834672","51;66;275;282;289;294;334;337;351"
11416,0.549871,0.060653,0.377297,"79f138e23d9d53d8c3a8bd08bbd95d30d8c85d7eca23f89dfbd9213c528b5222","66;275;282"
11420,0.611896,0.162240,0.340566,"156d6fe7862b6ed876a2dac2d36b99607bce7feb88f04dbee4eba780a5fbf1a0","275;282;289;334;337"
10380,0.643650,0.088260,0.261668,"fefdffd6fa671fff13ff9dfa7ef5b9a35ff7b56ffb432a3f790f6dbc97fbb471","82;268;275;334;337;351;361"
10386,0.663349,0.041648,0.279802,"110f6bcf5683ef785440dec671edb6647eea17efe9bb3dff702eab803daa70e0","82;268;272;275;337;351"
10399,0.651774,0.042057,0.261396,"13df429e9692eef7b442dae769eeb3c07eef97cfed9b06ef382eae802df4b9dd","66;82;268;272;275;282;289;334;351"
10408,0.655903,0.084829,0.244369,"96cdd093a728dea61903381aae2a1500abc315637c2c48eaa896de32a57fc10c","82;268;275;282;289;334;351"
10439,0.670716,0.118176,0.198990,"7b3072e86f3dd85a0b68b4ff0f9dd63ece95ff158e6be3d0d3d9b8fa6f8c5ad7","66;82;268;272;275;282;337;351;361"
10442,0.678584,0.121923,0.204011,"7832ee741d5f517bf3eeb41d6bfc56b679c4ec2cad6bf78fdbff55bf63ac5e5f","66;268;272;275;337;351"
10443,0.668388,0.086918,0.220766,"86cd4092f42aeea7390b3b92cc6e1d197fd397a378fc08eabc1ebe808573e118","82;268;272;275;334;337;361"
10035,0.887804,0.155828,-0.107589,"5a32f465235e791029acb62ccf378216a6d5fd088040f1c0d7fb618362a40773","97;258;361;372;385"
10040,0.873329,0.193525,-0.078909,"d4481eb60a501ca0b09686b157c7035b27f5ede26c458b2ad2e37f1120312f52","97;244;258;268;272;351;361;372;385"
10042,0.872645,0.193957,-0.074977,"ed72fd05205f1f9828ea37ecde54cbbf9654fc6ee5f4fd08c65b65b44eff0b71","97;244;258;268;361;372"
10045,0.891286,0.120694,-0.176389,"67a6c51edd13eeb953eb79ee60e09db45dee22ae9372eeff3c1ec5aedfee52a4","97;258;268;361;385"
10048,0.890290,0.101073,-0.177462,"c328ee540b3c6d27e9d6861828a7567722e6798c184db540173ad40027e4e26c","124;258;268;372"
10054,0.891467,0.138565,-0.104355,"7aacf3f8ddeddfc63b27f88a2bad5410fbffa7101a3af2f37fde156a5158e6ea","97;258;268;361;372;385"
10055,0.877895,0.163558,-0.096984,"c44e9e7eac4657bdb5beb710e2e32b5bd9e66dea68678b2bf3fbe719107bf42b","97;258;272;351;361;372"
10073,0.887760,0.148218,-0.098261,"d2cd26de8d13aeeddc12c203e8e83c47f9626beeece74fff327acf1b577cf80e","97;244;258;268;351;372"
10079,0.903723,0.072976,-0.184381,"adbd1153c5fde7807972695892704db5815a525a7334f832259c0462ca5bc2a4","97;258;268;361;385;395"
10080,0.834926,0.253342,0.059238,"06d8069a55f7b2c09e0dd207e4d22bccf96aa2d226b31aff99368b43901f2dde","82;258;268;275"
10083,0.890962,0.057883,-0.231845,"4b21224c699598488ea08d89bcd4f266de397b6d8603c6d1d2590b3816af2b80","258;268;361"
10084,0.903861,0.043454,-0.236938,"0f24853fcbfda80b8f7b299dec7e4b9fa523f38537405bd10d42597afa6d8bd6","97;258;361;385"
10087,0.888074,0.173200,-0.079095,"dea094ba8be8144bbb17a119cefb68daa113e910364d8ad399f65e7f90448f02","97;258;268;272;351;372"
10088,0.903584,-0.156008,-0.015328,"0618139a55a7b0401f034117ecca21c8fc39829137b61adf05368b4a980f3996","258;268;351;361;372"
10099,0.911190,0.002564,-0.145028,"58307b64224c1110e1ccb6283f978272a6d5fc008961b001d3e9209360802773","97;244;258;268;272;361;372"
10105,0.916073,0.036454,-0.226883,"029eac97e0616dbf7e3f1f60f4729a6ba113358992582b75cd12ff818070972f","97;258;268;361"
10935,0.600857,0.087991,0.311919,"f4ee879fdd63a7e836b6eb1ee2e00bc559ee6a7279f3db3fbd26cd5cd17bf4e0","58;82;272;275;334;337"
10937,0.595922,-0.013793,0.338039,"da5e6cfe2bd45df6b9deb6b56f1f87ffa7f1fdc6ed47b3e8d3fbfe9b2fd42f7f","272;275;282;294;334"
10945,0.601669,-0.007595,0.329972,"cfbe9716e9edb7af9bff39fdecfccfaf9557e817b74fbaf328165deec8758575","272;275;289;294"
10948,0.600551,0.054021,0.316657,"f4dfe6defe23cffc92cebdfe63ecbf017fe224eef8672ebf380ee5bcfdfbf2f1","66;82;272;275;282;289;334;337;351"
10957,0.605808,-0.087327,0.346002,"a2dc229f55d5bae61f0c5c03acde37c4f83b93c366be12ff27769a8b171d3dde","58;66;272;275;282;289;294;334;337;351"
10959,0.600508,-0.062898,0.346220,"3ff6f8e3f77ffbd97b7dbdaf5f5ddeb4ffdd97bf9e72edd3ffddaff7efcfdef5","58;272;275;351"
10963,0.601185,-0.054075,0.348002,"db5cfefd675eff76bd4ef6a7fd7fb7f7eef5bfefedb7b7e9f7fbea8317fc6d7f","66;272;275;337;351"
10910,0.592036,0.078027,0.328376,"868c9497d372bea73cbf4a11ec7e03cf935fb30374dc49ea2d365f8380758dce","272;275;282;289"
9868,0.733556,0.096108,0.145007,"021472f2e5f4fc57894f1fb38c3f7e62ef139791960830c26f5d9ecb87c6a5d7","268;272;282;351"
9901,0.776474,0.068514,0.111765,"1add6b9c57c3bee69640daa32cfe20407ffb93c1629b12ff31268a83351c3dda","82;97;258;272;275;282;351;361;372"
9931,0.887188,-0.099487,0.011909,"b97979687c1f4bf85368b44e1b5d93305e88556ee926789ff3cda1bc7fab5271","82;97;258;268;272;275;351;361;372"
9617,0.893259,0.306127,-0.308637,"ceb8feff69d5b9b89fff7631fcfffeea977fff108655baf34fdf7feb86a40dfb","244;258;372"
10922,0.623784,0.162329,0.293728,"0d353967750ef73879ec7f44de799e30944e546ec1b0f94e67fd25044aa243f1","272;275;337"
10924,0.626500,0.163814,0.298920,"09353967743eff306dcc7f44df3d1630944c546ec1b0394e67ff208042e343e1","272;275;282;289;334;337"
10113,0.890445,0.109486,-0.110443,"5d14d5c1bd7f67b87ff33b7cde75cdfcb7547c7ab1f1799eaede0576aeebd035","258;272;351"
10115,0.899387,0.072385,-0.098078,"e2ac96bedda594efbe97e81968fa661bc96beb90366f9af339765f7bd158ee8e","97;258;361"
10119,0.895797,0.105532,-0.085559,"f4fdd7ffeeebb7ceffb2fa3ad6fa4d7bfbf77e4379f7dbfabcba4736ed7bd327","268;272;351;361;385"
10128,0.909264,0.030130,-0.195555,"2decb43e8d2dcfbe53fbb01dfea9520fcdcbee5bbe6acbf3ec16557cdadd820c","97;258;268;361;372;385"
10132,0.901313,0.049412,-0.120999,"ffdf648ebd875ef897489e6f7b5fbbd5def2dfeefb835bbdbaf9a7de3ebe3815","97;258;268;272;351;361;372"
10136,0.929548,-0.081938,-0.249757,"7aace24e51a44bde338dfc8d6be756147dfea59c0a1af8677bcc85a8e3c26678","258;268;361;372;385;395"
10137,0.886748,0.259801,-0.147797,"7996ed65361b4f3f71eafeee532d96b47fc67caca9faed8efeefa5946feed2f9","258;268;361"
10138,0.895220,0.030331,-0.197246,"61f89eb78d9db4a6faf3201cf6f84602816e6a5537799a33afdf5f77c858db9a","97;258;268;361;372"
10144,0.917701,-0.026175,-0.204683,"d47b7573aae91384a81db3a8af97cd1a2637ec521221aa21c1e130d360138763","97;258;268;361;385;395"
10145,0.900467,0.075734,-0.109841,"408e979db0832ea73e81caf0e5e2a45073ef6e8070dac37fbca67f488460a129","97;258;268;272;351;361"
10152,0.908127,0.073546,-0.108618,"018d4f67b48a6fb674a07a44f1619060726e266ec1984d2fecaea7002cb2f1a8","258;268;385"
10153,0.912828,0.001761,-0.249989,"9984c425915a673e76e66614c32382f471eea8ac79dc7d0eeee765016be4c820","97;258;268;361"
10161,0.893704,-0.004549,-0.202799,"1467dc65a84a57b824e2bea1d7738b1333447d6a68d0490eea8b679560f34223","258;268;361;372;385"
10162,0.923308,0.000772,-0.253133,"580ff765b47eee3769c8fe446f2494f7b0666c2ea1f9852d36fb669143f6cb3d","97;124;258"
10168,0.903273,0.001734,-0.138419,"30e9386a5dc95368c304ac0822d92210c8b8c1424a2bca3d73d5013b730a4e2a","258;268;361;372"
10171,0.866623,0.281978,-0.039779,"bd5fffe7f476fff055ce7fa65b7dbf617efcb5eef9f03d8e6aefe584effff4f1","82;258;268;272;361"
10172,0.905469,0.033220,-0.110209,"24ad953f986b06ac76a34a58f7f04930116e686a73f0c93faca64524e0738220","97;258;372"
10173,0.901217,0.064841,-0.026654,"498f5567343e6e3675aa7e44fb2390f416666c2eb9b8452eaeff25806ae24829","97;258;268;272;361;372"
10176,0.913574,0.011558,-0.132011,"23acf45bfdbdccdfdf9bfc18a8fcd4a5c97ae618b7ee6aff2f5e15fbdbdccabc","258;272;385"
10180,0.909438,0.039794,-0.127550,"12a55eed148bea606d00ea02474a2410faaf4b603cb901cdb2fc8a13650a6b86","97;258;268;272;361;372;385"
10184,0.920806,-0.052440,-0.084692,"5b322e692bd45113e75d96a50b9dd6fea4b4fd948f09b791d3f930d32a842c7f","97;258;268;272;351;361;372;385"
10186,0.920644,-0.033538,-0.079297,"7b3060582bdd5950c37db4ad0a9dd6bf8cb0fd148f6ff290d3d930fb6b8c5e7f","97;258;268;272;351;361;372;385"
10188,0.911739,-0.033398,-0.081604,"7b3278682bdd5950a97db5ed1b9dd6be8e91dd558f23f290d3d930fb6f8f4e77","97;258;268;272;351;361;372;385"
10202,0.869947,0.278856,-0.034701,"3d5bfeef7556ff7055cc7e277b7db7607efcb7eeedf075ae67efe5817fbf7cfb","82;97;258;272;351"
10204,0.922048,-0.050179,-0.135555,"198f436db02a6eb774007ae4fb6390f476ee04aef998452facefa6c02ee2e828","97;258;268;272;361;385"
10205,0.914536,-0.049566,-0.135099,"318f426db41a4e3775006ec4e32192f47ae60cacfd98650fa2efa4402fe2f80c","97;258;268;361;385"
10209,0.940990,-0.108729,-0.221574,"3f7005ab4b775ad8237281c55d5649bbb7cdd0f7ad473f109bcb4166aab722d4","258;268;361;385"
10213,0.933936,-0.073289,-0.143590,"01bd1b61b0af6fb774a87a40f7338070377e142891b8512fedaf2740e8d283a9","258;268;351;361"
10214,0.881007,0.290986,-0.105051,"bd06efe5e632ed5974e2f7d65b2dbb697e8417acb9b4258a56ebe284effa70f1","97;244;258;268;372"
10217,0.926231,-0.072622,-0.144593,"199d1565b02f6fb764086a44f733807036765c6899b8513fe9ed274068e28129","97;258;268;361;372;385"
10220,0.940285,-0.127212,-0.154402,"d2acd2dcc3a028473e0362122de3605873ff239832df866399a61e49a140a38a","258;268;351;361;372;385"
10228,0.933969,-0.125391,-0.155521,"cbb8b7f7aa8c3997be936278fcf7807ba7777f15b3dda3e1ddfb5f428000a339","258;268;351;361;372"
9880,0.755966,0.082122,0.121812,"21993be875c5bb674e495802bcde3460fc3b13d1d3ba12fd7d3d8a4a1d0af1ab","82;97;258;268;272;275;282;351;361;372"
9881,0.738416,0.077100,0.108254,"f7dd61eeae70defc935a99b369fcfd665fd39fe7fe072efbba4caf9fb7fff057","258;268;272;275;351;361;372"
9884,0.772125,0.080166,0.114495,"b7fb64caec51ced8c35a95ab41ccff2f5ac097e7cf276eb17248edbd77fff4f5","82;258;268;272;275;351;361;372"
9896,0.822492,-0.144599,0.117043,"7b32eecd7d57f959bfedd6af58fdf6e4fcfdffa58df3e3dddf7bebbf07ac7cf7","268;272;275;282;351;361;372"
10715,0.874501,0.210333,-0.102385,"4ae9841a899d908caf958009ace242de8563e8551649caf1ac525f7b92178b4e","97;244;258;268;385"
10726,0.908672,0.011989,-0.201399,"e7ebd040fd9dc296ebf8bc4c8ab8d7b689e4ee5c957bf4f23e5d057fcabd4a0d","97;124;268;361;395"
10731,0.937235,0.012252,-0.206538,"54cf0ebeb8035efcd682cf83f7ee3b615dd76ee3ec434f3ff8a7ef1db4f3ac02","97;268;385"
10732,0.917346,0.013105,-0.203647,"74cf8cbed8074fb836b6cf8d77e31b5151f669ea68c3df3ff9a7e51cb8f3a002","97;268;361;372"
10740,0.885083,0.123083,-0.121055,"5f30f445235a7c3829eab728de7f8eb636d5fda2e5d0e9c896fb65876ef64f37","97;268;272;361;372"
10743,0.918537,-0.014709,-0.190654,"4d757e6daa5bfef87eeafe68dff89f71965d7e63e5f2ed1c66eb65874cf34b97","97;244;268;361;372"
10745,0.787935,0.210358,0.173338,"dcb0bcf2a8ec519fb2bfa53997b74a5b8793fd103a4fda02dbc3757da0408653","82;268;272;275;282"
10747,0.887924,0.260424,-0.165028,"1b326f45621b7958776856e651159e647e8c7fac8dd0651c566ba3802f8c30f5","258;268;385"
10754,0.854327,0.192596,-0.080770,"54339820aa68500b2aada9a987ab4a1a9797ed101e0bca00dac525ffe0428603","97;268;272;361;372"
10758,0.878459,0.170385,-0.098590,"5735fde5a06e7fb829a4be08ff770732b6d57dee20d0f9ceffff471642f30763","97;268;351;372;385"
10759,0.877606,0.169392,-0.098145,"51a4fde4184e4ff839aefe085f7f1032b7d57dae28d3f94efbffaf9421e26362","97;268;272;361;372;385"
10763,0.882995,0.174736,-0.084287,"54b0ade5104e6bb826a8a600d377197230d47dea08d0f90ccfefa71420234672","244;258;268;351;361;385"
10772,0.885511,0.125805,-0.105473,"0a8676dbbbb3b8cdbf1fd1f3eceeaccd771bef91b6c10fd70a365fcf97c6add5","97;268;272;361;372"
10776,0.873632,0.191836,-0.069939,"d184bff5806e65273443c210f737007b21b7788839dcb307c1ae5a40a040a52a","258;268;385"
10778,0.867579,0.198016,-0.056244,"45319534a92e44beabfba24cdf67419e85c66c0e0941d30099f2553ccaf08331","82;97;268"
10781,0.877600,0.166200,-0.079414,"ec249df5a86f518a3bb2a618d773493b81546c182866db12cfdb553dc8f94602","268;272;351;361"
10789,0.864945,0.196878,-0.051587,"dc293e71a2eb3143be3d67318e97c21ba23fec1212d9a044d7a13063e00187e3","82;268;351;361"
10792,0.881606,0.144229,-0.084450,"b69e8ebfce2216eab6bbdb7366f9294b7dffefa3fcf74b3ff827ff87b578be83","244;268;272;351;361;372"
10796,0.899231,0.064851,-0.115058,"00a09dfbec6de8cf5e397170b537dc28d91b6699137acb510c9abeecd148e3a9","244;268;361;372"
10798,0.856141,0.211210,-0.011088,"20e75dbaec89ecfd8c3af96eb7c28011cbab4ee25b3e4bfdbc90af785d0ac289","82;268;351;361"
10800,0.859089,0.213107,-0.009593,"21cf518dfc0befff2c20f8cef76380547a824e6e513b45dfb41ca7385dbac3a8","82;268;272;351;361"
10801,0.869375,0.176767,-0.059634,"001f5865360aaf317cac5ee6c5218140367c0660c1b8454ee4a727806ca225b9","258;268;272;372"
10803,0.905641,0.055027,-0.119534,"d766debc2a229ed8bc8af2e6f5ebaf5bfee57fe7ece7cb4ad0bb6b984df36b11","97;268;272;351"
10806,0.893083,0.123174,-0.088308,"95edc61f9fa3a6eef693eb12e1e83d6979ef6aab3eff5f3f2d2adf05f57be98c","97;268;351;361;372"
10808,0.885125,0.124350,-0.089136,"94cfcf37962b66a876a64ac24361094079ee286a78f04d2eaca6e504e5fb5000","244;268;351;372"
10811,0.899157,0.072537,-0.098086,"b2ac86be99a194ef9e17c819e6e860cbc96beb113a6fcab7b9d25f7bd05cbe8a","97;272;351;361"
10823,0.908146,0.022580,-0.129291,"1abef2fed3d0bfee3fc7f4b32dee66347ffb978032dbbefb7ff79f8be7c4a7ff","97;258;268;272;351;361;372"
10824,0.922264,0.011402,-0.132145,"23a2f45becb9dc8f5f3fb138ea68dc2ecf526e11b66aeff30e5e577bd5c8d38f","268;272;372"
10828,0.904412,0.040993,-0.108224,"84ef873790ae27aeb6a64a11f7e32151316e68ee70d88b3feda64504a073a520","97;268;272;351;361;372"
10829,0.915236,0.007236,-0.135736,"6cb4bdfbed6d51984f7f3d18de75483a815a7f181360fb33cfdb757cd2dbd663","97;268;272;361"
10839,0.936035,-0.021851,-0.139030,"6928705869fc594febb1e4183a9b467ec9bef2880a6bf2c15ff9106b428062ae","97;268;272;361;372;385"
10840,0.954884,0.014831,-0.112636,"34ad8ebfda0326e896b6cb8b62e1695159ee6ae37ad3cb3ff826cd3db17bba82","97;244;268;272"
10842,0.888614,0.107971,-0.015450,"7a386e5c0bd7515a87ffb6bf6a9c16bfedb5fd919e6bf390d37bd1bb630c7e57","268;272;372"
10843,0.898818,0.014865,-0.125484,"72aa9298198100c88ea9884806c06084f9a86a110a2bca1198141d7fd00a228e","97;258;268;361"
10847,0.919703,-0.008754,-0.116896,"85e684bfd80feefc3eb24bd5c5e218e15d4e6afef7f0df7fac26c764b8f39884","97;268;351"
10853,0.892857,-0.014827,-0.134941,"66b0f150ed1d43df5bfd341ccaeddc3c9fde6618927afad31f1c15fedbfac6f7","268;272;361"
10893,0.938611,0.272274,-0.067268,"3d62c1cb6c01cad847b0b1eed3c9fdaf5ac836fe8b62cfb016c8e3fcbfbf70a0","268;272;351;361;372"
10967,0.605302,-0.031010,0.332313,"5e02a6a68336de41a5c69f9749eb3acefde5eda71cc19bc2d2e7cb87af672956","272;275;289;294;337;351"
10970,0.606922,-0.049557,0.329824,"5e1a82be81345e12b1c6cf854beb33dedce5fdc70cc393a8d2e7cb89afe77853","58;272;275;282;289;334;337;351"
10976,0.611529,-0.010606,0.318747,"8f9fec1fb2f0bfbf3a575cb5fd6f9e6f0753b19ff6cc6ef76e3f7ec196d587f9","82;272;289;337;351"
10982,0.624436,0.059674,0.285534,"ce1c94bd2d64100a9c168231e675034bc174fd032845d3a2c1f35a1b907d1443","82;272;289"
10985,0.621500,0.092130,0.280567,"a7fe979febdbb6ecbefad37ecef6eff7fdf7ee6275f7ebfbbc32cf9f8a7fa5d7","82;272;275;337;351"
10987,0.621321,-0.009711,0.316552,"8fbeac13a23dbd971efb1ef4dd66deaf075bf71fb55c6f726c1f7de4cef589f5","66;272;282;337"
10998,0.619415,-0.063597,0.337156,"9dbcd327937347fa76e6e6144b638bf5734e88aa7dd73d3ebac70705a2f52664","66;272;275;289;337;351"
11002,0.610234,-0.066855,0.329657,"36e9de5c4a8328e8aeb0e00b70d36512b8fd7be002438b7d19a8cd2e1123228a","58;66;272;275;282;294;334"
11004,0.619136,-0.068719,0.338534,"380ac5b5228aa95336ac52e2b10381d97abc268909d8450cc4e3fb8027a016a9","272;275;282;289"
10444,0.674005,0.087847,0.223966,"c6dde192d52ceea7399a3952fc7a1d01ffc317e3f06c08efbd1edf868573e129","82;268;272;334;337;361"
10449,0.678047,0.122887,0.204756,"e92fd045ed1f4e3b71a6be0ccb23d7b61aeeec2cecfae58eaefb45336bf44a0c","82;268;272;337;351;361"
10453,0.683861,0.013915,0.239512,"82952499f5a7b8621d5956178c3c3641ef0b9311b29803d50f129ac2944c11d3","66;82;268;272;275;282;337;351;361"
10466,0.702410,-0.119106,0.254892,"4605a3c69d649403cbc38b18cefc576e817779111c61b3c2b9741e1b806e9546","268;272;275;334;351"
10471,0.698028,0.126099,0.186695,"4b32bf856adeb9182efc56e5fcde82e6b67dff1d85d0b7dd4e7b6b830e840ff5","82;268;272;275;282;351"
10472,0.692481,0.124952,0.185891,"4b3375e1295e79182f4c56a5dd9f9664a61dfd558598e7d0c7f92ac326840573","82;268;272;275;282;351;361"
10477,0.730062,0.257032,0.004103,"5ab5f67c39565fb9b94eb42d6efd9fb79777dda1ed43b8cff37f0d9f4e646e7f","268;272;275"
10478,0.731956,0.260526,-0.009490,"bf3a6b61ed7ff3d06d6cf7fd8b1d97bcee94df7f9db775a2575d21d7efbf5ef7","268;272;275"
10483,0.710604,-0.116061,0.237696,"0884a6b1857eb58796b702139d3d524ae967331114f8b3a26d675e41c35c95ca","268;275;351;361"
10484,0.723023,-0.119492,0.247314,"52e9aa5099d40087cbb58c0882b06666c15ee8105a4bb2e0bb34967b82008d0e","268;272;337"
10487,0.714535,0.183796,0.215019,"7c343c76096f515833b6a5085f570b1b99d4cd222867fb18d3db713972e94e62","272;275;282;337;351"
10488,0.715380,0.184124,0.216128,"b870586c294f577831aea4195f1b011198d4cd626827581ef3d9613962b94602","272;275;282;337;351"
10490,0.697937,0.053256,0.205968,"3149429c4c90cee6d508d0423188b5e048ea16cdce2b46bd30289a181d98788c","66;82;268;272;275;282;337;351;361"
10499,0.714093,-0.086254,0.225938,"4a10b29469d4b9120b5d96378c9e764ce615bf91844fb3c0177bda8b06042d57","82;268;275;289;334;337;351"
10505,0.733204,0.249960,0.042439,"c9ac784c38bc3b13ee400f10bcd3d27007265808a60db75fee3d00180e820b28","268;272;275"
10508,0.727730,-0.161555,0.228830,"34accebedc03cee857b2f24a73e8394159ee37ab78f3cfbfb8aee514b5f87000","268;272;282;289;361"
10509,0.726875,-0.161701,0.228434,"69b2c79d5d5fc1f85efcf64efbe0dad559eceea9a9fbffdd5c27e78c3f2c7ef1","268;272;275;282;289;361"
10510,0.729283,-0.087138,0.221159,"bd5a6bc874134b7055ec75e6534db7257ea816eee9b62c9e7289a1a07fbb74f1","268;275;282;334;337"
10515,0.712648,-0.107650,0.200588,"f54be9650e0a4f9842a2b2ce5300d12a78c46cfec876ed0a7488a5b4a5bb5020","82;268;272;334;361"
10518,0.737357,0.250057,0.019565,"ff1b7d48fb765b5a617cff3c1a9e86f78695fcfe9f03b7b4727920df7b97ae77","268;272;275"
10520,0.727394,0.241752,0.064525,"7778e87014fe588273e1a48d029c573891edf5158efef4205b7f9173ed855a56","268;272;275"
10522,0.721016,0.066696,0.180579,"9a896ffc97c0bd678540dc22383f3461eab397c1788b22ff737b9e833708b5ea","82;268;272;275;282;337;351;361"
10524,0.714540,0.065987,0.176642,"b2cf6ede1e809de79414d49721cb34416abb1bc1628b02fdf0e1aa993508b48a","82;268;272;275;282;351;361"
10526,0.715706,0.065009,0.174844,"9c5d77f7a6627fb735425f12dd3f306977df35aaf19c39aee7fff680a6f1a170","268;272;275;282;351;361"
10527,0.729861,0.234018,0.106890,"2fbf797bfedfdbf81f7d74edff5dde319f1b973db77a6eff6edf2dfedf8c47f5","268;272;275"
11010,0.623615,0.000182,0.310511,"64be979ee9c507ccbf9ee06ce6f268ded962ee522b4bca73b896473a9873a6d7","58;82;272;289;351"
11020,0.619708,-0.081346,0.331729,"7a7172e86d77d85a096cfcab0f9fb6b4ee9dd7f58c23e0d053d98abf578e6fd7","58;66;272;282;289;334"
11024,0.634564,-0.026391,0.303470,"5e5ecab602221a02b8c2cbe769ee375af6e5fd870cc796ead0e7ca89ad772952","272;275;282;337"
11034,0.637638,-0.146779,0.332374,"22106499efd2b8418d5b51b3081cb6cdcf19b38596be66d5067adac3170cf5d7","275;289;294"
11035,0.621813,-0.081856,0.330830,"3a4562e8d753fe565106fc0b0b1d37947a9d97ebccb234ce777d908377fffeca","58;272;275;282;334"
11039,0.648587,-0.149892,0.338375,"a7146483af7398084df095b6c80cffefce019f35bf256fca0a588ab797cf5d55","272;282;289;334"
11041,0.639562,-0.036141,0.304838,"153dba31b4fbb242fee01a23b7b87720aa6b5a5597f91028ca4d2d73cd695b86","66;82;272;282;289;334;337;351"
11043,0.646168,0.002566,0.300001,"63e9be985b9999c6ae958488acae76b28671fb5d164ba67199130ffb94040f66","66;272;275;351"
11046,0.643015,-0.189599,0.346702,"4b327ae06fddf952ad7db4bf8d8ed6aeee91df9d872be0c0d6d9bafb0f8c6ff5","275;282;289;294;334;337;351"
11052,0.636736,-0.188843,0.345542,"4b107bc16dddf953ad5db4bf9c1ef62eee91df9d872f64c0d7d9babb578c67f7","272;275;282;289;294"
11062,0.642344,-0.033297,0.288557,"e36bea146418ed45f8ee768d2388d73b8c6c664de4fea648261874a945bcdacd","66;272;275;334"
11072,0.648353,-0.108220,0.324420,"a6cd60daf421fee71903799b68693d04dbcb17e774365cea2e1e85aaffffd084","66;82;272;275;282;289;334;337;351"
11075,0.645005,-0.019585,0.290587,"439b8593ab38bc8f2f791af58c2edeefa747fd959758bff18c56dfe68e54895d","272;282;289;351"
11079,0.642140,-0.063549,0.303058,"099d93f913ce31173c494a44be9720e4a73b1a181398316fe9f71a428a00a13b","82;272;275;289;337"
11080,0.647523,-0.058277,0.300297,"e3595e54619c7437f9ca664c2e9a37f3a466604ce5fd9268377a540a4830ea1f","82;272;275;289"
11082,0.655062,0.006439,0.270518,"4f72f9e7663e7f9879ee77ed5b7fdfbebfddf5ee8df4edcad6ffe18467f746f1","66;82;272;282;289;351"
11084,0.651551,-0.059791,0.304971,"47fe099732adab383cca59e4fc469f25362917afe5906c5da412aba20ca60375","82;272;282"
11091,0.665127,0.013401,0.280250,"9e1a77d466d2ba52bd8456e22cdea7ec66f9b7c3049726ec1663aa8b27b52d85","272;275;282;337;351"
11094,0.642189,-0.079454,0.316391,"0b7076e96f56f858afed77a71d9fb6e4c61dffa58497b7d047f9ba8327866dd7","66;82;272;275;351"
10533,0.744957,0.253157,0.021650,"ef3f794ae974dffe697cf4fd189cd7bf86dff5f7f54bfff4737920ff4fd5ee77","268;272;275"
10535,0.733356,0.237003,0.100418,"5a3abe342bdc1933afdd96adafbfc2fea6b5fd848d49b3c1dbf37a9b2a840f7f","268;272;275"
10538,0.739760,0.185006,0.145685,"f8bc387289fd50ceb33fa4193fdf429b81f3ed102a6fda33dbdb557bf2494e0a","268;272;275"
10543,0.745267,0.186952,0.149427,"78b9b87aa9cd55dfa31dac293ff7421281b3ed101a2bda31dbcd347bf2c08e4b","82;268;272;275"
10547,0.741363,-0.183823,0.189528,"2b1276e86d9ff8590f7df4a78c9fb6edee9dbf9586fb63d016799afb1f8c79df","268;272;275;282;334;337;351;361"
10549,0.752870,-0.161922,0.209189,"29b3ae9d7ddfb1789ffcf6277cfca2e6fdfcff2485f3fbdd5f73ebb7532c5eff","268;282;351"
10550,0.741730,-0.124971,0.192865,"fc4d60868d50d6bcc5f69f0fc9ec7f4759c6efe7cc63ffaaf35bc71d37ffdc56","268;272;282"
10552,0.745164,-0.165268,0.195087,"1b9178e1e61cfc752d4cb6a7bd0e9670ee939fa5dcb865c4f6d9ae81678effd9","268;275;282;334;337;361"
10553,0.751563,-0.166703,0.199627,"4a5370e16658fc152d4cfee38d1f96f4ee91dfedc53065c0b6d9aa832f86cfd5","82;268;272;282;361"
10558,0.746294,0.076224,0.163373,"8f0666976732a83afdf257f6486ebfef77c5feafe5d52fc6167bdb87afe539d5","82;268;272;275;282;351;361"
10562,0.756345,-0.088160,0.181085,"8b9ce8f3b476ffbf177f1e16d93dde617f56379db27cf9ff6fdff7c4a7d8d57b","82;268;272;275;282;337;351;361"
10564,0.756061,-0.158681,0.174739,"0b3272896dddf950ad4df4e78d8fd66eee99df9d872be4c0d659bae81f8c67fd","82;268;272;275;337;351;361"
10569,0.763935,-0.155940,0.183814,"37ace7ffec03cee85fb3d2d273e91c49dbef7faff8f3cfff3c3edfc485f8f080","268;272;282;361"
10572,0.747546,0.013386,0.162736,"30c860dc1c81c6f6c400d0423388b02048e8164bcb2f06bd3008a018359870a8","82;97;268;282;351;361"
10573,0.765715,-0.155760,0.184956,"7b3276e96d1ff8582fecf4ef8c8ef7d4ee9dfff58d33f3d096f98bee1f8c6bd5","268;272;275;282;351;361"
10576,0.745355,0.013403,0.160971,"b1c544cb1e03cdfd5611d15e5349b8017b801628ea264f97788ab4fc358ad088","82;268;272;282;337;351;361"
10577,0.758876,-0.153065,0.179740,"2b32e7ed6d5ff8583ff9f767dbddd66cfe9dff1587f3ebd157fbb3c62f8e74ff","268;272;282;337;351;361"
10579,0.733823,-0.082938,0.165411,"9fddeed2a7f49ef4995f1db748febee7ef73b5d7ff433ee67b5f8fcb97f7bd57","82;268;272;275;282;361"
10585,0.760923,-0.086579,0.174484,"03b81ad965a5b8571e095852bc9a6060ee3b1381139812c305149aaa1408b18b","82;268;282;337;351;361"
10588,0.763225,-0.124204,0.176719,"87eff6dffea6feff1fb35bd2edebfd69ff7f37dff2fc8fff6e7fdf8487ffe989","82;268;272;275;282;337;361"
10599,0.767000,-0.000451,0.155152,"c9d01cbf28451dbd8e7b9330fe1f0863c511fd03490d5bb7e1f3fe9e1218811b","268;272;282;337;361"
10600,0.752206,-0.000178,0.150212,"cd8155c1ea2b6db91732375a5b63d8fd77843efe39546dd61eea61e4b681c020","268;272;282;361"
10603,0.760051,-0.000349,0.152352,"03ccd0c5723f69523ba23e0a1da3e470273d17088198b8d947ac21a4bfe043a1","268;272;275;282;351;361"
10605,0.754402,-0.018311,0.148919,"424ce69c4764bc628d42da832cbe354aeef1b3c380a712e8133eda8b057d21da","97;268;272;275"
10607,0.773888,-0.027250,0.157609,"248010facdcdd0e80f31b10a46f87c08d991a311102a5b959dd7517fd10b54a2","82;268;272;275;282;351"
10610,0.786381,-0.019582,0.135265,"846892984dc0a2c09e96d01284d2614bc86902d3227792e215109b2a80393582","82;268;272;275;282;351;361;372"
10611,0.782530,-0.019023,0.133392,"02a0909196a3b8431e315a138c026848f30b139112d801d00c049ae69448b182","82;97;268;272;275;282;351"
10617,0.787455,0.001556,0.136288,"f6f6dbd2e670b6d83b5b3d774cfeedfbb34a9572a747aae23a0b278f8d7fff97","268;272;275"
10626,0.765178,0.244233,0.134786,"dcf8bcfbad5d559cab5db41d9f5f4a9b8dd3fd53de6ffbf1ffd975ffd29e8e5b","268;272;275"
10665,0.870430,0.171674,-0.167675,"bc606c612c5f4eb851b2b518d34d9d3959dc556a68767d9cc7dbe13577bb5a20","97;268;361;372;395"
10671,0.831925,-0.138624,0.092120,"6b30f6ed7f5ff959bfedf6afddddb6f4fefdffac81f3f3ddd7fbe3af2fac6df7","82;268;275;282;351;372"
10679,0.905116,0.036451,-0.227917,"d1d17a2e024097e97042e13075da2a7272d924e35d079e63f0ab6a087923ab92","124;268;385"
10683,0.904504,0.025543,-0.244998,"12f44e434207fff424362f8759071e113f8553ee60911d5d760bc1446fb3ab90","97;268;372;395"
10687,0.882575,0.179060,-0.148898,"15057145b45f6f3875e8fec4d33595643edc4c6ee9b0650ea7fe25846ffa4031","97;244;258;268;361;372;385;395"
10688,0.888723,0.120712,-0.174876,"43a8ef1ecbdcbca7fa53a21920be1672a1c77884b74bb7631b2e544bc904ea5e","258;268;361;385;395"
10700,0.885698,0.100491,-0.177660,"d931fd65221a7d3438c206a4ff2793fb3677fdaee1d4b54ae6eb678026f40b79","97;124;268;361;395"
10701,0.917432,-0.000076,-0.239738,"19bccf1712fb613776e56e96b3258241696ea20c39f8753f6ca774416bc8c4f8","244;268;372;395"
10708,0.898834,0.072759,-0.185551,"7c27ac34ad7dd527a9fdbe19872d5a1b8846ed1d5c69e300fb717471c2ccd642","97;124;258;268;361;372;385"
11815,0.393898,0.064391,0.378955,"5eaba6baabd19ceebf9594a36cee6ecfeff3ef91164b8af1ba73dffb9754ad4f","282;289;294"
11356,0.518254,0.133590,0.415820,"22bfa89afdd995cf9e3d1439ac9c4684891bc311566acab72d151c7bd00c9fcf","58;275;282;289;294;320;334;337"
11357,0.511282,0.131657,0.406061,"2aec22baddddf6e6df4d4c1ba2ec3684c96a83456eba5abf6b579e2b531cfcce","275;282;289;294;334;337"
11813,0.404394,-0.006192,0.351456,"21605b41625be04069a070081a9bc5b02a9d42f801f6b04817980126618147a4","51;282;294;303"
10370,0.636336,0.073078,0.267917,"d4cf919e942b66ec1e82e952e662294179e60a6a7864086fbca6470c987b8000","82;268;275;351"
11105,0.665671,-0.023722,0.274692,"eb1075e37c5ff9782dd4b5a6dd5fdedffe95dfedabe27fdddff9ebd42f8e77f9","66;272;275;282;334;337;351"
11109,0.668337,-0.171796,0.302689,"94cdeffe9fe6cfeed796de1271eb394379e63beb79e73efff9efcf0db57bf462","272;275;282;289"
11114,0.658360,-0.168711,0.295309,"7832fffd1f57517957fdd6667afda2e47cfcff8189fbeb9ddfe3e3cf3f2c74f3","272;275;282;289;337"
11116,0.668224,-0.172830,0.302358,"7a32ffed6e57715937fdd6e65bdda2647efcff8089fbe79ddeebe3cf3fac7471","272;275;282;289;334;337;351"
11118,0.662203,-0.171523,0.296936,"7b316ee96e9f79592561f6869b9f96706e9dffdc8bbbf7d0d7e9a2c83f8c72f1","272;275;282;334;337;351"
11121,0.699875,0.231793,0.120663,"5b1dbf75a36e3d37a8ea0e0cfe3702f3a777fd2cf1c9b10ce1ff7d928af4837b","272;275;282"
11143,0.674165,-0.075305,0.268772,"02ce629f7793bae61e0558a3ecee36c4ff2b93d5a6b80eff2c368ac3150f3dcc","66;82;272;275;282;289;334;337;351"
11158,0.687249,-0.078355,0.249438,"155d4fe3a60b6fb464c29be67361b96137c23c6ee9a12d2ce08ae580adfbf029","272;275;289;334"
11159,0.695210,-0.169093,0.275938,"79b2efdd7c5f497957fef6e67bedbee55fecfe2ca9f3ff9d5eefe58cbfac5c71","272;282;289;351"
11163,0.697017,-0.116906,0.251638,"42149db64a24b8368afb5b72f4bf4043e5773783915adae05d00faaa0062a13b","272;275;282"
11166,0.748020,0.189869,0.160993,"78bcbc7ac9ed51fea317a4193fff421b81f3ed101a4ff235dbc37479e2c08eea","272;275;282;351"
11169,0.759851,0.192255,0.165621,"f8fc3efa09ed51deb31fa4193fdf621989fbdd002a4fba33dbc3743972504e7a","272;275;282;351"
11172,0.715842,0.178551,0.139424,"78b8b87a99dd52cabb3da419afff4a9289f3fd100e6bdab3dbdf157fd20cce4a","272;275;282;351"
11184,0.719253,0.080897,0.177032,"d9cfce9c96822ff7f69686e62de2a3c762662acc60c906edb822ef8024f0a928","82;97;272;275;361"
11186,0.725257,0.081508,0.179421,"12cf86959480aee7be024ac2ade26040636b2ac372d982ffa8a68f00a570a108","82;272;275;351;361"
12237,0.407879,0.017771,0.363083,"f8ff9324b94e57fe33eca62d1eb7421614feec62794bf02ef9b4053e62b1867b","51;58;289;337"
12230,0.393571,0.046810,0.377093,"6d33f965a42e6b1169e87f6cd733d93a16447c3e99b0f108c7fd6194c8e34221","289;294;334;337"
11192,0.741225,0.060238,0.164052,"d6d164c3cd0decad8f39b322cc1eaccbeed3fff3d3694bf5bd92cfd6151cc139","82;272;275;351;361"
11205,0.766902,-0.127140,0.191655,"a6edd5defd27eeef1bb3795a58fb3da1f9ff33ea71f6dbff3fdecf24df7ff880","82;268;272;275;282;351;361"
11208,0.748086,-0.161001,0.182214,"7e187be1675dfb506d4cb40e9f1e97f4ee91dfff892375c0d7d9aaba6faf7ff7","272;275;282"
11212,0.769009,-0.024861,0.156070,"bc60f9e2ad4dd7d846a0b50b535d5900d9d84773ca2679927bc9253cd7fb5462","82;272;351;361"
11215,0.749970,-0.085694,0.170136,"0bdd6ef3a7f4ff978d5d5eb77dffb667e77397d7b78826e26a5bfec3afddfd7f","82;272;337;351;361"
11216,0.774328,-0.027693,0.155363,"bc75e160e44fc7dc53e2344a5379ddad19dc156be9767d8afdcbe53477fb54e0","272;275;351;361"
11218,0.729140,0.064972,0.101160,"9e12cabae6308bd8160bd5f651cfba487fd897fbba860ef350e7eaccbffbb891","272;275;351;361;372"
11232,0.784558,-0.019727,0.134073,"14699ba390a722c506814a0294836140783a0a101a98103ca9841640801b302a","82;272;275;282;351"
11233,0.778692,0.024074,0.122045,"00cc8c9d04200ca614034a02f0282149d1020280209041bd8126d20010583008","272;275;282;351;361"
11243,0.872672,0.121858,-0.120688,"5a32f444235a581079e0b6e84f3fc6b4b6d5fd9085d0a5c09bd905836fa44f37","268;272;361"
11266,0.858080,0.174942,-0.060810,"eae624becdb5dc4f931fad1de2e95e96c98afb1d0e6fcb93a37f9c3b525cdace","268;272;351;361"
11269,0.888528,0.115227,-0.084784,"d7dfcebfae2a6efe3fa6dbf7e5ea9b40ffe77fe7f4d5cfeefc36ef80acf7b951","97;258;272"
11278,0.714298,0.208221,0.378502,"ece32d69a85f4eb80339b1d8c36fdcb3ddd4ec7afb62eb15afdbe5fd52bbce31","272;275;282;289"
11281,0.699626,0.196328,0.358090,"aff728abbd0f5fb81f7dbd5ddb495a00ddca5f6ffa225bb7efdd85fc5a9fd051","272;282;289;337"
11295,0.937928,-0.155931,0.057224,"0a3038f92dddb912ae5d1731bd9f626a8639ff11920c72d1c7d93acb120005fb","268;272;275;372"
11296,0.931629,-0.047576,-0.122795,"35474125b00a4eba74e87ae4d32391f056cc14ece990450ea4aea5842cf25221","97;272;361;372"
11918,0.422582,-0.089116,0.498588,"fad77ff43ddfff7fbfdcbfaf6fffb773fff7ffe7edeb3adfffdb6f9307ee6fff","58;282;303;337"
11937,0.424915,-0.042646,0.493700,"7252774633465a3c51e8b36f7a3d8531b4f5fd64adc719ef337e10926bb7765f","66;282;289;320;337"
11942,0.444709,0.029543,0.488473,"63722b0868759554494e54ed189ce72d9c199777c507b6c0435978bb4b1cbff7","282;294;320;334;337"
11943,0.441733,-0.067235,0.494707,"ef7cf9fbad7fdf9d1ffefd3edf9fd7fcffdfff9beb76fbf2f7d9bfb79fdfdd7f","58;282;289;294"
11953,0.436104,-0.012374,0.503290,"1b54472562336c7a357242e6792699bd3e8816eead94359d164af1842ff522fc","58;282;294;303"
12636,0.439746,0.068221,0.332097,"fadee41f937657be35efc6b763760ef571c6eda6acdd7d2feb67d5d323f5fc5e","294;320;337"
13011,0.401578,0.014644,0.367418,"ad547b6f644f671875aa7700fb578974187c176ae1b4792e67ef210063bb44b3","282;289;303;334"
12231,0.398900,0.047835,0.388266,"6d23f965f40e6b1061a87f4cd323913016cc547e99b0e108e6fd2180e8a34221","289;294;320;334;337"
11556,0.597999,-0.147285,0.397259,"53327be97c0bf8592d68f2ee9d9f9460ee9d7fad81bbc1d0d6fdaa920d886939","66;275;282;289;334;337"
11559,0.590589,-0.136448,0.380556,"67def8feec28febc1b7bf8fefdefdd78ffdf3f8fe366cbf3befeffbe97ffd139","275;282;294;334;337"
11571,0.592625,-0.149163,0.380316,"bfb77dfbf6fbffff5f7b3df75b7fdc217fdb17bfbff86dffeedfaff4ffcfd0f5","275;282;294;337;351"
11573,0.594230,-0.163500,0.391062,"3b737f692897db58adc8fde5999f9632ce9dffe5cbc3e3ccf3f9ab9a4f8667f3","66;275;282;289;294;334;337"
11575,0.592574,-0.163363,0.388377,"59323ae12c0fd9733c68f66d9f1f9060fe9dfda1c9bac1cad7edaa900c80237b","275;282;289;294;334;337"
11576,0.605430,-0.085781,0.345727,"144d1bbf34c66f7114005b42f5f72140587a13eb4198593fe5a6ab0034fb35a0","58;66;275;282;289;334;337;351"
11578,0.586803,-0.207405,0.388511,"6d759165e50e661879aa3f48de7349be94dc6c7a89f0d90aafff6534caf34221","275;282;289;294"
11581,0.589780,-0.208630,0.390200,"6d7d9245601e661079aa7f48de7385b6966c6c6ae9f0d14aa6fd61104af34a21","275;282;289;294;337"
11584,0.595131,-0.215458,0.391855,"327de04557dfa66703e0f8af223c56002cfed7c1ccbad52d370c9cb36d1cdede","275;282;289;294;334;337"
11589,0.594237,-0.212093,0.392268,"287d605755d9e62761e57a8fa3ac16942afec345ccbaf42d277c140167dededc","275;282;294;334"
11593,0.590659,-0.164497,0.384282,"013278e1748f791364697664b703907076b9179c83b86145c4ad32c02c8060a9","275;282;289;294;334;337"
11594,0.591461,-0.183205,0.381492,"3090396d2c4fd33b46edbc2df33d12009c157d2199287b1dcbcf31f5790a567b","275;282;289"
11596,0.592121,-0.219623,0.392256,"21cf600f7c9fcefc466cfc4fe3489e8058ca166fceba4dbf2e1ca5b45d9e5acc","275;282;289"
11599,0.593103,-0.218450,0.390618,"36a7610bfc4bcfe816e5b9abc36cde0059c8c77fde326d9f2c04a5fdf5bfd6d4","275;282;289;334;337"
11608,0.597702,-0.216079,0.393989,"32f92005578db6673569f82f223c16006cbad341debad0ad374d9ca26d1cf6df","275;282;289;294;334;337"
11619,0.595893,-0.185479,0.372940,"7cf13be2194553fca3edad091fdf4a30bcddddf24a03b8a5fbdd057f6207667b","275;289;294"
11623,0.672650,0.120381,0.200555,"7a32e46c2d5f515853fcb42d4bbdd6bedc9cf5048d6bfb9d5bfb71bf73ac7e77","66;268;272;275;282;337;351;361"
11625,0.620383,-0.208328,0.361319,"20af7349f281ebf72b057ce030c7a4347eba02d813ba207f2d0c24685182e6ed","275;282;289;294;334;337;351"
11629,0.616957,-0.208744,0.361207,"05a26941641feb98647817c4d114dd241f0416ee81b06d5c4408a1844da352f5","275;282;334;337"
11633,0.612548,-0.191564,0.386320,"adfb7969748f4ff850c87c6c735591305ef8167ecbb2683f6f8d25a87fba42b9","275;282;289;294;334;337;351"
11636,0.630532,-0.083338,0.340294,"3a6472e86f7dda520924fdab0f9f36b4fe9dd7a78c3260c2d7dd8abf778f5fd7","275;282;289;334"
11638,0.628281,-0.214356,0.370615,"23bcf219d7b9b0475f43787fa89876acbb2b8215973e16f30e1c126bdf4ceb8e","275;282;289;294;334;337;351"
11639,0.613823,-0.208032,0.359607,"fa30386809f551438175a4190a9d46be8c93d1110e2ff290d3d9107b730cde7e","275;282;289;334;337"
11640,0.630218,-0.196027,0.412870,"01037145348be93364697a62930594647e24168c81b8654c44ac2280658a61a9","275;282;334;337"
11644,0.638474,-0.039354,0.294422,"4e2ad34cf3e03b52a38c7ca029a7e55e66ffa7d8009aa6e85eb42289a3e527e1","58;82;275;351"
11651,0.608097,-0.200645,0.349654,"78fbfa60b0c957f563adbc2837d34010b2fecc505a2ba828fbcd2579e082c62b","275;282;289"
11658,0.602630,-0.186120,0.374971,"31437d65240b6f3964aa7e62d32191305ac4766ac9b0650c66af618465ba50e9","275;282;289;334;337"
11864,0.438846,0.063734,0.334115,"13204e81149be8475e61d2c6e30896a8fa0c7a1d8df855dd844a9a406d0c598c","66;289;337"
11875,0.393901,-0.065838,0.513503,"42b79f7ca8edb53fbe7f147decffee0b8773ff01f349aad12cd37fba987085f3","58;282;294;334;337"
12272,0.238474,-0.107769,0.585836,"28f939fbbdcdd5ef5e5de408b6dd6220c93a93514b2a7237efdf147b5018d4fa","21;41;289;303;320"
12293,0.256341,-0.099736,0.575818,"1dc49de9142f4b985623ca52d373196059cc3cfa2994593fe1efa554b8fb4020","0;20;21;24;31;41;51;289;294;303;320"
12299,0.608383,0.088357,0.319697,"84be861fd98f27f8b6b2ca59e0f04877797e6a3362d3db3f3d26471ed07ea486","66;272;289;334;337"
12300,0.267948,-0.065459,0.570063,"1f1c79e517be7b103de06f86dd5f136d363d3bef819075ccc7fbcb00afa703f0","24;41;289;334"
12307,0.287025,-0.011223,0.547332,"aaae8756d9a4acc7bb9fe0dd28ee459f8d6be39422decae30d365d2ac354e6ec","58;289;294;320;334"
12309,0.289221,-0.056911,0.562268,"ca377be5f272b93339c457f56c3f9e75b61f95b1b5d8a5ce6e79bec3aec4bfff","51;289;320"
11816,0.392832,0.064597,0.378420,"5aaba6ba0bd198e8af9595ab6cee66c6eef1efd10e4b8af19b77cffb97072f4f","282;289;294;337"
11369,0.532024,0.096659,0.430575,"23a8a61acca988cfdeb3880be0e87e0ac96a7b1d966bcf710c1e9f7ddd4cd98c","275;282;334;337"
11374,0.534178,0.095615,0.433719,"29bf2a4d39dfb17b77ec7ead5adda6a49c3efb0597b9b71f6f7f21d3428c5cf7","51;275;282;289;334;337"
11376,0.523564,0.078666,0.414294,"f2aaaebaaaf19ccfbe1794b365ee625aeff3ef913e4faa73dba3fff99050ad4b","275;282;289;294;334;337"
11377,0.517860,0.077198,0.408315,"92ee8ebf8aa63ece36b7c2f3f5ef004bf5ff6d8728ddcb3df8e3ff90a471a10a","275;282;289;337"
11329,0.899230,0.050922,-0.031793,"8186dded740a6b3b74a27274f1239060734c26aca1f8450eecaeb7846ce871a8","82;258;272;275;351;361"
11330,0.899083,0.055714,-0.028580,"990ac655b5ba681375256690cb2292fc53aeac3cbcbc658fa6ff9041e68c480c","97;268;272;351;361;385"
11344,0.945904,0.239767,0.036993,"1320e7df4e0be95977f3d2d2d1cc9c6c7fcc7f8d8fd6efd5146adb8cadac70a4","272;275;351"
11423,0.550452,-0.038422,0.420880,"6924f967744f7b12746b7f18d337903015de171ca9bcf10fefef30c0e8824273","51;275;289;337"
11430,0.576768,-0.012001,0.394268,"5201f6ed360aea207da0f282cb2b15527ac57fabc8b3c5cc96faca0425aa7100","66;275;289;334"
11431,0.556414,-0.011519,0.370578,"722146ac5e0a68486da0e302038a34527a856ea108b3c1cc94a08a1165087300","66;275;289;294;334"
11432,0.545414,-0.066493,0.406939,"fcfcbffea9cf55ecbfbaa618fef74873b1f76c2229e7fa3ef9f3473b42700733","66;275;282;334"
11443,0.566174,-0.013583,0.378846,"df4deee7a61a7fb875c2ffa25b6f9f637ff53defe9f56deef2efef8427f77071","66;275;294"
11446,0.545278,-0.068440,0.411289,"d8bc975e09ed11cabfb2ac18fef740ffa177e810234fba739bf2573b0260072b","66;275;282;320;334;337"
11448,0.542436,-0.067688,0.408406,"50399f7e8ac935ceae93a228fef7407be3f7e810134bba71dbf3577b8010a73b","66;275;282;334;337"
11457,0.579991,-0.031607,0.395374,"76e1d4e57c0be8c82bb0f08adb2b5d527acd7fe90872cdd89ef8cb3435a85280","275;282;294;334;337"
13451,0.416423,0.026979,0.497480,"0f13f961b61e581969e837e1dd1f9d38969515bd959065ca46dda986afa6c377","41;51;282;289;294;303;320;334;337"
12652,0.612545,-0.031618,0.337222,"5c1e8abc89345b12a1c6ce856bef13ca4ce6b9ce8803f2a8d3e7ca09abf77c52","58;275;294"
12654,0.596993,-0.031811,0.336668,"db5a7afe6bd45d54b1cef4b53d9fb7fce6f3f5c5ed0fb2ebd3fffe8b2f942e7f","66;275;289;294;337;351"
11819,0.400428,0.067770,0.392366,"52e32aaa1bc11a48af849dabecce6f50feb1efe34e038addd3f18bbb14072f43","282;289;320;334"
11820,0.412758,0.020603,0.355072,"508d9ff5318c7537ac806a00b6b30073a037790861c9906de1fb52000000832a","282;289;294;303;334"
11821,0.410929,0.021338,0.355193,"d4369fb5a22a3d133cbf53f5d527c05b27776d1030dc894acca37fc4a0e0a533","282;289;294;303"
11823,0.408295,0.017747,0.355910,"78ec9e641bdc55aeaaa8ac083fb341b2a0f5fc40684fb22ff9e7353920300f2a","282;289;294;320;334;337"
11827,0.391376,0.046082,0.380932,"3951634d465fe7706568f366731494f47cbc166ec9b0750c37a820806f9a52fd","51;58;66;282;289;294;303;320;334;337"
11828,0.420173,-0.004974,0.344890,"efb4d01eeb7936b87b722dfc7876cfbf37cbf266b742fff31e3a452efff74a95","66;282;289;320;334"
11830,0.408119,0.018067,0.363656,"dcef9824994a57ad33acaa09d7f3411291d46c72786bc92af9e5257de072862a","282;289;303;334"
11831,0.422185,-0.021913,0.341200,"22aa7a5b4af9b946ce5574bf208cf60f2e3ae208863ea6f15610522b578c4fde","282;289;334;337"
11833,0.423091,0.010496,0.349656,"5222caac0a20184a2287caa32def4b58f79ded810c038342d0e7ba9ba5222f4b","66;282;289;294;320;334;337"
11837,0.421553,0.010772,0.348130,"58793ebe0bc01564ac9487296ef7235ba2f1e94248439269d1e35e1b2032274a","282;289;320;334;337"
11838,0.423490,0.010570,0.349480,"522748a392220a0c24a5cbed87070950768f4df51a9acd2ef8a4aad0a4832608","66;282;289;294;303;320;334"
11840,0.431828,-0.004837,0.357527,"16e1abb694c7cfcc1684c08343ef7108f9e913df4cd39a8af9c79f2d043a75c8","282;294;334"
11845,0.430146,0.012100,0.356373,"6c3cbe72ad7f5482f3ffa739c23d5f1b8956ec12bee1fb20cbd35577c27dde57","66;282;294;320;334;337"
11664,0.618567,-0.193375,0.391074,"a1f77149740beff8556874e673459c353e88166ee3b26d5f6408a5a47faa52b9","275;282;289;294;334;337"
11667,0.624738,-0.106736,0.315838,"46ed829fdd81bbe81e854803ecea7fc4f96bb3d706709afb3d168f6f942f35ce","275;282;337;351"
11673,0.623525,-0.216660,0.363531,"4389a7878f362da5eed18ac4ece6946ee6677dc595c9afe09836df9a8c76b17d","275;282;289;294;334;337;351"
11676,0.625449,-0.217245,0.364476,"d28e8ebcaaa01887be17c2b5adaf224be733ed913ecd8375d9e3fed99040ad5b","275;282;289;294;351"
11679,0.621247,-0.149343,0.346357,"de52b4beaa341dd88ffa15e65cfeeb6be775bfe38147aae09ad3efae96ff2573","58;66;275;282;289;334;337;351"
11682,0.625577,-0.151298,0.352199,"d5dffde68e265ffc93d29dce556f396377c73deef943beeafbcbef3cbdf3a151","66;275;282;289;294;334;337;351"
11689,0.666475,-0.019227,0.269109,"3fb578ebfefbfaf91f79fdabdf7ede20ff9b97b19f3a6dd7deddabffff8fd9d7","268;272;275;282;289;334;337;351"
11695,0.679574,-0.009699,0.252501,"e7cdfad2d5f57ee6db9aad1a78ff7d71f9ea33caf0e7bafa6b9fd57993fbf08a","275;289;351"
11708,0.701933,0.052926,0.209868,"2e70b8da1ff593c81f7785324cdd6f0cd91893332a077bb25b579f7f925f14d2","275;282;337;351"
11710,0.687375,-0.122554,0.276146,"c7058d978d66ad039ef38f12dcfd744e71663b9d31659bc2cd36df508c689130","275;289;334;351"
11715,0.728186,0.076370,0.156990,"265a23986cc1ba421d4ed0e7acce3748dee987c7c42e46f21434daab1d3d35df","97;268;272;275;351;361;372"
11716,0.719127,0.179608,0.139800,"78b8b8fa89dd50ceb3bda419bfdf429281f3ed100e6bdab1dbd9157fd204ce0a","82;272;275;282;351;361"
11721,0.733073,0.096208,0.149283,"85cd8d96902686afdab3891270e2692b59e620a27d441e7f2906df34887b890c","275;282;361"
11737,0.753745,-0.085160,0.172229,"931e4ebc2222ba70944ad3f769ceb34b66e5bfe7a48504ed9063ea803da53955","82;275;351"
11755,0.789442,0.002733,0.139684,"60d4bdde6f69b58fda3b393a5678284b9b12222342654b931536701f545ad5ab","82;275;351;361;372"
11760,0.781230,-0.124793,0.175290,"8799ee93e632bdb73fdb56b7fd2cd6ea6747b795b7f82fe22e1ffec2a5dcb9dd","275;282;361"
11763,0.766464,-0.026730,0.153780,"20c4109a4dc5b4ef0c13790ba4d82800c9038203422e5ad535165a2f501ad58a","82;275;337;351;361"
11775,0.823504,-0.144902,0.117906,"6ab2e7dd7d57f9f817fcf66768fea7e4fcfdffa489f3fbdd5f7fef9f17ac7ef7","82;268;272;275;282;351;361;372"
11777,0.822323,-0.144254,0.117611,"6a307eed6d1ff8583fecf6a3cd9f9678fe9dff858cf3e3dcd7f9bbdf178c76d3","268;275;282;351;361"
12705,0.576845,-0.109531,0.381695,"53207fec6e0bf94a6d20f2829f8f14706e9d7fad88b3c5c0d6f88a94678873a0","58;275;282;289;294;334;337"
13736,0.431024,0.021887,0.345922,"437ada1462882df6b98e62ed34a3c15226ed62cc41de806a3424748828b12399","58;334;337"
11991,0.503372,0.102204,0.401359,"03bc411bfbfdabc33f6168cdacc6e6b4973b1294075afe770c141fea180603fd","282;289;294;334;337"
11997,0.512469,0.128605,0.413105,"0ab6b490fbf9b0cfbf3535bb8cfc4e8eaf1be311367b8ad35f171fefd64c8fc7","58;282;289;334;337"
12002,0.749363,0.063509,0.143030,"fa3164e32d585c59237cb1034b4f5edefa85fde3ce23ebd193f9c2b7278e7ed7","268;282;361"
12023,0.601921,0.055231,0.316937,"b58fe77ebe234eff53a2f8fb73e9b9217fe675aef8e30f3fb8aee5bcf5fbf084","282;289;337"
12024,0.569687,0.148184,0.319564,"19064ce5240b603b7ca2f2f6db2190c07b8c6e2c29f8454e8cefe3006ca84908","282;289;337"
12030,0.499974,-0.120565,0.447780,"3130fe3d3e1bc87b77e9f676133896797eac7e2dadfb459ddeef71946da87ad9","51;282;289"
12045,0.579751,0.027938,0.341949,"20a0bdfacdedd1cfde516018b69d6829c91a7311136e72b1cd90d67bd008d4ea","282;289;334;337;351"
12075,0.628789,-0.036312,0.307881,"f67d6d48c96195ee8bd6ac8b426c1f1b89d3cbe368637a527312cd3f557d5676","66;82;272;282;289;334;337;351"
12087,0.666160,-0.024140,0.272926,"7f1079e3665bfb587de8f7ae5f5f9e787e9dbfef89367dc2d7fda38467af76f3","275;282;289;334;337;351"
12093,0.602443,-0.050069,0.338380,"db5a7a7663d47dd4b1ce76ad3d1fa3bea6f3f5c6ed4f36ead3df768b6f942f7f","66;272;275;282;289;294"
12099,0.549636,-0.064821,0.418503,"58b89f7c0acb3169ae95a728fff74072e2b5ec100a4ba311d9e16b59c0222723","66;275;282;289;334;337"
12105,0.634874,-0.055661,0.311435,"727ded84ce6b97ef82a698af123d41032fd7dba1686bd15a7d06edbef578167a","66;275;282;334;337;351"
12135,0.448048,0.131009,0.556866,"1a007ae1075cf8406d45b6038b1f166cee919f858cb834c0d7d99a83278c7dd6","282;289;337"
12160,0.596966,-0.226305,0.431978,"11874becb6826d7f84485ae671e3b0607ea31facd188245ff0adaa883d80e129","282;289;294;334;337"
12161,0.701012,-0.169793,0.279210,"2daecddefc0bcff95ffef4ce7be8bfe15fee362ee9e3efbf3aefe59cbff85879","282;289;351"
12170,0.439727,0.128673,0.534172,"1b1278e177dcf910ed4536a7991f96e46eb19fad853834c456dd9acb2f847dfd","282;289;294;320;334;337"
12173,0.465537,0.134766,0.562331,"bd566ae476325e7855e6ffe75b4dbf407e9c97eee8b73d8e72eda1846fbf78d1","41;51;282;289;294;334"
12186,0.712710,0.206324,0.375396,"cacfecbf78846fbe378fdee7e5e792507feb2fcceadac7fffc2ffe8835d4b4f9","272;282;289"
12194,0.513324,0.104022,0.687376,"472071d86c88e911e942b9c0bcdedd6e66b15f8b9305a6c084388aa886b303a5","282;289;294;320;334;337"
12198,0.544406,0.111776,0.764555,"46bb949eed8896ac9b9b307deeea4c8f8363e6537668caf1acb65f7f9873890f","51;282;289;294;334"
12203,0.474875,0.120518,0.709741,"85319859d7f5b05e5e516514bcd82fa8df1b121997287b570f0f124ed9412997","282;289;294;320;334"
12313,0.263259,-0.236437,0.573923,"56848caf1cabebea8e31db12fdea384079877f9912b94fdfdd268bd4954b7180","289;294;303;334"
12316,0.277150,-0.242318,0.586939,"30aecebdce0bacef3eb6f24689aa624b79cf6e8074fbc1c0bca3ff052578f588","289;294;320;334"
12321,0.266371,-0.233961,0.568699,"8068dad346abea447ea3f212bc8a55c87bed6a9b22f5cde2d48e9f00c5196388","289;294;303;320;334"
12323,0.304416,-0.022697,0.557846,"cd6a9e35a829b482fabe123d9e88430b83656c17a4758a22dc937fb5c8710b83","41;289;294;320"
12336,0.279872,-0.180274,0.556417,"5a7ca7b43de8118683f9922bee3c412f81f7fd11296de3acd9f25f5b863c157e","289;303;320"
12339,0.533861,0.141194,0.356972,"073f5789ec2febd83fe8fae6fceeb560fecd7eef81f3efd89c3aab881deb71f5","289;294;334"
12359,0.286292,-0.162534,0.545282,"ec8c882e792c5298335de11d6fe91a19d9ce65473e67da33d2fd607dcae7ea52","289;294;303"
12366,0.632031,-0.007855,0.303087,"d25b6ebf0a921cb4b50ec6f76d2e2753e6f7edc7eccd13e9b2e3fa832d342c5f","66;289;337"
13123,0.396467,-0.193716,0.515449,"029cebb956a7b9569e435ad3bdff30407f3b1385a29c14ff6507ba80b55831fb","303;334;337"
13124,0.362067,-0.211029,0.524307,"a0a55bfddea9e86f5c23fbd2bd8bfc407b8b5f89b2bd45d3149cba2035c8e1a8","303;320;334;337"
13128,0.367489,-0.160790,0.527449,"ff54e5e6ed7fdffc89fe9c2fdf7ddbafdfd4ff6fe847f9acff5befbe86ffd4f3","41;58;289;303;334;337"
13132,0.355798,-0.203235,0.506767,"a20971cd6e89e8634fa0f0423c9a7400eeb97f81c03fc7d2161c9ba2350871a9","303;320;334;337"
13135,0.378193,-0.143627,0.515117,"eab49430a96d548fbb7fa019aebf4e9b87d3ed10364fd3f3fbd3557fc2548f5b","289;303;320;334"
13143,0.356066,-0.128804,0.542816,"f66d121ed9c116e89b86e00966f22594c9fbea436e4f9a7fb916053b507f2e86","303;334;337"
13175,0.192572,-0.003619,0.612834,"d24fd6b422e23e66bd867aa32da6a1d726f7efc364dd84eab0e66e8325752f0f","0;303;320"
12623,0.455159,0.058361,0.352381,"3616e455323bd03b77eaf2f7427d96687f9cfd25bcf4458e0e6ee1d667ac5455","294;320;337"
12383,0.330927,-0.221391,0.538843,"f5654bd99e8b6eed5fa0f25ad382d16979ec6ef839efc5d6bca0af74b5b9f0a0","289;294;303;320;334"
12387,0.344048,-0.065477,0.531116,"4f331902a85d1f18ab5815edded6ce7c9651fd779701bb70b0112bba0ca78775","41;289;294;303;320;334;337"
12392,0.329820,-0.219647,0.535251,"b4a1c3a9dc6bea695fa1d3dad3eb38407a8c7fbb19f3cfd49ca48b7cb5abf0a0","289;294;303;320;334"
12394,0.327837,-0.218875,0.531578,"b4ec4cb99c2beeee5ea2f2929702104979cc6e7a78fd4df6bcb2ff7435d9d0a0","289;294;303;320;334"
12395,0.357932,-0.032642,0.534916,"54be9e939ea0a2e8ae9f8b66e4f2484ab1476ad212418b71d806af6f8803a903","41;289;334"
12401,0.678430,-0.087149,0.267654,"83efa29dee91aee71eca58e7aceaf3854f6b97c7f45a4eeb2c10efaa1d7cb9cd","82;268;289;337;351"
12403,0.317914,-0.202887,0.489110,"40ebd7bdce8b6cf72d80fac6adab81c86aef6ecc41fbd5ecbcb6f600acd0a188","289;294;320;334"
12404,0.333708,-0.212887,0.517727,"01dbcb8d6e89ed772e49fae6bda2a0406aaf6e8cc3bbc7c5bca4be802d88a1b9","289;294;320;334"
12407,0.339080,-0.217696,0.532693,"10eed6bd962becf67c32fac29dab304b6bcf6eac70f985ccfca27e446df8e188","289;294;303;320;334"
12429,0.606366,-0.012990,0.335550,"cf04a417c334adaf79370e12cc22deaf2147fa9db1dcb7e22d52de4287558bac","58;66;272;282;289;351"
12455,0.369179,-0.207187,0.527842,"a2b3f4fd7e98f87e295df4eba93f9c27ee9bd785a2fae3cd56f8da82478c47df","289;294;303;320;334;337"
12464,0.380441,-0.207015,0.518155,"362cfecd7e3afa6a7fc1fa8e4a6eb7c47feddfb5b9bb65de9e3e8bd6f5e977e4","289;303;334;337"
12473,0.425051,-0.011412,0.482500,"adf64fa172836a7930e071f75543b8117ea913fee5960c5e6c03adc42da2aa91","41;51;289;294;320"
12478,0.399801,-0.199213,0.525932,"0a8d9afbd5f5fb47174d5e02acff32e0f9ab9399169832ffefff9acb964cbdca","289;294;303;334;337"
12497,0.403946,-0.170081,0.503812,"8cb490b3e5fdb04b1f3f75198cdd6a8c991b8210327edad34dd7156fd24c8f93","289;294;303;320;334;337"
12505,0.415406,-0.169246,0.518961,"06b09413e9fdb04fbe3f21198cf64a9ba11feb11367cdb538d165f6fc0448f97","41;51;289;294;303;320;334;337"
12516,0.650430,-0.149059,0.336158,"2ad420d855f5d0e65f535c16281c7eadd90a8211e67e30f70f5f926b574c5cde","282;289;337;351"
12522,0.364916,0.085375,0.565309,"1bd4336807f193e74d41ca02dcfc2ce4fb93ba81c9293fd5394e0a4e7706a56e","289;294;303;320"
12528,0.370540,0.088274,0.577178,"22997f4d0a53bfeec406fca27837ae646e12a3c240a927fd632ed2837792e5fe","289;294;303;320;334;337"
12555,0.312414,0.089860,0.687071,"f6ef8beeb8620feda6aebfb1e1e70950ffffcde27a83e93ff9e7afbdb0f3a6e0","289;294;303;334"
12558,0.271335,0.094634,0.728161,"52227fbc5ac01948a794d0a36ddf69527eb1efe04a438addd3e1abbb35222773","0;24;289;294;303;334"
12563,0.702989,0.196357,0.359244,"2d6f3d65b45f4f397de83f48fb6d11309c445f6ee9f0691cefdf25b442ba5221","272;275;289;337"
12568,0.356487,0.139823,0.645326,"129c37fbfea5b8c79f1bd873b4dd6468edbb1f91b3394af73d169ec29d48b19b","58;289;294;303;320;334"
14575,0.627262,0.072145,0.291296,"b4cc86f785a3e6e7d6b3ea1362e9688b69ee22927efe1b2b39a6d747e179f88a","82;282;351"
14589,0.613726,-0.010570,0.321622,"ceece4df8fe0eeafbeb30813edeb5c4b03737993324ccff76f4fdfe5b654990a","272;289;351"
13765,0.614992,0.159494,0.288495,"09953945711e77bc6d687e44de328474945c566ad1b8794f27fd21464a22c3b5","282;289;334;337"
13769,0.614828,0.159825,0.289937,"49173945703e67307dc87e64de368474b45c546ac1b0314e67ff21804aa343b5","282;289;334;337"
13773,0.661674,0.086118,0.216606,"8230b99b4ae5b1401e535073949e6028e71913910356325145007a68900825f3","82;268;334;337;351;361"
13397,0.416836,-0.006303,0.357760,"37056848dd07dfe84744ed0b424d3f74d8c85beedc237bde733c817c53bf7246","282;320;337"
13094,0.387091,-0.040777,0.519826,"ff7f6ceefd37dff8cbacbd2f4adcbf90dcf5dd6fcc23e8bffadd85ff57ff5a47","303;320;337"
13100,0.337059,0.000302,0.536624,"ce5ee5578b72b7bff1fe1ffc48648f2f1776ed2ef1f4ef2a26227596e7f78775","58;303;320"
12584,0.413606,0.127674,0.802295,"03976249f793ae654d6179e60848bea47e0b92fdd7b82cdd2e1c8fc75f0ef995","58;289;294;303;320"
12587,0.423066,0.124558,0.815760,"ad00f5dfcd74c50957d2d152f2789defd8703a3bb9667f88057ac518d76b74e4","289;294;320;334"
12588,0.455614,0.128547,0.823358,"7548859d2d5ec602c9e2c248971895efc8e47c5bfd6cf5a8817ac2129c2d5804","289;294;320"
12717,0.234014,0.001883,0.551770,"23a16349f68beffd4d6074e23055bca53e1812fed3ba6cfd2c1885e4578af2fd","41;294;303"
12726,0.338159,0.000529,0.537639,"c6dee4578b38b7bfbbff9ffce8fccfaf1776fd06f064efea2e367592e7f5877d","58;294;303;320"
12730,0.127643,-0.083364,0.643160,"50749de7a86f1515a2baab09d737411203357d204841d918e1856534a072073b","20;21;24;31;41;294;303;320"
12755,0.140770,-0.206886,0.640776,"1bd76ee4d316bffc35cedfe759ffbe647efdbfe3cd9335cef3efef862ff6a5fa","294;303;320"
12761,0.122578,-0.129892,0.620798,"5899776ea2c21735a58ce7a07ff7a07536f7ede2599b296df1e2668322a2a67b","24;294;303"
12770,0.254966,-0.099894,0.569518,"785d1d6794ec573760a8ae08f7330173a0f66c6879f8712cffeb645060d2c62a","24;31;41;51;289;294;303;320"
13469,0.395025,-0.005139,0.520870,"34eddded9c434fec17a8f80253e37d4079de6dfa69e34bbff98ea53c35fbf420","41;289;320;337"
13492,0.246350,-0.027738,0.583406,"829c7bd374e9b977bc4f5fb2b99eb6202f3b1781b39c34e7471dbac00588d5fb","0;51;320"
13493,0.380173,-0.206065,0.513360,"76bcd3cc5f6aebfa3fc6fbce6aee37d47bcd6eaba9f7ffffbebe83bc6fef67d5","289;320;334;337"
13498,0.288184,-0.056262,0.555988,"cb5b5715221e3e3129ca56e5fd2693d7266d35eec5d4a548a6fa6a802ef4235d","58;289;320;334"
13204,0.173748,-0.058290,0.614555,"fab6fc358b7f15bf93ffb6bf4a3fca9fcdd7ed30bc4ffb96dbf375d7e36c8e77","0;24;303"
13213,0.150941,-0.167898,0.593906,"1eb36aa1f273bf712de51ff74d8fce003f8dd7b794912dc45e47afc7a7a6afd3","24;294;303"
13215,0.169828,-0.146819,0.568237,"4bbb684c7ad1b93bb2ec1cadb98ed2241639dfa5c709a65d465db9bd3e840ffd","24;303;320"
13229,0.139680,-0.050356,0.643751,"badc66f80fd19c678516b493aa9d3685cab1df816e2f12ddf3d1cabb770cff8e","0;41;303"
13254,0.386106,0.108319,0.554816,"ac4d786e74f3dff0144a7d82795db1201e7a176ee0b0283f67ed208177fb5cfb","303;334;337"
13266,0.366131,0.106607,0.488509,"c3c9a5cf1eccabacce419ac2f8ecbce668643acfc32dbfe3243c8e901d1e117c","303;320;334"
13271,0.343451,0.186563,0.572413,"b53bcb57d40a671176e177f6f32191797aee665cb9f8f52e4caee540eda9d2b0","41;303;320"
13288,0.268071,0.043104,0.659786,"579ac413b2ba2896361552f5ed468adc778fae9496d0cf618c26fec0aed5a915","20;21;24;303"
13330,0.381108,0.143088,0.679530,"0bef46bd159378e797854683ade322446b2a829c26d826bfeed79643b68c39ce","289;303;320"
13338,0.361283,0.141976,0.664869,"9b9e3ffabbf7b9d71f4ddc773c9fa628ef1b9791b3ab23f7db5fbada9f0cb5fb","294;303;320"
13339,0.318407,0.095821,0.701340,"defdd7fe8be017efbf97a9b37cf7687b6bf3ef923a4faaf3f9e75f4bb171a73b","20;294;303;320"
13353,0.316103,0.139953,0.704596,"cabc95d8a9fd5487bfbba418aeb744bf81f7fc103b6ff2f39bdf577a8a508b3f","21;31;303"
13517,0.275145,-0.090711,0.572967,"3c4c2afe5df752c8d702ed0b6ad939d0d9f8abe20aa71abff3f7831b737f7c02","31;294;320;334"
13523,0.389012,-0.151325,0.518371,"8586488bdc23a26b5623ebd2d140f800598802bc3bb64d162c84a344fdcaf880","289;320;334;337"
13535,0.301135,-0.108183,0.547718,"754f4724340e47b861c8fa4c5361993714c44c6ee9a3552cb0e860906ab35221","294;320;334"
13553,0.238141,-0.111052,0.580191,"10581dff2a6d77422e3af948b613257ba6fb7e4241205b79d5a86030507b012b","20;21;31;41;294;303;320"
13036,0.474263,-0.138026,0.469387,"7dd7f466a91b57bcb1ffbea95b750b371fd6fd6ef8c9e9a2ebff7594e6f78659","303;320;334"
13049,0.489098,-0.103976,0.433575,"19953bbc93ccb577bc496e113cbf2260a633bb0053893247f3b71a4b1000addb","58;289;303"
12782,0.373863,-0.040751,0.527822,"787b6e250a42577c21e4ceaf6325835378f4ede2ccd2e508f2e1e59527f6165a","294;303;337"
12798,0.227661,-0.165558,0.581830,"fce46b72d5c549f9739c650853d75939599855fa7af6e8147bc9a56d63827662","294;303;320"
12800,0.203282,-0.222737,0.596832,"44bb9553a82934b7aebb1ffdde65c90f8756ed1c1268cb308ed675f6c2fc8571","294;303;320"
12808,0.209555,-0.237369,0.583740,"889617fb32a7291b161153f2dd47a8c5471b1bb8339c09dd8c82bac09e88b1b1","294;303;320"
12812,0.202927,-0.217756,0.586091,"ccb4b591ae6bb58e1ab796f8d734c98f0757ec19317ce9228dd37f74c4798571","294;303;320"
12815,0.229504,-0.185962,0.585706,"783399ee2969129e8b3dbd39ffb7499a87d7ed020a03ca23d3f530bf927b0e3b","294;303;320"
12819,0.193723,-0.221387,0.600431,"29072bef74a76937544d5f46b12db0605c2a378d9bb8619fc5efb2c0168af4f9","0;294;320"
12824,0.226972,-0.225916,0.576576,"22bcbbd0cbe9b1c79bb7bc3b2cfd661aab3bd311326fbaf35f561f7bd34c87eb","294;303;320"
12828,0.176272,-0.234621,0.606736,"a02079e154ede9515d01711a93197c28789813191b3670d2459892647588d4a2","294;303;320"
12834,0.194078,-0.224930,0.609318,"29c021e97cade91a46215440b30530684818135c923867b145ddb268d68954a8","294;303;320"
12836,0.193388,-0.221583,0.598459,"2c6c64d85da7c6e85796f40b63c9371dd9e803ee6a665abf7bdbc53dd3fd7882","294;303;320"
12845,0.242180,-0.207350,0.578180,"c23a4bb56280b817bcc952f7bd8e8048a63dff9597dc86c7c423bac02c80a3d9","41;294;320"
12848,0.175272,-0.233798,0.602362,"b4476dcf0c5bc6e847a6f5eb63699d0358c027ebec264f9d726be1bd75bb5cc2","294;303;320"
12850,0.302623,-0.108135,0.550059,"c570b755287c3110eafa23789e95c5bfa2557c5a0175b30085d87136c0714721","58;294;320;334"
12857,0.193034,-0.219893,0.592173,"2d33a9a3bc2f4b9852fd1d5fd76d5b0a5dce357f9b70ffb2cd0fadf4beefd071","294;303;320"
12860,0.228108,-0.200517,0.567771,"d04e9ff440066f36b08ee60077a3215b60f52dea68df9028f1a3e60020f0252a","294;303;320"
12862,0.211068,-0.239242,0.583195,"c7028cd9c9f5280a9f37071284b2ef6fc1033a98364cebd20f1adbef90491dc4","294;303;320"
12865,0.241947,-0.236777,0.582062,"a3ad0298ddc1bbefde5178172c983605c92b13d5f63a46ff3c109e6a5d0cfb8e","294;303;320"
12867,0.227771,-0.203325,0.576281,"5c669ea5b2625f10a0a08f23dff3435bb7f55db208c18108f8e72f91a0f32b03","294;303;320"
12878,0.166252,-0.219891,0.603780,"35ff232efc8fd7f856ecf86f72f8af1058cc4667dfb3481f780c25fe793f72d3","294;303;320"
12879,0.265534,-0.201323,0.562513,"966beab4e2823fc6ba8c5ea32d8f634076fd97c3409f84e2f265aeab24f43dcb","294;303;320"
12925,0.364557,-0.211708,0.530442,"038fdaf9f6a9b977be137ad69dabf4486f2b179db3b806f75c1ebac0dcc8a1a9","294;320;334;337"
12931,0.398424,0.190494,0.541023,"110e43bf56a36b731603dbd271e3b0407aaa06ac3bb804dff4a6bac0b5ca30a0","294;303;320"
12940,0.479459,0.151288,0.548428,"1a78f29c77f1b046ff454e272c9a27c4aa2b939106ba16ff16751a0bef042dcf","282;289;294;303;320"
12941,0.476640,0.151299,0.546036,"020f7a9c72f0b846fd455ea32daea6c46ebb879106bb04ff3e753acb05842dcf","294;303;320"
12945,0.360460,0.133130,0.639735,"02ad87b9deafacc79e995872b4ff60046d3b1b9132d802ff2d069fc29558b1ab","289;294;320;334"
12951,0.320225,0.108049,0.708079,"a7fdee1ffd3fb6eedffbf91fe8f8bfafd96ffa77f767dfff3e7fdf3fdd7fd984","0;289;294;303"
12974,0.414903,0.119777,0.785153,"b44d40e3c50b46c44122fb0b43091d98e8ce05d34cb251a0b7d88443635bda82","289;294;303;320;334;337"
12979,0.423297,0.126859,0.827623,"a084bc559c6ec1af52b7e710d3391c4bc956681838fef3064daed654c068f42a","294;303;334"
12987,0.519137,0.126215,0.784704,"18c5734813d3a5e7c515fbb259feace47b9382a051b92cd739c603477782a525","294;303;320"
12989,0.525815,0.132231,0.786675,"aa8e4c3d6a837dfb941674b56103225b4f63a3a660cf427f46a3fa8131806edb","294;303;320"
12991,0.563580,0.139467,0.847815,"875c2b93d4e6afe77cc3cf56d472b16d75661aaff1d57c6e3526de048871b174","41;294;303;320"
13743,0.438232,0.015656,0.333777,"f4edc8a6dc4347ec92a6ac8b53654b1359d649ea6843da2efb87c53d317bbe32","294;334;337"
13753,0.438157,0.109562,0.337928,"4e3e8690cbb4b843bb9709958cee478ea76fe395365b92c21e56dfeb8e65afd6","51;58;282;289;334;337"
13584,0.178878,-0.152810,0.600792,"63331bac7889014a9a68e8edb6d6601096294605070bc25d9014093a1800039d","21;51;320"
13703,0.513676,0.104690,0.699372,"3c0494f5e5725487731ffa306a3a0dfbc9d6a4113cfe43a28fffd403c37cfc86","294;320;334;337"
13707,0.421538,0.120406,0.793548,"c66811926cadfa84ab1191188cda4c0a8f715b533227dae3851c1a7a941b0380","289;303;320;334;337"
15020,0.740518,0.061737,0.150318,"0a91b2ad7dd9b8638f7d5d31acbe6e42a61fb711163892d18d711aeb960c8ddb","82;97;361;372"
15025,0.740120,-0.184797,0.188954,"afdf76faf5b4fff79d4ffff7fdffbe65fff3bfcfffaf2afff7ffbec297dfe5ff","337;351;361"
15031,0.751091,0.072321,0.141595,"0296baddd7a0b5673c074eb32caa2640f73b838136d800cf67269e038544b5ca","97;351;361"
15035,0.755518,-0.124140,0.183642,"bed6f0feff77defd1beabd7f5c7c3f21bfd797a3e56338ee7b5f4fbebffff7d7","66;82;351;361"
15040,0.764644,0.066199,0.133832,"315f63cebc92cff4c5c8de6673e1b1e47ce23cebc9ab26adb0eca7986fbbf07d","82;97;275;351;361"
14594,0.609760,-0.033120,0.350396,"2bf4f8fe6f54fddc2b4efda7fddf9ebeffdff787cf26fee3f7fffe8b27d6eeff","275;289;351"
14604,0.597651,-0.050210,0.334844,"2ff6f8ef2d76df9d3b7fbdb7d97fdeb6df9dd5aead70fdc3e7fdafb7a7f6def5","58;66;272;294;351"
13871,0.355256,-0.032699,0.529480,"53a483968d60a047bbbf8b1384aa5c6ee9cf68913e4b83e29936de7b8044b74e","51;289;303;334"
13874,0.671081,-0.025012,0.276877,"9edef7f576cbff53bb75bef78daff653effddf83e1e3f4f1b6f9afb61ffcf7f1","66;334;351"
13875,0.323099,-0.121234,0.533970,"68bb947ee99d14a78b3ca829aeb9479b8373ee405669c2b1cfd1543b524c4e0b","31;58;334"
13899,0.342008,-0.120149,0.533927,"510f496d340a6f3874a06ac0f363917072e40ceee990452ee4aea5002cf37028","31;41;294;334;337"
13903,0.742039,-0.125052,0.191296,"fe9de8d6df555ff893c69c0b6a7d7f77fdf6ff63fc67faaefb5fc53fb7ff5456","66;82;268;272;282;334;361"
13910,0.558447,0.076442,0.377005,"79797864740f533461a8fe089313c03096fc4478c8baf10effed253062a2422b","275;282;289;294;334;337"
13911,0.337842,-0.204648,0.538050,"4a3df766a37cbfb7e9ec1eadbdbdc7b7a777fd519579b4e8fff37683eef68f7f","41;294;334;337"
13920,0.348888,-0.125677,0.525906,"b664868c594b46e897a6e90b42e22d94f9ec6ae26cb7485fb126873f517b6e86","31;58;289;303;334;337"
13938,0.401974,-0.076575,0.505308,"ddde2f77b2fe7fb735efde77fb7f9be1fff6fdaeeddc61aefeef7682a3f4a57b","58;334;337"
13939,0.653513,-0.051040,0.283710,"69b2a75469d21139d2fd57e578fd82369574f5309cdaaf9c4b6b65cf46a43677","82;334;351"
13966,0.597949,-0.013585,0.340820,"de5e3e702bd41db6b1deb6bd3f1f83ffa6f1fdd6edcdb2acf3fb7e9b6a952f7f","282;334;351"
13967,0.591889,-0.013795,0.336741,"fb50b4fe2974d89ebb5fb43daebedfffcfd3fd85af47f2e3d3fbfabb8e556f7f","272;289;294;334;351"
13978,0.599356,-0.019194,0.352098,"cad174ff2d5cfc3dbd5eb7b7cd5f9eefee95ffa7e467fbd597fbfa9f16acedd7","66;275;289;334;337"
13997,0.686278,-0.120935,0.273067,"9346a49f0f5b94acde7690b3ec5cbfeb6745bf63e4652fb98042df97157c1d4f","289;334;351"
13998,0.620334,-0.051655,0.343072,"6bd2f94f68545f9d1b6f7dedf97ede74df9db5aec716f99367ffb5ac1ef6cef5","275;334;337;351"
14022,0.402611,-0.161642,0.510644,"20a9924cddcf46ef97a5e80842f12410d8fee2101a3bd21f7bb6057fd16ae68a","58;289;303;334;337"
14057,0.572780,-0.067448,0.375758,"5221d7f5760af868bbb0fb42edeb34527eed7fad00f38fcc9efacf8425a26381","275;334;337"
14062,0.576991,-0.085061,0.377473,"6f9cf8feec14deb81b4af4e3fdffbf7adff7bf87ed42ebebf3ffff8a97f6717f","275;294;334;337"
14066,0.671723,-0.174566,0.306185,"3b306fed4e9f79592761f6c25b9f14606e9d7f9d8afbf7d0d7e9b3c0278c70f9","272;275;282;334;351"
14074,0.544837,-0.067693,0.414395,"702153481bd95048e980a1081ed325f4fab04e604823925c93d8007b53026626","282;334;337"
14075,0.575533,-0.120820,0.379462,"5a0242a5015269103565d697c90692cc7e85ed9c8cd8f5c0d6e79a8127842d54","51;334;337"
14078,0.585278,-0.106893,0.392234,"4a322bac69d47958a5ccd7e559d7a2f64cbdffac89c3f3c0d7f1aa8b2a862e71","51;66;289;294;334;337"
14084,0.514059,-0.066842,0.452059,"50783be92ac971102c2cee289717015262b56f400893f100d5e122112003276b","66;282;294;334;337"
14090,0.556017,-0.080665,0.422140,"78212aa83c8599488e05948f0f8d7202ecb1ffd50a23d2d1d3c1aab9550e35d2","58;282;289;334"
14097,0.524142,-0.031522,0.453288,"038b8e99b69ba8475e5152d7c928b6c8eb27b29594f845e40e6bfec1cd0cf98c","282;334;337"
14099,0.518547,-0.029438,0.441112,"0b8b86bf959fb8075f515ad7e828b6c8eb2b3a9597f857f50c3adec1df0cf98c","58;282;334;337"
14109,0.636700,-0.184445,0.332976,"6b387be96c8df952ad58f4e69d9ff47aee915f9d833b70d0d7d9bae81f8863f1","275;334;337"
14113,0.608060,-0.215794,0.405383,"696fd245641a663269aa7e68ab2097b48aec664eccb8e56c26ff200042f14a0d","282;294;334;337"
14118,0.598416,-0.228040,0.434827,"109f5bff96a06ff334005ae23167a0606eba1f885b9809fffca6ae8035c2b128","282;289;334;337"
14283,0.587911,0.084957,0.320145,"c6fc869fc93fb6ecbeb3c831ecea6fcff16fea0326d7dbff3c364f3f907fab86","82;275;337;351"
14305,0.417397,-0.159994,0.487703,"82b6f753cbedb947bf3739b98cee4c0faf1f6b913669bad10d125fe6c14487f7","41;51;303;337"
14313,0.428375,-0.152450,0.478152,"8abcaefbe8bdbccffe1f5035adfafe8bef6bf391b65eaab30fcbffeb9550efdf","41;282;337"
14323,0.441170,-0.064942,0.490169,"aed4d49efd76cfea1befb51edc6e3f8fdbe397af31677affb91fdffd9f7dcdd1","66;282;294;303;320;337"
14355,0.695062,-0.048693,0.248175,"15dcdfe5260b2fb31e735bf25db1b06037053f2ed1992dd5b4af6b843cf89131","272;337;351;361"
14369,0.611600,-0.000735,0.312876,"24bf869fddcfe6fc96fffd4fe2e06ac4f9eaea52677bdb7fbc16c72fd87efade","272;289;337;351"
14375,0.630572,-0.026669,0.301092,"eec3455ceb504da93317e1f84947acf75795afaa7247efd73ffac1ef3384e624","82;272;282;337;351"
14380,0.747828,-0.078552,0.175552,"2b5a72c8759df8518d487c6eac9eb6a4eeb9978587ba30dd17788aca1f8e31dd","268;337;351"
14382,0.629140,-0.036669,0.308947,"e66bec2cce4994cf82f6b8ab802d530b49d66347406bce107601edbd7578d6da","66;82;282;337;351"
14390,0.593606,-0.043980,0.342509,"3ff4f9e1757ffbda7b6dfdbf9f1fde34ffdd97bdb7b2fcd3ffddafe6d7ef57f7","272;275;337;351"
14394,0.717648,-0.090444,0.209921,"02189a9962a0b8438e1b50f7bc9ea04ae63bb781931c02d104377ac29c08299b","82;337;351"
15433,0.872057,0.199638,-0.307726,"54f09c72884997d8aab7a50cd7c74b1b1141687a3a479a30f9836f7dc83387f2","258;372;395"
15444,0.879866,0.195803,-0.274628,"28bd1a13d3dd33c2b2c56c0cacd74214297ae21017dafa257fe5146b62060ffe","244;372;385"
15470,0.870960,0.183648,-0.185010,"1de47208fa53b2cc7561f8aa1f98bea47e8ddeb197a785d63c1c027fcf8eab85","372;385;395"
14624,0.639990,0.004265,0.281100,"a4be8e1fd9efa7ffb6ffe87ce0e0ea875966ea1233ebfb3b3d06753fd878acf1","82;275;282;351"
14626,0.623085,-0.047707,0.322277,"57b1e5819314a98f2e750b961c365ef6271f79959719bfc13d2c9ec68d06a774","272;275;282;351"
14629,0.615291,-0.068562,0.335048,"dff3e281f312bc5539ed57f74dceded5368d97f5f4d5a5c63e79afc7afb6af55","66;282;294;351"
14401,0.568153,-0.025749,0.381567,"aff7f873fd7ddf9d1fff3dbfdb7ddeac9f5bd77ff7626ff36fdfbdfed7dfd6fd","66;282;289;337;351"
14409,0.604211,-0.072798,0.347322,"5f5ff6e5265efff06dcafee67f7db7f7fef5ffefcdb3f5e8f6fbef8027ff7579","66;272;275;334;337;351"
14420,0.678272,-0.087656,0.268195,"0aefa29db5d1beef1fc65c83a8e836c4db6b8385669866ff2e579ea316dcbdcc","66;82;268;282;289;337;351"
14436,0.506665,-0.139822,0.450184,"09387df120cdf9106c5976e4bd9fd06866393f1883b877c0c6f9bac02c8045f9","51;58;66;282;289;303;337"
14444,0.578245,-0.065837,0.384243,"5300d7fd7e02e849bf80f3c2cdeb3cc27ead7fa908f387cc94facb0825a86180","66;282;334;337"
14447,0.627495,-0.107308,0.322064,"86de9697d7b2bea63e9f5a17ec6a2bcff36fb3b376dc0beb2c36dfc78c75ad8f","58;272;337;351"
14460,0.511308,-0.072351,0.444347,"78a0fd75384f411376ade718d3170038109c6c1839fcf10fcfef305060804623","66;282;289;337"
14462,0.578058,-0.083049,0.380056,"3ae1f5f56e0bfad81fb0738a5fefdc52ffed7febc8f0cbdd9efbcfb477ab5181","275;289;294;337"
14467,0.575185,-0.084380,0.376152,"7a8cf0feec10debc1b13f59b79efbc70ffdb37cfea72eff3f6ffdfacb7fef069","275;294;337"
14472,0.590184,-0.087722,0.394143,"122052e94f0be841ad25e3828f8b36d0ea8d7bb10cb385d096f89a716588798a","275;282;337"
14482,0.672763,-0.173574,0.304400,"78b2afdd1f57517857fcd6667afd82ecfcfcffa08bfbfb9ddfebff973f2c74fb","82;282;289;334;337;351"
14496,0.522296,-0.031489,0.452826,"0f8ae699e7bbb8435f7752d7c8a8b68def0fbb9594f847d40e3adac7df6df9c5","66;282;337"
14508,0.647135,-0.190381,0.347461,"0b3a7ac96cfdf953ad7df6bf9d9ef66aee99df95973bf7d0d759baea1f8c65ff","272;275;334;337;351"
14739,0.736984,0.075392,0.158049,"2b104c8125def9128d7cd626880e86e6e8849e8005bc71c0c751ba91170c5cd5","272;275;351"
14743,0.735236,0.077541,0.137426,"bd7e40a15f33dade17e6bcef0bcdf3887fcc86f6af77fd9a7acda5fdfffd78d0","97;258;351;361"
14748,0.723527,0.058133,0.156404,"0a58b4dd6ddcb842bfba5402bc9e756fe63db7000254b2d1477bdbae162c01a9","82;337;351"
14753,0.761257,0.109863,0.117367,"8f5e0a97d672afb734ce5ff7c866abc1774e82a7f5dc2dee2427fe848ff5bdd5","258;275;282;351;361;372"
14756,0.818879,0.074034,0.142632,"1a86caba96e0b84514075bb35dee384877bb979512990cc75867bac1b546bdda","275;351;372"
14759,0.761275,0.065601,0.123631,"314d6accb493eff6c448fe0273e5b76078ea16eccabb24ff7aafa6c077ba70f8","82;97;258;268;272;351;372"
14762,0.714358,-0.112754,0.223865,"bd4f404e90124efc51e6ada64b609ff433cc8ceeeca32daabacf053537f7e844","82;351;361"
14771,0.754458,0.018361,0.147471,"165e49a99a6319de16a198e31117e1486fdd97902b1f05def887bfe7b5d1343b","82;282;351;361"
14774,0.854516,0.208743,0.021619,"13a4e7ff5e0be8fa77f2d2d6e9ea9c677fce7f8da5d4efef1efedf803fec70f4","268;351;361;372"
14977,0.657507,0.084128,0.247096,"c6cd9496d5acb6a69b97b91bec6a0d97b9f38be3726c08efbd16df3f807f850e","66;334;351;361"
13810,0.656238,0.036050,0.260451,"3bcd439e14966ef6d540dac671eeb1e478ea1ecfed8b36ffb06e8a883f97705c","268;272;275;282;289;334;351"
13811,0.650111,0.039159,0.260194,"13cf439e16926ef69440dae779eeb1e47eeb37cfed9b24ffb02eaa803db638dd","66;82;268;272;275;282;289;334;337;351"
13823,0.306875,-0.050011,0.549663,"06a1b831daf0b0cf3a352db90cfa4e0aaf5bc191165a8e614e051f6fc141afc2","41;51;334"
13828,0.292055,-0.086438,0.556093,"3b1fee15d3ffd7f677effeaf2bbc97b43ffff585bdfb35be7b6f3583efec7e5f","24;289;303;334"
13850,0.675794,-0.019537,0.245227,"fcdd9efebce65fb7b39bbf127b772951d9f75f62784ff8affbffe71ca07be012","282;334;351;361"
13862,0.304720,-0.105487,0.555966,"b8ed387819dd55efd33fac1927394a118992c1007a2b7237ebd7147b5218c62a","31;51;334"
14693,0.659696,-0.029776,0.267304,"2b7efbee7674fc566bcffce73dffd734fefb979d87b2a6ead7fdbeabcfd667df","82;272;275;334;351"
14706,0.648078,-0.123033,0.318337,"f7dd20aebd2646ef118a986252722952dde31de7f80b08aeb936ed9e907eb00b","66;282;351"
14715,0.677980,-0.067281,0.277256,"23dee2ca7693bad05f4158e768ccb6e47e2b97d5c7be2cff361e8b8a5d8e79d5","272;275;337;351"
14722,0.670950,-0.081409,0.282889,"f6fca29bdffdb6e6bf7bf837ccfc4f4dedffdfb3f0fffbf6bd76dfbf937db7d7","66;282;334;351"
14726,0.672665,-0.081881,0.282808,"86bdbe95f6efbee6beea5a33bcfe2541ef7ffbc170d912fe3d36cf838478a5db","66;282;351"
14729,0.729457,0.064272,0.174409,"bbde628e6f90fa66cd48d8e728c8b6e0eee197c7c4ab06ff327d8a8b7f1f78df","82;351;361"
14731,0.682544,-0.088830,0.272072,"029d029fd7c7b6e71e034a03acfe24c4e17b9b81729911ff2d369e03185cbd9a","272;337;351"
14200,0.327620,0.046244,0.556404,"3920ec7d741b615b77a17612532990397aec3628a9fc751e4eef714067a852a8","58;294;334;337"
14209,0.672711,0.121865,0.201128,"4d7d9165a91e46987baaa64cdf7349b695d4ec7ae970d9aaaffe0536caf74231","82;268;337;351;361"
14222,0.365974,-0.012906,0.520929,"7ece8c3ea9b956aeb33fb8296e790b9281e3ed433e6bcbb7faf775bbe257ce0f","289;320;334;337"
14223,0.717371,0.068282,0.180409,"839f6bd97496ed771d485ef6398fb6647eaa178cfb9824df263dbac03f8cf8fd","82;97;268;272;275;337;351;361"
14246,0.648956,0.095828,0.255605,"5dbfae1fd87f77f8f6fefe2673f6aa7279eeeeeaadf3ff3fffe7e70dabfaecf7","66;82;275;337"
14975,0.654882,0.099156,0.242412,"f6edc79fdcabeeeebfb2eb1a62e83d45f9ef6be37ef7cbffbcbecf3ef57bf086","66;351;361"
15398,0.851936,-0.124405,0.069674,"0ebebedfbd96bea8bfbf56a3ecee7f43f77fffe3e6d0cbffaf7fcf8f96642dd7","268;361;372"
15402,0.879178,-0.143584,0.049927,"7a307be16d4df9512d6cf70b9f1f1670ee95dfe18933f1c0d7f98a82278c64f3","268;272;275;351;361;372"
15057,0.772676,0.111722,0.114529,"addde997f436cffe50ca7dd67368bba55dee16eefdf67caf6e4fe5a4fffff8f5","82;97;268;272;275;361;372"
15082,0.869345,0.219591,-0.202466,"c5bc3e9c5d8d9148eebc8d1dfed96b528121fb554627da53d9150b7b182a03d2","258;361;372"
15091,0.791523,-0.077508,0.106505,"3e5f7aeef6f69ffc11ceddaf7cfcb720fff7b5c3e90328ef7b7faf92afffb57b","97;361;372"
14995,0.692828,0.091879,0.203526,"bedde096b577dee6194abd3f6a7c3f81ddd395e3fc6738eebb5fcdb3d77ff457","66;268;272;361"
15011,0.729580,0.083043,0.158602,"198c48af16822bae16014a82f1629840726b22cc02984d3feca7ba4034822128","82;268;361;372"
15095,0.871290,0.156343,-0.220897,"4c3e8a1a98d40118b4ccc66cd6e683d80466ec10b1c3e328f82365d888242571","361;385;395"
15100,0.870008,0.215836,-0.179264,"92677f6fba33be5ea6adfbf2898ea4e06edfeec29c9fef77b6e5abc165d3ad81","268;361;372;385"
15101,0.877359,0.216499,-0.178906,"df7f2a2bb8b77ede372edbd5c1eebb507ddf6fe7fc9fed3ef6adafc9a1d3a851","244;361;372;385"
15103,0.875158,0.184528,-0.183463,"87fd0353f9bfa6e4fc2afb54e8fa3da1f96bca7fe5b778fe3f5f8f42c85beb9e","268;361;372;385;395"
15111,0.902265,0.044509,-0.266561,"5627fa62f26b3b503ba53fbb4fefcb1037ddc53210d28c42da852de5e7e38743","97;258;361;372;385"
15120,0.874651,0.216117,-0.127494,"e5736d47200e47b860ea374cd360d93b1c446c6ee974fd0864b965b448b34271","97;244;258;268;361;372;385"
15134,0.891732,0.079584,-0.221340,"c19b1565a00e673568c8624cf631907384666c6ef1f8b10ce5a8640048b0c329","268;361;372;385;395"
14647,0.633887,-0.017210,0.302653,"216aaa37448dad565aee740db188570a8d6c730dc476d622450fbd28cd785bc8","66;82;272;275;351"
14671,0.661935,-0.012625,0.272841,"5f7cf2f467fc7bd2b9ce7eaf3dbfd7bea7fdf58785d7a6e057fd79aaeff567ff","82;268;337;351"
14547,0.596891,0.065903,0.328523,"860c8495c37ebc233cb74313cc3e07cfa11f93a324d45bce05325a07927d8dc6","272;289;351"
14554,0.575149,0.000953,0.331505,"2ab5f0fafdfdf8df0f6dfdaf8cff7e24ff9b9791963afad3dfdd9eefd7cee7d7","272;282;337;351"
14564,0.601020,0.041624,0.318284,"b7acd7fffe2beee8ffb2f2f277eabd4b7fef7eef79f78fffb8aeef94adf9f180","272;337;351"
15415,0.859429,0.247074,-0.309566,"7e02e4548d785002e3f7ae9d0bacd7ff03c6ec0c9c67e68092ff503be7f55e56","258;372;395"
15418,0.858232,0.214663,-0.357373,"7021d145534a474873a062285a7785b432dc606a69f2e94e35ae050263b26620","372;385;408"
15425,0.869132,0.179032,-0.365502,"38367f64524fd37873acf4285b3f0431bedde4a028f2e95e73df213361a026a3","372;385;395;408"
15426,0.865141,0.178220,-0.364429,"6021755869c15148e398b4085add443608f964c80b63ea515fd8013f538066a6","372;385;395;408"
14783,0.880427,0.130283,-0.105680,"429cbbbaeae9b6cfbf4fd33a6cfe6878f3f3ef11162faaf3ba363ecb9452a50f","351;361;372"
14786,0.765109,-0.026367,0.153031,"2084149acdcdb4eb8c36b91b8c582801c9138303522e5ad75d125a7f51088582","82;97;275;351;361"
14789,0.874826,0.165557,-0.080333,"ec249df3a96d549883bba519d777493b85d7fd103a67db32cbdb757dd2798e13","268;272;351;361;372"
14791,0.746542,-0.089706,0.181339,"384952ac1d8656648580d00203882140d8f8064348ab50acb3e9821b3dba701a","66;82;282;351"
14793,0.728573,-0.160526,0.190187,"3b927ae177dcf9706d4df6a78d0eb6f0ee819f958fbb75c4dfd9aad36f8c7df3","272;334;337;351;361"
14818,0.875303,0.193416,-0.055724,"69a0955d8d5f402b5fb32118de714cb7911478181b68fb158fde5576d228d224","268;351;361;385"
14822,0.899742,0.081470,-0.110571,"11edd6bdb48bfe6f7fa0fa03efcb1050fb6f7f0166f991efeefe170343d0e38e","258;268;351;361;372"
14829,0.887972,0.138028,-0.079086,"d4efcefbfa2b6efc3eb2fbf2f1e399517fcf7fca72d6cf73fcefefc0a5f3a3a0","97;258;268;272;351;361;372;385"
14833,0.796192,-0.072405,0.133139,"0a953298d7f1b0cb1f5548130cfe6ec8eb1b9391160a12d70f559a6f974cbdd6","82;97;268;272;351;361;372"
14842,0.895247,0.085101,-0.096498,"848486bfd8eb26ec3eb2eb91e0e22850f9ee6ae222f34b7f3ca64725d87ba082","97;268;272;351;372;385"
14844,0.910567,0.044580,-0.125950,"393561e5741ffa587be87cefdf1c92343ecd976d85b2fd9ef6dd21a47f8e5ad1","351;361;372"
14855,0.892992,0.052595,-0.100303,"74e996bec9cd56e8fbb1a10966f86c1ff9ef6a535a6bda71b996577bc17be78e","258;272;351;372"
15813,0.877208,0.195694,-0.058626,"f7e0e4034d1feac847b6a10b41485f2f39c47aff0e67dfb11f48c57d673f5684","97;244;385"
14874,0.910632,0.013333,-0.113603,"b7ed86bed9b386ee96b7c89f65e87b93f9efebc73e4b8fbfb867cf3fd57fbac6","258;272;351;361;372"
14880,0.932057,-0.071642,-0.143507,"20b4d967e0ef6b9f2ae9794897ff4c30975e770893b8db336d8c25e0c8cac3b1","97;351;361"
14888,0.931089,-0.088415,-0.148250,"c58e9dbfb82e2dbe343bd274f763884b5d766e8cf9dc4b3faca2ffc008f08129","97;258;272;351;372"
14894,0.935818,-0.093964,-0.145803,"448f99bebca686afba0bf872f6e1a95071ef2c0333aaca6b20a6270cd972f129","97;351;385"
14899,0.877840,0.275515,-0.034819,"c35b6b8c74c6ab706cccd2e6f4d6b7647eed3fefc193b5edb438aa880cb735fd","97;258;351;361"
14902,0.946931,-0.142846,-0.159785,"21bedb75f4afeadf7aab787cb3e994307ffa060ca3fa406f2c8e35e0cdc8c2a9","351;361;372;385"
14905,0.939551,-0.127662,-0.154839,"92acd39bd2a22cc73613c2d221a220497baf029832de85779ca6de40a550a188","258;351;372"
14906,0.954112,-0.154950,-0.163208,"809cefdfb8e6adbfbefbd2f5f16f94635df77fa5b9cd7f7fedaeffd48ce0a5b9","351;361;372"
14908,0.946489,-0.143096,-0.159559,"21ae5b67f4afeb76748b7af4f53380307f6e162cb1bc4d2f2c8e37c0e9c8c3a9","351;361;372;385"
14911,0.936577,-0.141837,-0.158893,"058e5b63b0af6fb6740b7b64f76398203f6a162cb3b84d3fec8f37c0e8d3c3a9","258;351;361;372;385"
14914,0.954689,-0.135547,-0.149190,"808c16bed5e4a027fc176211a4fa20c1c132aa0132ef127f29b6564bd048ad0a","272;351;372;385"
14926,0.951806,-0.168332,-0.132160,"5bff502232181abc3be8b8ed8f8ece90b6cdcd77cf5acc6fb8f52ffe0c968b5d","351;361;372;385"
14933,0.955601,-0.170051,-0.130470,"b97f4827721b7ef839687eed7d4f8b9036cdd76ee5940d7f66cf21846fb70bd9","351;361;385"
14934,0.957856,-0.170540,-0.130275,"9f747127733f6f783de277f65f7e9fbd37ed57afe5d43dceb67a49866ff703f5","351;361;372;385"
14935,0.955586,-0.170792,-0.130956,"1f546737623e7e783de273d75d7e9fbd3fed97afa5d43dce967b4b82eff72bd4","351;372;385"
14942,0.894833,-0.087477,0.011090,"5a3136ec69d5b948af6cf6098c9f66f6ec9dff810203f3d0d7f98bbb120c27f7","82;97;351;372"
14953,0.945572,0.269192,-0.070973,"3d476965b4134fb851e2feee53699d345ec414eeedb26daefaefa5946fff5270","268;272;351;372"
15151,0.890093,0.120873,-0.175507,"5ea083ba89e480efb3158119cefd589e8147f9111a6b9ab199f2de7fc204b76e","268;361;372"
15156,0.885552,0.119695,-0.174687,"59aca736c9cca1e7fa57c119fdfc5a12a9477181366bba63dd665e48c144a7ca","268;361;372;385"
15157,0.906620,0.024837,-0.245925,"194f363e92d09ef4f5c2dee2e94cb32c7ef3aed1edaf07eefa57de09e7972d0d","97;361;372"
15162,0.875987,0.210161,-0.099699,"3a9b6e3c13d25157674dee8f2bbd26f478aee5008cbb358ff3f71093630cfe5e","97;258;361"
15167,0.904002,0.082474,-0.203981,"6ca89e3aa9a914ce9b9fa039a6f8629bc9f2e8103e6bca31dbd3557bc058ae0a","97;244;361;395"
15172,0.855444,0.207975,-0.002072,"25af59b1fcabebefada1b8ecbf4a8811ffa34e3d332b4cffbc962ff8cc8ac389","82;258;268;351;361;372"
15177,0.909744,0.080176,-0.192057,"f4772d2d185f1778f4eca67d52148353d8c4cc62ede7791cf1a1219469395673","258;361;385"
15190,0.929767,-0.105630,-0.300865,"4e7e1c27a83e3eb2a9aa2eeddd2783928757fd66a544896aeef725a00af70b19","361;372;385;395"
15192,0.878358,0.169433,-0.079732,"5eac94b88be910cfab3fa8390ebb429aa1d3ec101e4bc2519bd75f7fd2448f03","97;258;268;361;372"
15199,0.948123,-0.108804,-0.304754,"cf3fd027b01e7eb039e83eedcd26c3929647fd0ec5d08962eedf2d800af60b55","361;372;385;395"
15200,0.885581,0.144325,-0.103558,"d0499f64084e4536a0a0aa08b737017220f47c6849c9b128f1a1651020b0072a","268;361;372"
15209,0.945107,-0.109286,-0.301963,"4b3d4125f13f7ab039e87acded7e16b4b767f54e95d0b9eaafde05824af74a55","361;372;385;395"
15210,0.895422,0.106425,-0.120994,"4934fb65735e733069c87e2c5e795632b6f47c2c85e0b54c77ff24026a224357","258;361;372;385"
15233,0.925189,-0.081873,-0.247292,"24cd1d7bbccf87e39488f240d3530400c8626e4a69a95b3fe1ceaf105918c02a","361;372;385;395"
15235,0.886448,0.113399,-0.085013,"d2a6eebf8ca37ccfbf97dab7c9ef764b69efef853a4fcbf3be72dfcb2454b7da","97;361;385"
15239,0.919964,-0.052725,-0.243095,"62acee1addf5d0cfdb57a41b28e87e9cc9a2e3953e6f9af31b1f546bd34cfece","258;361;372"
15245,0.942712,-0.115051,-0.261153,"30306f3d02db7157766d769f331c123838aea4058ffc750147637081e90856fb","361;385;395"
15248,0.933940,-0.089300,-0.237295,"53b69491aa2a380fabf38bfdcc66cedeb707e914b5cd97428c365fd688648b55","124;361;372"
15257,0.929743,-0.057969,-0.222870,"74056c25134a562921a4ea8b436d161058d4e9a34cb2cd0c7b26c515656e5642","97;268;361;372"
15260,0.902667,0.038661,-0.129294,"3b2d73e9719efa462d00fc003b1fb4f4fe9b97e80eba40edbffd820067866aa8","97;361;372"
15570,0.913929,-0.019655,-0.370772,"e0a0860d49cb2049a6b5e20882c0409668acea1002ffc3151d20137550080688","124;258;372;395;408"
15576,0.911703,0.008736,-0.267668,"ed7091564d7d64197bfb255cda71ddbf19cc723ea376fbc2073a553ecaffd2b4","97;372;385;395"
15583,0.929854,-0.044127,-0.368422,"848c861e99b226ae961340b1e4e22bcf116ae80276cc8e3f2c26554b9075a98f","124;372;385"
15587,0.905114,0.017197,-0.235590,"b469ad3ace6787c8d6f2a01b504d5d3b69d14b7f63677b72710a4f3cd17177f0","97;372;395"
15598,0.940992,-0.068234,-0.421902,"b8fc387a79dd53f8f30ce408bfdf0b11dcbad54a6a2f7a3ff3d92039520b4efb","372;385;395;408"
15602,0.940482,-0.065104,-0.421323,"7cf9b6fa89dd54c8a315ac092eff6392e9f3fdd00e4b9af1dbd1577bd2162f5a","372;385;395;408"
15603,0.919170,-0.064446,-0.415572,"78f938fa19dd53f4a31dac09bfdf4210c8f3dd524a2bfab5fbdd157b520a4e5a","372;385;395;408"
15604,0.927938,-0.061050,-0.417186,"5ebcf4fa8bf93aeeafb7ac9badff42d2a7f3fd93064bfbf1dbd35f7bb255875a","385;395;408"
15606,0.943864,-0.065825,-0.383173,"64a4c03fd20b26ed36a26b8863e2491059ce622a78d2cf2f3ca6052ce072e280","372;395;408"
15610,0.913609,-0.086823,-0.374611,"40ac861dda0a24ee7693c21060e24053716e6a0020dbcf3f3c26570ce1602288","372;385;395;408"
15611,0.941323,-0.091542,-0.378252,"4020d7455a0ba0487ea0e2cad3a004f6385c6a8821f1cd4c1da24710612043a4","372;385;408"
15618,0.941443,-0.116225,-0.382529,"4569974fca0ba6c866a0eac8f1d245b238dc6ac241f2cf683c220700613223a4","372;385;408"
15621,0.913631,-0.051736,-0.244291,"50727865224a371031ac37ad4f07c11036dded6200d0a94af6a4218162b30773","97;258;361;372;385"
15622,0.934440,-0.114635,-0.381295,"7d4f4545920a4fbc60e0aeee536099b21ac44ceee9b2ed2eb8afa5146df3d220","372;395;408"
15630,0.925946,-0.031823,-0.083542,"d85d9f740a4855b6a092a228f737017b22f66c4069cdb328f1a3741020f0273b","97;351;361;372"
15636,0.923431,-0.050235,-0.138054,"82aad35be2aba8473f0370f32cc3a41c3f3b039c32dc02730e3e12c2c580e3a9","258;351;361;372;385"
15640,0.933622,-0.099577,-0.259839,"f8b0997ba9fd944faa3fa518afbe4cba8913ec101e6ffa13dbc9377fd040cf9a","258;361;372;385"
15644,0.935002,-0.091773,-0.225641,"276be800cc39ccca43b4ac8f0228d71a49cc42fd8e6ae6103e0c853dd5fd5ac4","124;268;372;385;395"
15646,0.930938,-0.104925,-0.300683,"c836dc74a829569eb3bab6fcdfe7c0128757ec0020458a22ead365b468f08a31","258;372;395"
16438,0.847616,0.411876,-0.785124,"ff71e562ed5ddfd8c9fcb50f5b5ddf3f8ed5f577cd67fe8077d9c5be6fff56f7","395;408;421"
16439,0.861907,0.420796,-0.797542,"7f756964ed5fdff849fab44f5b7d5f3b9ed5f5efc963f8a873d9e5be6fff52f7","395;408;421"
16461,0.944673,0.408900,-0.760937,"65f45346755d62a879436a485ef00cbcb1dc706a1336b8672fbe0546cab3c2a4","395;408;421"
16463,0.974811,0.406404,-0.737343,"c2b694b3a829149fba7f11fde662ca9b8717ec11b746cb538cf27ffe8c448f55","395;408;421"
16464,0.946939,0.408035,-0.760856,"65b9d259c59c669e7b486a4c129845b8914a725cd7bad3732fbe054ec8704a8e","395;408;421"
16466,0.957808,0.412898,-0.767678,"61a69001f40de43d7a6b7b5dc268de10950c623da772c7132c3c256cc8c0db8d","395;408;421"
16474,0.942590,0.403756,-0.756455,"7673e904484bc0c8a2b4a08f43cc5d1b58d46bf30963de085500c13d493b5692","395;408;421"
16477,0.970022,0.402287,-0.732108,"e5719d61a86f479862faa528d711c13b81546c7a6960e910e9892534c8714323","395;408;421"
16482,0.934026,0.431693,-0.857758,"94e667bd344bebeb367e52e3f76d98417b4e672f6af04f1feca2ef8425e875f0","395;408;421"
16483,0.934534,0.433507,-0.859751,"01ce4fb534ab69363cab52e4f7219040162e2e0ca1b8453fe4af32802c905129","395;408;421"
16484,0.923678,0.427082,-0.849967,"10ae6dad340be9b776a252c7972190417fec2f8da8f8451feca6f38465a854e9","395;408;421"
16496,1.179325,0.235125,-0.522475,"15ad8cb3948a96a6f6b1cb41f7f818e0916f79533fd8093fa8e7df53a073db8a","385;395;408"
15845,0.902300,0.085427,-0.096064,"144fc327b20ba6bc36a24be6d1638940734e2a6a71904d3eaca627846cf3a1a1","268;351;372;385"
15862,0.893172,0.086858,-0.108053,"708cf0cecc0bceae57a2fa8a43e8b4707bf66faa4833cfbf7fbec51d75faf022","97;272;385"
15263,0.879908,0.282778,-0.031731,"2d5ffeef7556ff7054ce7f26797db3e17efcb7eee9b03dae67efe4817fff7cf3","82;258;268;361"
15267,0.931291,-0.087960,-0.220069,"34959e7e8b6e95cffab76810d6fa223bc97fe0113cf91a22f9e65753f870838a","268;361;385"
15279,0.944867,-0.144648,-0.257724,"77f5e1079f0f96a833e8bb6f627c0d30fcd47de3edf3dd2e3b268596697b5217","361;372;385"
15282,0.895645,0.062827,-0.029664,"0186cfe5b42a6b3b76a25ae0d1239161774e26acb1d8c51eecaee784ace041a8","97;361;372"
15285,0.896902,0.062452,-0.030484,"856eefdfe62befdc7eb352f2d1e399697f4e7f8fe0d4cf7e5c2aff84a5f1b1a1","97;361;372"
15287,0.913544,-0.003171,-0.116349,"c5cc871fd9ae2eecfed3cb50ece2697ff16f6a8e73df9bef3d7e5f0a8077a18e","258;361;372;385"
15292,0.904023,0.288964,-0.125228,"d4ddbdffac6f7fbf5efb9e12d7ff5b6bdfd77f6bf97dfb3bedafff9484f99573","97;361;372"
15297,0.947374,-0.163418,-0.232814,"1c7db977a0ed171f36ee0c09ff754918973b5d0063007b3be1c72db0c072877b","361;372;385"
15299,0.949290,-0.164481,-0.233256,"1875bd6db86f551fafeb8c08bf77001287735d203b49731de1d735bcf2f0877b","361;372;385"
15305,0.936951,-0.047649,-0.121952,"54e7de7eda0237fc37866fa177e30b5037fd6ce268d38b7ffca6658de0f32603","97;268;361;372;385"
15316,0.940528,-0.089301,-0.148247,"848e9fffbca2a8beb61bd270f173306bcd777e99b8cf4b7cc8baff909070b029","272;351;361;372;385"
15317,0.926121,-0.101610,-0.156316,"509d1fecb0ce4f37a5488e60f737807326f67d685989312de1e3669028f0a539","258;361;372;385"
15325,0.966337,-0.188218,-0.178080,"c3be9fbfe8ac2d97be5b52f5f4f7c05ba77f7f9cb3dc9b73cd32ffc088c0a1b9","361;372;385"
15332,0.898797,0.238031,-0.034622,"52e2068d4903a04ca6b4c3cfe4c268c6f88debe44ec7cbdd94208bbf101e2f8e","82;97;258;268;272;351;361;372"
15334,0.944994,-0.167921,-0.130447,"3f01afe6cd76ef61e5c4ef0259fe3f7af8e77baf1db33ac8f3ffcf058377f6e6","361;372;385"
15336,0.956796,-0.184049,-0.156122,"64c99e9ee8c1b6ecee11e908f4ea6972d96b6a42466bda7d7d27476d50332f8a","351;372;385"
15337,0.959309,-0.203765,-0.140549,"4bfbb113badcb3bcaa7dacedbcf6ceb68757fc56d749ff632c343ffec816835d","361;372;385"
15338,0.955156,-0.201888,-0.140440,"4bff71033ad81bb82a788ced9e96c6b6a75ffd57c748fd77ac342ffe4a97077d","361;372;385"
15339,0.953405,-0.202027,-0.140119,"dffd790332d91fb83b609dadbf1ed7b437dfddcfe758ed7fbe1d2db66697037d","361;372;385"
15340,0.970509,-0.227902,-0.089081,"e2bce69fcdfbb4cf9ff7d0bbe8fc6ecbfbfffb913e7fdbf31f32dfef955cf7de","361;372;385"
15516,0.874251,0.169054,-0.150138,"49157965340e6e377dea7a44d33b9070d6445c2eedb8750ee7ff248048f25059","124;361;372;385"
15520,0.891666,0.150838,-0.175556,"6f78a945a83f4b986bfa340c9e34d73f85447d7f8950f960cf196db4c8f55375","97;244;258;268;361;372;385"
15547,0.904736,0.027854,-0.361612,"20a0879d488ba068eeb0e248c4c2005378ac6a0003dbd75d9d22533c48280380","258;372;385;395;408"
15553,0.902578,0.027891,-0.263976,"ed952db7ac0f4db9167e875cd667185bc5447d6ef954fb15edfaed7c18a8d270","258;372;385"
15564,0.918102,-0.020100,-0.372605,"64add61dd80aeeeafab3e218c0e24c1b79ef6aaa32fbcb7d3cb2df34c170e380","124;372;385;395;408"
15920,0.850028,0.258177,-0.347941,"4d777d65b44a7fb879e87e68d777817316d47c6ae1f0e90ee6ff658464f34761","385;395;408"
15922,0.839979,0.256486,-0.345429,"c1377f65b20e7f3768ec7e64f737807336577d6ce1f8e14ee6ab66806ce04379","244;372;385;395"
15929,0.869277,0.214175,-0.289994,"7ebaf252b9fd17d6b3ffa43d0ab6463e87d6e410bf6bba22dbdf157bcad5c657","385;395;408"
15944,0.910005,0.011792,-0.204163,"d44f1e269af31ebce4c29bf2f76c0b21bef7ece3ede10f2ef8e36f116473ad01","97;124;361;385;395"
15950,0.910622,-0.026059,-0.206075,"7561c9a6b8474f9832e8f94d5357d91050cc15ee4912c90af08da5ac28f34251","97;244;258;268;361;372;385"
15665,0.938145,-0.076672,-0.147657,"c13abfb7e8ec7996bbd9f25df7f7187bc7e77d8ca9d5db61d7fbff80a8d18333","97;361;372;385"
15669,0.936615,-0.106350,-0.223623,"4b8d84098d35cc8f5b3388188e2056cec146e81d166bdbd3895e577fda44db0c","258;372;385"
15681,0.957420,-0.152507,-0.307393,"d0bcbe37aae835daf65bb630f7ff033ba7776c002e6d8b33c3e37f11e0710f0b","372;385;395"
15683,0.963078,-0.153382,-0.308623,"50a8be742ae91592f69ea638f7fd423aa7776c010865ab20d9c3771960700f03","372;385;395"
15706,1.046541,0.362651,-0.448353,"2aa894bb6da5a9ca1e195862bcdb31c8ff7bb3c9037a4bf31c15fba89f493989","372;385;408"
15714,1.126746,0.263002,-0.496242,"e27e10585ba9924a9e84a8eda6cc45948839cb116227da5f9114093b580c0f93","372;385;395;408"
15715,1.124280,0.261728,-0.496066,"e23e18185bad904b9bae80fda6cc458d8d3bcb052247da5fb110093a596d0b97","372;395;408"
15719,1.065621,0.234065,-0.433836,"fd783a62199d9260ea88b1087eda6130bc394c634727ba1dd1d9033a48032387","372;385;395;408"
15721,1.165039,0.233180,-0.517874,"e397c50c993c4ebfab4deadd6a6c1e969dc6ed8d9d09d7633a3c80decbe6fa5c","372;395;408"
15729,1.204055,0.230225,-0.492605,"dca6d827f20a7fb839e67eadcf638b1037cfcca660d08d6efce72585e8f20f53","372;385;395;408"
15741,1.375072,-0.012065,-0.665032,"22b27c6868bdd958ab34b58d0a8f561b8e91d79d8667fad1575911bf57844ed7","372;385;395;408"
15744,1.399458,0.006189,-0.640314,"d8fd7963b14f55b77de52e09bf3d4210a217cd1068b8f12eebdd3451e290c67b","372;385;395;408"
15753,1.402316,0.046405,-0.598434,"a262404070896258330ff0791093cd147988579c4a96c053561cb0ed63816283","372;385;395;408"
15754,1.408523,0.046171,-0.599110,"a2a2625a6d91c06d711ef5782adbec9dd888c60a4a76cad11618d0ab538ef6af","372;385;408"
15755,1.388506,0.046374,-0.592336,"a6a3784a6e19d2e84b14f1eb43c8ae91de99c662de264e9516d941ff558f4e85","372;385;395"
15760,1.399130,0.041657,-0.611903,"7094b8ec1c47517b16a2a41b17372030d9955b20282b511fdb87313d3028042a","372;385;395"
15763,1.431723,-0.030315,-0.673590,"dc7f3822a96e5794606ebd3ddf1d0b1a85d7cd73e9257922f1c12c916a578f53","372;385;408"
15769,1.422937,-0.001025,-0.589099,"02586b5b30eae9123d457795b91f9e785eba359dbb9c7567473ebac0a7815470","372;385;395;408"
15777,1.431861,-0.064074,-0.636169,"deb2e702a37e785129fdb7fd480ede1fb795fdb595d5adc0db50efd7afa68757","372;385;408"
15781,1.433063,-0.098058,-0.634018,"5fd96ce7ac5e5fb861eef6ae7b7f9f7376d5fdeeccd6fdecf2fbe79527b76673","372;395;408"
15784,1.534209,-0.112471,-0.675038,"d5d9fd67a24a7fb879eeb7ac5f7fd973b6d57deee9d6fd69f3eb678425b26671","372;395;408"
15788,1.520282,-0.110222,-0.674583,"587cbef7286c5d96a8deb630f7f7435ba7757d0a28c5b320c3eb769080f1057b","372;385;395"
15789,1.343130,-0.093459,-0.604766,"5c78baf4286c5d96aadfbe21fff7435aa7777d000841b320d3ef7e98a0f1257b","372;385;408"
16419,0.821945,0.412301,-0.780158,"acff7fe5e46ffffc766efe2ddf7d9b30ffdef72be9f4710ff7af678465f8c6f3","395;408;421"
16434,0.880908,0.397707,-0.698009,"c9b89555291e40387ffba654be1180fe05147c28a3edd31f8ffe51564aa04b31","395;408;421"
15956,0.958686,-0.136926,-0.156014,"d159ff742a4c55b4f9daa6787737817b26f47c6ae945b328f3eb641028b04239","361;372;385"
15960,0.869464,0.178585,-0.365320,"7836ff743b5a577833aea4a85ff7403337ffe42228c3aa0efbe7653fe3e06673","385;395;408"
15978,0.941892,-0.114897,-0.259861,"b090ef3110ea51077647e295330c165899ae6d15befc751fcbe71051e508d65a","258;361;385;395"
15981,0.919963,0.007885,-0.364218,"64ac869ed980a6eeb693e01166e0684fd9ea6a933a6bca733d265f6fd071a28a","385;395;408"
15997,0.919298,-0.063797,-0.414989,"7af8bef889d552cea31da419beff6252c9f7fdd00a4bfab1dbf59f7f8214ae5a","372;385;408"
16001,0.958989,-0.154634,-0.405594,"52a4def8a9b8584fbf13e0189ffb605be3bfed103e4bd3c3dbf7127bb2c0ae02","385;395;408"
16018,0.969542,0.376673,-0.549096,"185e7aed325e7fb22d6c76adbf1f8350b6dddd62e99c61eff7fd208266b5077b","385;395;408"
16019,0.964327,0.374650,-0.547830,"b87b78ec70cf57fc252cfc2cff1f0b309eddcd62e8b2703ff3fd20b1629b46fb","385;395;408"
16020,0.972850,0.378993,-0.551941,"787b7b6d704f5ffc296cfc6dff1f8350b6fdd562c996703ff3fd20906ab3067b","385;395;408"
16021,0.973585,0.380218,-0.551997,"d97e79ed325f5fb82de8feedbf1f8371b6dddde6e99061ecf2f92a822eb5077b","385;395;408"
16023,0.999691,0.353734,-0.456156,"78f1396c394f57fc6508b4085f170130b4d05c6ac923310df3f9201c6ab3463b","385;395;408"
16025,1.011757,0.358025,-0.457927,"f9797266315f577561ecb42c1f1b83b4beb4cc6ac8a320ccf3f9209762b64e6b","385;395;408"
16026,1.004956,0.355687,-0.456361,"7971786c315f57bc6128be081f178334b6945c6ac9a3711cf3f925146ab24223","385;395;408"
16029,0.971097,0.381803,-0.629727,"03971b1f70ee3136384d5e74bc768a50862b84019798706704353ac2888103dd","385;395;408"
16032,1.008890,0.376975,-0.609193,"5235ac3d896b9d0f72fb8519f96c573b09b7fda13c66d30aef435db9e1748e06","385;395;408"
16033,1.029653,0.354829,-0.500848,"cd95fd65b45efd3778f97654d93fde6b17567f7cf1f8f1406ffb76c4ce80c1f1","385;395;408"
16037,1.021642,0.368117,-0.573484,"0ab776459b5bceffe5a43ea469691e853bc2ceeaf0690dfd2edf45176ff4ce3d","385;395;408"
16051,1.152718,0.310292,-0.460139,"0b97068570aebb772c497ee57c23b250b62b172cb198014d643e62c00ac6e3d9","385;395;408"
16054,1.088501,0.356591,-0.529166,"1caeabaa9de35bd2874d9c038fef2300e9bbdd911a8928bfebd59bd3b64f356a","385;395;408"
16595,1.091639,0.066781,-1.102008,"1b8937db9bd1b8c7af558612adce76e463b3fb9c16092ff59fdf9ed9b204adee","395;408;421"
16602,1.349280,0.087052,-0.606480,"9b4f63a412126f7035c4fa87290fb3f07ee597efed9325cef22c8a8027b7665c","372;385;395;408"
16608,1.106839,0.440001,-0.958272,"40a0e9158cc940cfeff3a819a2e8563ac9e26a111e6fd6519f1e573dc128564e","395;408;421"
16626,1.215575,0.489437,-1.044375,"fab4126879bd504b83b9b9790ad96c96c998cd302e67ca93bbd9017f520cde07","395;408;421"
16633,1.154315,0.046990,-1.099690,"e5349d61b42f43986af8ab5cd771593a91446c7eb9f0f900c98f2574c86b4232","395;408;421"
16650,1.153609,0.044704,-1.098050,"d4b09d61a84f513be0faa718d731483b81146c383965f100c9cb6574c820c723","395;408;421"
16652,1.155911,0.044016,-1.102026,"5eb394ba8bac148faad789bdeee64adaa777e815164b9a7198f75f7f88558f57","395;408;421"
16658,1.169022,0.043254,-1.111425,"dab69c37aba83487abb7a6bdeee74a1ba757e9102645db61cbf3553380548f1b","395;408;421"
16661,1.197908,0.043271,-1.136036,"56e984328b99168eabb988b9ccf6499ea757f9d51649ca71b8765fff82558b57","395;408;421"
16662,1.182123,0.042328,-1.118038,"56eb80329b891a8eabbd88e9eee2499687f7fdd74e4bcaf3b8540fff8027030f","395;408;421"
16677,1.151074,0.040509,-1.091004,"46fb80123a890aa8afbc98ede4c2c79687676dd7ce4bce72bc14affe0c27031d","395;408;421"
16679,1.193443,0.000743,-1.204553,"6fb6a63279fd91d8ab5dbd3d4efcce9e9d91dd359767ba95db5f39ffca070f77","395;408;421"
17267,1.480204,-0.034270,-1.051471,"ff7419a0ab7f5f5f19eab8999f1c43b9969ddd273d27f19eb1d539be727d9673","385;408;421"
16316,0.897399,0.076522,-0.202133,"71044d65100a4a3370a1ea48d323907030e46cac299c450ea4aea01068a04220","97;361;395"
16057,1.165574,0.334937,-0.522319,"5418ce240a2e5a92a2aaae8d7f63035a27e5ed860c419340d2a76195a8f12b1a","385;395;408"
16058,1.126091,0.313629,-0.564849,"c5547de7244e6f387cee1770d715996716447d6fe9b47d4ac5b8e38404b35571","385;395;408"
16059,1.101660,0.280096,-0.523490,"cdb09c33a96c50192afb235cde3a48bb85457c3d3744db02cddb7df6c8618b13","385;395;408"
16063,1.097133,0.332430,-0.538105,"34783bf046ed73c0fbe2b408379d6138bbf9565009b7b22adbcd113be81b47bb","385;395;408"
16069,1.116756,0.343014,-0.542601,"bc38b370fdfd52c2fbf8b4181ed945bba9f9d6522ff3b8a0dbd9017fcb494fb3","385;395;408"
16071,1.147967,0.267598,-0.510000,"2c23d861a82fde1922adb949d72b491a9d156d361822c910cf8d61f5e1e3c682","385;395;408"
16073,1.126087,0.349313,-0.547943,"24b1b160fdfdd1494bf1bd189edd4cbe8918d6101363fa909fdd057fc20bc6a7","385;395;408"
16074,1.119423,0.346591,-0.545125,"3c38b360fd7dd3c2ebf9bc081e9945beabf9d4500f63b8a0dbdd057fcb6b47b7","385;395;408"
16078,1.088258,0.352924,-0.689401,"fd34f142ad7d52d8e9fabd084b79ddbf99d4f47a8d63fa8093d9453febf74a36","385;395;421"
16079,1.091881,0.352233,-0.688444,"fd72f864e51e56b871eeb51c5b789f3b98c4646eec67fdaa73fb65356bfb5a47","385;395;421"
16082,1.119460,0.365749,-0.710663,"ecf0b172e96d51d9eb3fa5181ed7483e8994ed181a67fa50dfd8557fd240c662","385;395;408"
16086,1.122144,0.397395,-0.698848,"e15d3365344e6730790a6648d7378074d0743c6a69b4f10ee5be600040b24621","385;395;421"
16087,1.177715,0.244793,-0.526954,"51c50eac1c0b4228b4a08a4957712051b0c57d636cc1091df8a2255438221802","385;395;408"
16091,1.180919,0.237633,-0.526313,"66fc2808e94d5eaeab7e80198ebe471387d5fd63fe47da73b9104dff10758e57","385;395;408"
16092,1.223350,0.373626,-0.538849,"e7fb63127290bae4b9fd31ff0ccedeb73ecdd7f7e7d7ace43c10afef2585afdd","385;395;408"
16093,1.103428,0.343887,-0.799423,"052701e7342b433936a8dbe8d361992018ec4c3a29b0490eacd6259068aa5031","385;395;421"
16094,1.140208,0.397403,-0.707166,"581f5eee32ca7d77b404eea17f37225126b76da06899015ef3e7328120822d0b","385;395;408;421"
16097,1.124535,0.385278,-0.695132,"64cc1d7e59cc4bbc3104e408f377085150d669ea6a0efb3fe3af805810936672","385;395;408"
16098,1.200418,0.419510,-0.735129,"65f1194f484c47bc6340e848f2511d3458dc626acb32fb3f65bc040c58b34228","385;395;408;421"
16099,1.115752,0.420066,-0.814912,"57b711a8bba91acf2f6989fd8ff648d4b78fdc959f0bccd7bcd43ffea8468355","385;395;408"
16100,1.177555,0.257636,-0.680579,"543e9c34aa29109aaabbb0fdd7e1491b87576d113a43cb00d8a37dfcc8710303","385;395;408;421"
16104,1.162979,0.253171,-0.673491,"41b99f21b1cf71b73aed0e4cf7b742329576681c99d8f100edd715548800837b","385;395;408;421"
16108,1.158122,0.247238,-0.657661,"7de18824884f47b863e6a40cf3e14b12d8e4686a4c63fb08fbcb453d40f25e52","385;395;408;421"
16112,1.181026,0.205236,-0.717799,"f8f8bb700ddc5196eb5fa4181f9f42ba8595fd188a6fb200d3f9347be204c66b","385;395;421"
16114,1.157292,0.425469,-0.826296,"38bad2f473f9f047bb0d787d2e9d6490afbbc700167b82d35ad510eb6b04cf9b","385;395;421"
16116,1.189604,0.206086,-0.721115,"f8b8b8780dcc5152e35db4181f9d423a85b47d08ca6fb221d3f930796080467b","385;395;421"
16122,1.191677,0.303760,-0.648991,"652fcc47b41a4eb2798cfea8e360973411ee6c6eecf8ed2fa27e25916ef35a4c","385;395;421"
16123,1.211952,0.308882,-0.655957,"6abde11495dbc4affb67ae896a2c149459a6cb017ba9f5df3b779451e74cd67e","385;395;421"
16130,1.255622,0.303991,-0.616756,"18ff5821f28b3cf73bbc3eed0d03431027fbc5d46458815efec525e52bb08f9b","385;395;408"
16133,1.245832,0.301393,-0.613266,"437f0395329b2ff23de05ae49ca6b5f4266d5ecdc599247ea4342b820cb5037d","385;395;408"
16134,1.246954,0.301507,-0.615305,"4f5b7345731ebf323ce85ee6dd97b3e4367cbfeec190a5cc666d2b862fb50df5","385;395;408"
16136,1.178078,0.190210,-0.678198,"65655147744e66b861a87b48d353893018d4446a49b0c90c679c251442b34222","385;408;421"
16147,1.318209,0.098689,-0.654992,"899e6c3534af6917746b56f7f32892605fae7e0dbdfc450fceef32c0ec885919","385;395;408"
16148,1.319862,0.096194,-0.655365,"819c7e7534be68177c697674f7189270772e7e1db5bc550fc6ff32c0ec88d919","385;395;408"
16150,1.338315,0.095049,-0.661963,"499c3f7534ae6b377c4b7a5cf739907095267c0db1bc012fecbf32c0c880c329","385;395;408"
16153,1.306931,0.040147,-0.671762,"e0e89cb82aed11cf8a3ba018b693411b83334a10226fda11d993553fd05807ab","385;395;408"
16155,1.319238,0.085006,-0.653590,"499c1f6bb0ae73b77d016e60fe738070b7377c28b3b8317fedff2240cac2a129","385;395;408"
16159,1.322350,0.088292,-0.654704,"499e1f6534ae6b377c097e54f731807097367c28b1b8012fedff22c0c8c2c329","385;395;408"
16167,1.348581,-0.048455,-0.863035,"cef0b6daa9f499c8bf5f95398cde7fff8713ff159647baf19b5b5bff9655af57","385;395;421"
16172,1.388285,-0.087338,-0.735070,"5a35f8e5ef7efd5f29efbeb78d3f5633efd7ffb5dc7bf5c2fff99fa7a7dcffff","385;395;408"
16176,1.361080,-0.011638,-0.658715,"76652960c57ddfdc69eebd0b1b2d5d38fdd155efd823b8caf3dc853c41fbf672","385;395;408"
16180,1.374227,0.007680,-0.709980,"01a5e94bf66b6b1d6ee95b60f1779960361a5fb89390ed596d0d2f80a4d205e9","385;395;408"
16181,1.375899,0.007175,-0.710716,"88f35de5b40e6fbd24a87264f7039951365c7d78d9b8411cece925c06c824029","385;395;408"
16184,1.388155,0.007385,-0.717136,"415815e5200e6d352da87264f71300d006157c6a419c514de4ba628008a00139","385;395;408"
16189,1.386281,-0.055421,-0.865759,"6aaee212ddf9f067fb4dec1d2aac5694a9abc310366ba6f71f57166bc344cede","385;395;408;421"
16190,1.335280,-0.072439,-0.720199,"5fdaede72656bdbc2dfe16e7dd3f9f6f27d5fdefe5d02de8fe7bef862fb63d7d","385;395;408"
16191,1.375028,-0.055515,-0.861336,"aef0e25ae9fdd0d6bb5df53d0edc6ebced9bf7159e6fbaf11b5910fbd30deed7","385;408;421"
16203,1.374136,-0.063367,-0.759033,"97764381323baa583dea53e74d4e9f95368d97e7e5942ddc9441aba42da72bd5","385;395;408"
16205,1.385245,-0.064586,-0.762662,"8b366981227fb91a3cee57f69d0e96ed3615dfadb59425de865fbb840fc59df5","385;395;408"
16206,1.406090,-0.065666,-0.769867,"9f166cc1a77ffd177d6f57f7993e96eda717dfbdb59c35c6c65ffac4aed59d75","385;395;408"
16211,1.429319,-0.030036,-0.674782,"7569cb6882c44fcc60c0e88c53c131303ce050fe4903bc38f1ac251ce9b36230","385;395;408"
16214,1.351658,-0.111630,-1.045547,"0afd2b9e5dd5bbeebf4cdc83aced3700f87b9bc7423b3affff758f2b570f3dfa","385;395;421"
16216,1.313411,-0.107921,-1.019604,"1afc2abe5ff5b3ee9f4cdc032cde2704f9fbd7c3063b3afff3558bab570f35db","385;395;421"
16217,1.328889,-0.106374,-1.022587,"2e79eebbddd9bfc68fd5dcafa8ec7708ebfbd3d31efbfef0ff759ffbd75f96de","385;395;408"
16226,1.332628,-0.061508,-1.061188,"0f5e081fa0bd97b03c4e55fdfc648fad976bdc67a5c06c7fa4377cb29cf70b5d","385;395;408"
16234,1.493888,-0.107369,-0.657291,"df5b6ee6ae565fb871feb7b65b7f9f7376d5fdeefd47adeef2fbe79527b7e653","385;395;408"
16247,1.442359,-0.036047,-1.044917,"fdf409bb70d65abc3058c578f7579a7156981defef96ec3ff7eba8ec34921641","385;395;408;421"
16249,1.448065,-0.104445,-1.179833,"4ebcfffea8c0bf9ebbdf16b9fcffdd7b8777fd13f249bae16bff7fff86f5877b","385;395;408;421"
16250,1.440708,-0.032254,-1.034474,"2d10fd6dec6e5d1971caf55cd37f193b9c947528b996730847eb6084e8f0c6f3","385;395;408"
16252,1.508760,-0.039546,-1.078076,"e9767965341efb1678ee767c971f86319e545c78e1bce1066ef924d44e88c7f9","385;395;408;421"
16257,1.446132,-0.085769,-1.087500,"0f17e3adf6b6fad33f495fe75deebfe0b77f97bd9590adce7e6dabc4afe7b9d5","385;395;408;421"
16260,1.454601,-0.130272,-1.208528,"d05477ddac6f6d3f35eeded6d727906d77de7faef9dcf9def5aaf7c4a6d1a471","385;408;421"
16264,1.459847,-0.091746,-1.079259,"1fde66a3a232fede35cafbe7494eb7e07fc5b7f7cd950dce36efaf84aff7a955","385;395;408;421"
16265,1.450226,-0.077328,-1.070128,"1f14e3cbf37a7fde3d6b7bf0dc768dfcff5f9fba97906de3affebec6a6d787f5","385;408;421"
16266,1.588748,-0.051547,-1.134177,"c9be78f1a27e7db37c7e7f749f3f8339a71fdd2aa1fcf12ec7eb70846ed1cffb","385;395;408;421"
16267,1.476045,-0.099195,-1.098801,"5f1c7fef26d6fb70fdc8ff6679ffb765fef5ffebc9a13bcdd3fbeb822faf7173","385;395;408;421"
16268,1.420920,-0.089700,-1.051125,"1f5fe7a3b632eede35eadae75d6ebde47fcf37ffcd900deab64caf84aff779d5","385;395;408;421"
16271,1.445592,-0.099728,-1.070351,"9fdf7fcf3c16fff0fdcaff667bffb4657ee47feee9b12beef6fbe7806fbb7071","385;395;408;421"
16273,1.526149,-0.112292,-1.044656,"9f16e6b7a636ec973ddb5ff65d2ebb6b6fc73fafb5d025e2de6ffe84aff5b9d1","385;395;421"
16274,1.539060,-0.113481,-1.052389,"8f9ceef7a636ef973ffb57f6dd2ede6b67c73f9fb1dcade2aefffec4adf5a159","385;395;408;421"
16275,1.549623,-0.114402,-1.063447,"4fb6f4d3ae7afdbf3fff1736dc7eda6bf757ffb7b7c0fff7ce7bffc686f5b555","385;395;408;421"
16276,1.557646,-0.115974,-1.068566,"dfb1fcf7ae36ff993fff97f6dd7edf6b77d7ffffb341eff0defbfff4a7ffb171","385;395;408;421"
16277,1.568424,-0.119296,-1.073838,"dfb1ecc3ac72ff992fff973ed96fdf6bffd7ffffbb47eff2dafbeff4a6fff171","385;395;421"
16278,1.755723,-0.127321,-1.216230,"5e36e4e5ac7b5f98effe9eeedf6fdf7b7fd5fdfbb963efc0fefbeff48fff7771","385;395;408"
16357,0.920903,-0.080898,-0.249748,"222ce35ad997ebd233847c0820cfb53459fa139822fafaff7f1c8568f38066fc","361;385;395"
16363,0.892326,0.174128,-0.286443,"dc453c77816e57bff4b6af10df370b7b01d6ec2a78e57b2ee1e3751562f18622","244;372;395"
16369,0.873469,0.200826,-0.308675,"50a89f3e8aa9008eae17a099b6e6405a83676810324d8a7398325f7880000728","124;230;395;408"
16926,1.027975,0.377432,-0.683316,"dae6ac31bd3f54bf3f3f4eddce295ad5950eed1df25cdb17ee775df696d49b4b","395;408;421"
16505,0.938845,0.459397,-0.956847,"2eebe09afdd1bacc9b7555bba8ec7e84cd4b93d5966beef53e559fefd70fffd6","395;408;421"
16507,0.980586,0.442308,-0.896622,"5c38bf74296c7902a3dba6389fb7417aa5f5fd900947b240d3f7773982712773","395;408;421"
16509,0.919143,0.441635,-0.909972,"04219da98a2dadc8aeb34802d4f3690af35b7b1b12705b50cd846f6c9073a1a0","395;408;421"
16517,0.965499,0.441106,-0.998956,"a7f1f952e04fbfdc5afc75ec50ddff2c1f58177ac3723a716f1825acdffbc6f1","395;408;421"
16519,1.000837,0.459691,-1.034505,"87f6f156e46dafbffbfa3cfcf8fcdd27175a37aee374befb2d1c67accff3d7f5","395;408;421"
16520,1.138634,0.392992,-0.704848,"501f1aa612867f35a004ef85f7e7225236f76de6489b916ff3e76a0120a22f5a","395;408;421"
16521,1.130141,0.389174,-0.697053,"d0cc0ebe18c45bb0b504ef1577e72250c4f76dce388bd22ff1a7c00830832672","395;408;421"
16523,1.132231,0.393896,-0.694473,"6faf404bfd3f46b85fb8bc4cca68dfb459cec67e9d724dfe3e5e057edfff5a05","385;395;408"
16526,1.122729,0.361564,-0.837800,"40249231a0a82007ae134a10a5a240c8232f6a98129883428ca61a4180408908","395;408;421"
16527,1.118385,0.362260,-0.838282,"78290e2e59d45060a114a10967de2273a8a1ece24c43121d93e1481b60026e42","395;408;421"
16534,1.063395,0.446337,-0.889214,"853a9db168acb152aa5b5175949bc01ba509771d937c8200cc807aecc8010383","395;408;421"
16535,1.120198,0.351195,-0.814958,"608d090f50c927a7e420e808b320001008a24a4853ab443ffd242470700ac6a8","395;408;421"
16537,1.105984,0.347363,-0.801875,"52f6aa008b5015eea2ff86b50ca64a57a557edb07a4bb260f921feff8054a77f","395;408;421"
16539,1.140286,0.359663,-0.831456,"7232e5144f429908bbf411af48ecd61f3eedf5a58e40bed91c32cfaf25245675","395;408;421"
16540,1.005037,0.140358,-1.126147,"81224dbd302a69123463f2d4d30390597eac7e8ca9dc4544c4abf2c02c8040a8","395;408;421"
16541,1.024249,0.141105,-1.149722,"610ec575342a6a3774a1fac0f323907433ee7cacb9d8c50eacaef340ece05228","395;408;421"
16557,1.046861,0.384777,-0.961611,"61eb1027680baee530a2a348f52380101aed6aea40dac92d34a67f3040b28388","395;408;421"
16566,1.106014,0.460886,-0.987154,"32f8635ad7c9f6e57945f09b2adc2e14fbbbc39156bbb2f73f14166b6706f7de","395;408;421"
16567,1.098299,0.456843,-0.978193,"32b953db5781b2eb1f01f86228d82c84fdbb93815ebb4af51d549a4a770c638f","395;408;421"
16569,1.093999,0.454578,-0.977470,"3ae9625257d9f5677b456c1b2a8c7614baaac29456bbb6f73f5c166b6304efde","395;408;421"
16570,1.085466,0.449116,-0.968695,"3af9731a57c1b6e73f41f0f328dc2c94fbbb938172ba12f73f54164b7f0cf7bf","395;408;421"
16571,1.074790,0.443963,-0.961407,"32aa12ba5f8190e81f11f80b2ec86c84fbab82911e3b0af59ad40b6f530e6b8e","395;408;421"
16572,0.996553,0.409281,-0.899708,"3aca3afa1dd9d2e88f15e40b2ec926c0e8ba8b402a2f0abfd3d5837b730e7c8a","395;408;421"
16585,1.056135,0.463975,-1.030832,"af366ced7e37fa5817eeddff595ddf207f55fff7b4f4ed9e6e4fa9b7ffefdcf3","395;408;421"
16587,1.089652,0.067260,-1.100854,"0ba877db9bb5b9cfbe514692bdc72aed673bfb9c17493ff58f5b1e42b6c4a1fc","395;408;421"
16689,1.179942,0.032654,-1.302883,"787f69a42d6f5f3e01eebded7f3dd3138ef5d567c96bf98cf3db65b96ffe567b","395;408;421"
16690,1.179734,0.032843,-1.303681,"7e717bf6e68c5fb0a9e8dfedfefd9fb3bef7f567c8d2e8edf3f96c920ef78673","395;408;421"
16700,1.224310,-0.045407,-1.219806,"befff573b7ffdf9f3bff3cbf4b7ddf9cbfdbd5f5ff703efbbbdfe5e7eff7de57","395;408;421"
16706,1.530318,-0.113845,-0.680958,"d0117de5244e7d3124acf629f77f105376f57debe8f8610cf5ebeb9024a8457b","372;395;408"
16711,1.135869,-0.012446,-1.197195,"2e50f6ef6d5dfed88d5ef5bf4effbfbfffd1ffe7ad677be397ffcb9fd7bf6ed7","395;408;421"
16720,1.428836,-0.116515,-1.091328,"0eeba29afdd9bbcebfc5dcabacec7700eb7bfb5556f92effbf578fcbd75dbdde","395;408;421"
16732,1.432587,-0.082165,-1.241067,"5b32fbe5265ef9506becf7a7dd1ed672b69dffc5c595b5c0d7f9ab8627a6477f","395;408;421"
16733,1.338323,-0.110054,-1.202918,"fedd7afeffd7fff8bdeefe276efe37f5ffffffe3e8d7b8fff7ff8fbb177f75f7","395;408;421"
16741,1.400494,-0.120401,-1.125680,"0fffc693fd9feaf63fbd7ee7eee9dec47feeef5cd6f8cfe73e7e17e2ef9ffbdd","395;408;421"
16742,1.377546,-0.101725,-1.218833,"de597be7b6567ff46d4cff225f1fbf7076d59debc9972deaf3e96e832fb7e773","395;408;421"
16743,1.462231,-0.035067,-1.049276,"6531f945a46eed1d69e9ff6cd237943e9c147c3c91b0f14047bc6594c8e2c271","385;395;408;421"
16745,1.388879,-0.103461,-1.226297,"de5f7ae6a6567ffc71ceffa65b7fbf717edf9febe9b7adeef3e9268567f3e673","395;408;421"
16750,1.367837,-0.165899,-1.102886,"0a5ca2bf7594bf461e4f5c03acde33c4fe3b9785c2be20eb65759e8b175c31db","395;408;421"
16983,1.185379,0.222405,-0.677520,"49f99d73a98c5597abb9ae1cbeb7403a85777c101349fb60e9fb577e8050833b","385;408;421"
16996,1.198611,0.194696,-0.687201,"6d313d63284f5718a8fcbd0cdf17483284555d6ac121f900c7d921344ab34673","385;408;421"
16998,1.218330,0.198094,-0.696320,"65313d66284f531868e82f08d717093280545d6a0120f908e7d9611440a34262","385;395;408;421"
17436,1.158317,0.424272,-0.826290,"32bb4ab8f2c199473b4df8ff2c8e2690eebb97959f9b24d7b8141aebdd04afdd","385;395;421"
3535,0.347290,0.049429,0.557062,"012066894cb3e95a6665c686d182926c7a8c7a9d9bd8f7d094689a402f8071a4","31;41;51;58;289;294;303;320;334;337"
12222,0.717445,0.066075,0.179390,"3acd7afcd7c1bf678d44dca32dbf3661eebb97e1f2ab24fd737d8a8b37dcb5ff","82;282;337;351;361"
12998,0.277536,-0.168248,0.558796,"4f29a9b2bce3590286f58e818dae534a41ef79959e49efb2dd459ffdb4a73542","31;41;51;294;320"
12995,0.289317,-0.109233,0.556501,"d9595565284e47bc61e8e6485313817724d47ceae970f10cf5e960146bb34239","31;41;51;289;294;303;320;334"
17317,0.894317,0.058143,-0.353023,"7de7dd65b00a6fb870a2ea40d363817033cc6c6e69f0cd0eecaf250468f34220","124;395;408"
13714,0.275486,-0.111783,0.571072,"15de9dedb04f4f9e166bbe64f737817055d61cf8a998793fedafa594b8fb8039","24;31;41;51;289;303;320;334"
13715,0.137491,-0.202802,0.637866,"df1fffffb2b67b52b9c85ee67df7b37be6773ddeb1d9aceed6ffaa80aee32179","0;31;41;294;303;320"
13716,0.166055,-0.215013,0.608079,"29d773ee70076fbd254c7fc4f9f7b97476be77eec992797de7fea78032b2a6f9","24;31;294;320"
9854,1.424790,-0.054631,-0.550420,"5c5cbe740bfc1192a05fa6383fbf437ba7f7fd820c4db320d3e37093e2712e73","124;244;258"
9850,0.875986,0.213220,-0.291654,"e7b8e956e96c159ebbfbb07d1afc463a85fffd11b76bfa605b1a55bac874c65f","124;244;258;372;385;408"
9183,1.477525,-0.109721,-0.600107,"fa957ee43d5e5e396decfe2f6b7d1ed2fef7fde3ccbbf1cdf3f9a39327ae7c5f","124;230;244;258"
12997,0.509806,0.171466,0.583406,"92dc53ded3f0bee7bd034bb26cfeace5e37b9382739d3aef3326de8bb754a5bf","41;51;289;294;303;320"
9858,0.906591,0.000647,-0.139046,"722152680d894041eb10a00922884490e8a148c00e23c2d193d0807b61026a8e","97;244;258;268;361;372;385"
10356,0.912616,0.028292,-0.364709,"36a4977db82faeea3fb2eac9e3ea1c12fd7d6ba12af3cb5f9cfecf14c1606380","124;372;385;395;408"
6944,0.910225,0.048586,-0.259437,"f26b6c04ec5b4d2f43f6b4ab230cd71f0ae464edcc7ae7083618c5b965fcde4c","97;124;244;361"
10350,0.869763,0.236810,-0.240035,"6ebbac3269991a888b3d0dadeccd4e128661e953064bcab14e5145fb52070e53","97;258;361"
10351,0.923068,0.262991,-0.072004,"3d856c65d6134ffb51e2fe8a53699da479c635efe9b26d8e7aefa59467fe7868","97;244;258;268;272;351;361;372"
10899,0.869146,0.253012,-0.163468,"1b126e496a1b69527569d6e6598d96647e8c7fac89d065c0566ba3842f8c70f5","244;268;385"
15359,0.867924,0.262062,-0.208384,"6ab112ba69dd1048af9ca109aede6ed6c8b1ef414e03dad193d00b3b120e2f47","258;361;372;385"
16771,0.915177,0.009899,-0.361121,"04ac8e1fd88327ecb6bfc011e4e06b4bd1666a1232cbca3b2d26557f9071a582","124;244;385;395"
15363,1.999953,-0.704107,1.104642,"6de5f967b46f67bc74eaff08d371993019ce7c6af9f0792fefff2514c0fbc220","282;337;361"
11807,0.664408,-0.020868,0.269192,"969374e9bc1ffb39cf79b7ffcf5fbec5ee91dffff9614dd5bedbcbd61f8ed155","82;268;272;275;282;289;337"
11811,0.631147,0.167131,0.311754,"8d5f3d65b50e7fbe7cc87e44df399170945c5c6ce1b8710ee7ff25844ab34371","66;275;282;334;337"
13381,0.513175,0.098745,0.663802,"a330b1986dcdb8528b58307d9c9ef4ae8e315f15872fb2d115185aba580c03f5","289;294;303;320;337"
12608,0.680737,-0.059427,0.274886,"3e2d62c0f7f3fad25fe17c4a09a9f5247fbb17d89fba24fe3f5c83e5f7cf7285","275;289;334;351"
14963,2.037546,-0.716363,1.123251,"2030fd6570ea61377daf7630b337807022bc660831fce10ecfff3000608046e9","282;334;337;351"
14966,0.640404,-0.039539,0.295421,"5e32daa4e2223d1523af4fbdcde74ada37ddedb410d08942dee7ffc5a2e6af53","272;334;351"
17313,1.302846,-0.012191,-1.022283,"26c0e473e528f88c7b3373914b695d1ffbcf379b16f2cfe00ffad547e7f9d286","385;408;421"
