x,y,z
0.890445,0.109486,-0.110443
0.870362,0.267871,-0.030008
0.849200,0.285325,-0.060262
0.831361,0.289947,-0.075496
0.858564,0.298975,-0.069891
0.596891,0.065903,0.328523
0.613726,-0.010570,0.321622
0.601020,0.041624,0.318284
0.682544,-0.088830,0.272072
0.747828,-0.078552,0.175552
0.611600,-0.000735,0.312876
0.723023,-0.119492,0.247314
0.677980,-0.067281,0.277256
0.736984,0.075392,0.158049
0.593606,-0.043980,0.342509
0.609760,-0.033120,0.350396
0.702989,0.196357,0.359244
0.679574,-0.009699,0.252501
0.945904,0.239767,0.036993
0.765178,0.244233,0.134786
0.787455,0.001556,0.136288
0.739760,0.185006,0.145685
0.733356,0.237003,0.100418
0.744957,0.253157,0.021650
0.729861,0.234018,0.106890
0.727394,0.241752,0.064525
0.737357,0.250057,0.019565
0.733204,0.249960,0.042439
0.731956,0.260526,-0.009490
0.730062,0.257032,0.004103
0.623784,0.162329,0.293728
0.640404,-0.039539,0.295421
0.680737,-0.059427,0.274886
0.647135,-0.190381,0.347461
0.636700,-0.184445,0.332976
0.572780,-0.067448,0.375758
0.620334,-0.051655,0.343072
0.686278,-0.120935,0.273067
0.357932,-0.032642,0.534916
0.687375,-0.122554,0.276146
0.687249,-0.078355,0.249438
0.702410,-0.119106,0.254892
0.873632,0.191836,-0.069939
0.887924,0.260424,-0.165028
0.913574,0.011558,-0.132011
0.908127,0.073546,-0.108618
0.905116,0.036451,-0.227917
1.042704,0.239623,-0.471319
0.926075,0.350418,-0.366474
0.912069,0.332357,-0.418266
0.604211,-0.072798,0.347322
0.599356,-0.019194,0.352098
0.671081,-0.025012,0.276877
0.632031,-0.007855,0.303087
0.576768,-0.012001,0.394268
0.608383,0.088357,0.319697
0.438846,0.063734,0.334115
0.642344,-0.033297,0.288557
0.646168,0.002566,0.300001
0.619415,-0.063597,0.337156
0.601185,-0.054075,0.348002
0.678584,0.121923,0.204011
0.920903,-0.080898,-0.249748
0.941892,-0.114897,-0.259861
0.931291,-0.087960,-0.220069
0.942712,-0.115051,-0.261153
0.909744,0.080176,-0.192057
0.955601,-0.170051,-0.130470
0.875303,0.193416,-0.055724
0.728573,-0.160526,0.190187
0.871290,0.156343,-0.220897
0.692828,0.091879,0.203526
0.654882,0.099156,0.242412
0.657507,0.084128,0.247096
0.695062,-0.048693,0.248175
0.740120,-0.184797,0.188954
0.858080,0.174942,-0.060810
0.872672,0.121858,-0.120688
0.774328,-0.027693,0.155363
0.888723,0.120712,-0.174876
0.710604,-0.116061,0.237696
0.892857,-0.014827,-0.134941
0.877600,0.166200,-0.079414
0.933936,-0.073289,-0.143590
0.940990,-0.108729,-0.221574
0.886748,0.259801,-0.147797
0.895797,0.105532,-0.085559
0.890962,0.057883,-0.231845
0.889205,0.291941,-0.103525
0.843574,0.204401,-0.155540
0.859834,0.184492,-0.211057
0.033100,-0.051165,0.682863
2.037546,-0.716363,1.123251
0.631147,0.167131,0.311754
1.999953,-0.704107,1.104642
0.575149,0.000953,0.331505
0.672665,-0.081881,0.282808
0.670950,-0.081409,0.282889
0.648078,-0.123033,0.318337
0.675794,-0.019537,0.245227
0.656238,0.036050,0.260451
0.522296,-0.031489,0.452826
0.590184,-0.087722,0.394143
0.511308,-0.072351,0.444347
0.578245,-0.065837,0.384243
0.568153,-0.025749,0.381567
0.623085,-0.047707,0.322277
0.428375,-0.152450,0.478152
0.598416,-0.228040,0.434827
0.524142,-0.031522,0.453288
0.544837,-0.067693,0.414395
0.671723,-0.174566,0.306185
0.597949,-0.013585,0.340820
0.614828,0.159825,0.289937
0.614992,0.159494,0.288495
0.650430,-0.149059,0.336158
0.712710,0.206324,0.375396
0.701012,-0.169793,0.279210
0.448048,0.131009,0.556866
0.634874,-0.055661,0.311435
0.549636,-0.064821,0.418503
0.666160,-0.024140,0.272926
0.579751,0.027938,0.341949
0.569687,0.148184,0.319564
0.601921,0.055231,0.316937
0.749363,0.063509,0.143030
0.822323,-0.144254,0.117611
0.781230,-0.124793,0.175290
0.733073,0.096208,0.149283
0.701933,0.052926,0.209868
0.666475,-0.019227,0.269109
0.624738,-0.106736,0.315838
0.422185,-0.021913,0.341200
0.542436,-0.067688,0.408406
0.545414,-0.066493,0.406939
0.517860,0.077198,0.408315
0.532024,0.096659,0.430575
0.602630,-0.186120,0.374971
0.608097,-0.200645,0.349654
0.630218,-0.196027,0.412870
0.613823,-0.208032,0.359607
0.630532,-0.083338,0.340294
0.616957,-0.208744,0.361207
0.672650,0.120381,0.200555
0.593103,-0.218450,0.390618
0.592121,-0.219623,0.392256
0.591461,-0.183205,0.381492
0.597999,-0.147285,0.397259
0.699626,0.196328,0.358090
0.714298,0.208221,0.378502
0.778692,0.024074,0.122045
0.748086,-0.161001,0.182214
0.715842,0.178551,0.139424
0.759851,0.192255,0.165621
0.748020,0.189869,0.160993
0.697017,-0.116906,0.251638
0.695210,-0.169093,0.275938
0.699875,0.231793,0.120663
0.662203,-0.171523,0.296936
0.668224,-0.172830,0.302358
0.658360,-0.168711,0.295309
0.668337,-0.171796,0.302689
0.665671,-0.023722,0.274692
0.760051,-0.000349,0.152352
0.752206,-0.000178,0.150212
0.767000,-0.000451,0.155152
0.758876,-0.153065,0.179740
0.765715,-0.155760,0.184956
0.763935,-0.155940,0.183814
0.745164,-0.165268,0.195087
0.741730,-0.124971,0.192865
0.752870,-0.161922,0.209189
0.741363,-0.183823,0.189528
0.665127,0.013401,0.280250
0.645005,-0.019585,0.290587
0.648587,-0.149892,0.338375
0.634564,-0.026391,0.303470
0.715706,0.065009,0.174844
0.729283,-0.087138,0.221159
0.726875,-0.161701,0.228434
0.727730,-0.161555,0.228830
0.715380,0.184124,0.216128
0.714535,0.183796,0.215019
0.619136,-0.068719,0.338534
0.621321,-0.009711,0.316552
0.626500,0.163814,0.298920
0.733556,0.096108,0.145007
0.592036,0.078027,0.328376
0.611896,0.162240,0.340566
0.549871,0.060653,0.377297
0.535974,0.005521,0.415323
0.574819,0.150735,0.320395
0.580378,-0.068740,0.383053
0.427086,-0.149620,0.474947
-0.017294,-0.094611,0.698534
0.233874,-0.156108,0.577686
0.083228,0.159930,0.713592
0.066068,-0.003146,0.666813
0.181175,-0.145505,0.608456
0.091338,0.060220,0.925838
0.060132,0.163184,0.824714
0.081167,-0.048461,0.671282
0.157783,0.114727,0.619866
0.140601,-0.218600,0.638209
0.270139,0.173956,0.599702
0.159905,0.179801,0.608465
0.121121,0.180156,0.571408
0.256462,-0.198174,0.572817
0.245062,-0.169861,0.583407
0.575185,-0.084380,0.376152
0.578058,-0.083049,0.380056
0.615291,-0.068562,0.335048
0.608060,-0.215794,0.405383
0.514059,-0.066842,0.452059
0.576991,-0.085061,0.377473
0.591889,-0.013795,0.336741
0.337842,-0.204648,0.538050
0.558447,0.076442,0.377005
0.342008,-0.120149,0.533927
0.438232,0.015656,0.333777
0.533861,0.141194,0.356972
0.596966,-0.226305,0.431978
0.602443,-0.050069,0.338380
0.503372,0.102204,0.401359
0.625577,-0.151298,0.352199
0.625449,-0.217245,0.364476
0.623525,-0.216660,0.363531
0.618567,-0.193375,0.391074
0.431828,-0.004837,0.357527
0.596993,-0.031811,0.336668
0.579991,-0.031607,0.395374
0.566174,-0.013583,0.378846
0.556414,-0.011519,0.370578
0.523564,0.078666,0.414294
0.392832,0.064597,0.378420
0.628281,-0.214356,0.370615
0.612548,-0.191564,0.386320
0.620383,-0.208328,0.361319
0.595893,-0.185479,0.372940
0.597702,-0.216079,0.393989
0.590659,-0.164497,0.384282
0.594237,-0.212093,0.392268
0.595131,-0.215458,0.391855
0.589780,-0.208630,0.390200
0.586803,-0.207405,0.388511
0.592574,-0.163363,0.388377
0.594230,-0.163500,0.391062
0.592625,-0.149163,0.380316
0.590589,-0.136448,0.380556
0.393571,0.046810,0.377093
0.511282,0.131657,0.406061
0.393898,0.064391,0.378955
0.636736,-0.188843,0.345542
0.643015,-0.189599,0.346702
0.637638,-0.146779,0.332374
0.605302,-0.031010,0.332313
0.601669,-0.007595,0.329972
0.595922,-0.013793,0.338039
0.586488,-0.100702,0.384054
0.589550,-0.002449,0.343623
0.577083,-0.045737,0.383444
0.574958,-0.047098,0.381244
0.572320,-0.045607,0.379474
0.575194,-0.027051,0.390173
0.425206,-0.005039,0.348585
0.174713,-0.217197,0.624930
0.176374,0.001506,0.594290
0.327620,0.046244,0.556404
0.627495,-0.107308,0.322064
0.518547,-0.029438,0.441112
0.556017,-0.080665,0.422140
0.401974,-0.076575,0.505308
0.323099,-0.121234,0.533970
0.597651,-0.050210,0.334844
0.606366,-0.012990,0.335550
0.512469,0.128605,0.413105
0.431024,0.021887,0.345922
0.576845,-0.109531,0.381695
0.621247,-0.149343,0.346357
0.612545,-0.031618,0.337222
0.393901,-0.065838,0.513503
0.605430,-0.085781,0.345727
0.441733,-0.067235,0.494707
0.621813,-0.081856,0.330830
0.619708,-0.081346,0.331729
0.610234,-0.066855,0.329657
0.606922,-0.049557,0.329824
0.600508,-0.062898,0.346220
0.605808,-0.087327,0.346002
0.601852,-0.025926,0.353365
0.608185,-0.017838,0.360447
0.613159,0.068476,0.312576
0.624657,-0.000012,0.310204
0.649076,0.002496,0.303435
0.425504,0.010414,0.350587
0.431179,0.022120,0.342675
0.609881,0.089341,0.311230
0.603946,0.041370,0.332691
0.553363,0.067285,0.385868
0.608352,-0.088341,0.348900
0.608019,-0.088592,0.348032
0.607953,-0.087887,0.348990
0.609587,-0.057649,0.353286
0.636322,-0.107065,0.316637
0.619025,-0.080637,0.331317
0.639944,-0.107229,0.318162
0.602660,-0.037954,0.349386
0.597242,-0.037670,0.344742
0.594298,-0.035566,0.343999
0.596150,-0.007446,0.351883
0.589851,-0.019817,0.341195
0.594104,0.030487,0.355861
0.583086,0.030438,0.346382
0.606299,-0.031538,0.332924
0.585171,0.031588,0.348533
0.582584,0.032135,0.346688
0.579552,0.032150,0.343743
0.596550,0.002663,0.352173
0.601736,-0.012652,0.332684
0.604267,-0.012993,0.336375
0.340100,-0.120262,0.531442
0.443447,0.099109,0.346946
0.408777,0.017698,0.365461
0.703121,0.211881,0.368917
0.701580,0.204842,0.375464
0.516133,-0.039549,0.454346
0.519678,-0.073213,0.457039
0.578095,-0.089723,0.388694
0.571355,-0.048664,0.378374
0.570370,-0.046521,0.376376
0.425963,-0.011058,0.481321
0.424315,-0.010884,0.477147
0.405524,-0.013290,0.490720
0.561030,-0.017382,0.386809
0.623984,-0.150079,0.348771
0.619734,-0.147801,0.340942
0.608621,-0.087739,0.348871
0.302525,-0.097162,0.552388
0.366863,0.082977,0.584437
0.358994,0.079364,0.567473
0.334328,0.186615,0.562683
0.424725,-0.011278,0.340169
0.365974,-0.012906,0.520929
0.513676,0.104690,0.699372
0.360460,0.133130,0.639735
0.364557,-0.211708,0.530442
0.302623,-0.108135,0.550059
0.242180,-0.207350,0.578180
0.301135,-0.108183,0.547718
0.389012,-0.151325,0.518371
0.275145,-0.090711,0.572967
0.288184,-0.056262,0.555988
0.380173,-0.206065,0.513360
0.395025,-0.005139,0.520870
0.455614,0.128547,0.823358
0.423066,0.124558,0.815760
0.416836,-0.006303,0.357760
0.333708,-0.212887,0.517727
0.317914,-0.202887,0.489110
0.455159,0.058361,0.352381
0.304416,-0.022697,0.557846
0.277150,-0.242318,0.586939
0.474875,0.120518,0.709741
0.513324,0.104022,0.687376
0.439727,0.128673,0.534172
0.430146,0.012100,0.356373
0.421553,0.010772,0.348130
0.423091,0.010496,0.349656
0.420173,-0.004974,0.344890
0.408295,0.017747,0.355910
0.400428,0.067770,0.392366
0.545278,-0.068440,0.411289
0.287025,-0.011223,0.547332
0.398900,0.047835,0.388266
0.439746,0.068221,0.332097
0.444709,0.029543,0.488473
0.424915,-0.042646,0.493700
0.518254,0.133590,0.415820
0.412797,0.027767,0.494781
0.431264,-0.005149,0.342933
0.431229,0.021829,0.341801
0.445014,-0.097609,0.486239
0.280083,-0.180756,0.551091
0.302543,-0.111213,0.565171
0.301635,-0.055967,0.550256
0.301074,-0.055714,0.549974
0.433168,-0.151099,0.481119
0.341138,0.184313,0.494363
0.354791,-0.182521,0.531884
0.076923,-0.001411,0.665293
0.235448,-0.192851,0.614622
0.396984,-0.142223,0.498575
0.407110,-0.007967,0.352965
0.252013,-0.097609,0.557610
0.187111,-0.197883,0.604110
0.894317,0.058143,-0.353023
1.132231,0.393896,-0.694473
0.873469,0.200826,-0.308675
1.755723,-0.127321,-1.216230
1.440708,-0.032254,-1.034474
1.493888,-0.107369,-0.657291
1.332628,-0.061508,-1.061188
1.328889,-0.106374,-1.022587
1.429319,-0.030036,-0.674782
1.406090,-0.065666,-0.769867
1.385245,-0.064586,-0.762662
1.374136,-0.063367,-0.759033
1.335280,-0.072439,-0.720199
1.388155,0.007385,-0.717136
1.375899,0.007175,-0.710716
1.374227,0.007680,-0.709980
1.361080,-0.011638,-0.658715
1.388285,-0.087338,-0.735070
1.322350,0.088292,-0.654704
1.319238,0.085006,-0.653590
1.306931,0.040147,-0.671762
1.338315,0.095049,-0.661963
1.319862,0.096194,-0.655365
1.318209,0.098689,-0.654992
1.246954,0.301507,-0.615305
1.245832,0.301393,-0.613266
1.255622,0.303991,-0.616756
1.115752,0.420066,-0.814912
1.124535,0.385278,-0.695132
1.223350,0.373626,-0.538849
1.180919,0.237633,-0.526313
1.177715,0.244793,-0.526954
1.119460,0.365749,-0.710663
1.119423,0.346591,-0.545125
1.126087,0.349313,-0.547943
1.147967,0.267598,-0.510000
1.116756,0.343014,-0.542601
1.097133,0.332430,-0.538105
1.101660,0.280096,-0.523490
1.126091,0.313629,-0.564849
1.165574,0.334937,-0.522319
1.088501,0.356591,-0.529166
1.152718,0.310292,-0.460139
1.021642,0.368117,-0.573484
1.029653,0.354829,-0.500848
1.008890,0.376975,-0.609193
0.971097,0.381803,-0.629727
1.004956,0.355687,-0.456361
1.011757,0.358025,-0.457927
0.999691,0.353734,-0.456156
0.973585,0.380218,-0.551997
0.972850,0.378993,-0.551941
0.964327,0.374650,-0.547830
0.969542,0.376673,-0.549096
0.958989,-0.154634,-0.405594
0.919963,0.007885,-0.364218
0.869464,0.178585,-0.365320
0.869277,0.214175,-0.289994
0.850028,0.258177,-0.347941
1.179325,0.235125,-0.522475
0.927938,-0.061050,-0.417186
1.023099,0.361820,-0.461448
0.664408,-0.020868,0.269192
0.717445,0.066075,0.179390
0.879908,0.282778,-0.031731
0.746542,-0.089706,0.181339
0.661935,-0.012625,0.272841
0.633887,-0.017210,0.302653
0.648956,0.095828,0.255605
0.672711,0.121865,0.201128
0.729457,0.064272,0.174409
0.659696,-0.029776,0.267304
0.650111,0.039159,0.260194
0.754458,0.018361,0.147471
0.714358,-0.112754,0.223865
0.723527,0.058133,0.156404
0.672763,-0.173574,0.304400
0.678272,-0.087656,0.268195
0.639990,0.004265,0.281100
0.717648,-0.090444,0.209921
0.629140,-0.036669,0.308947
0.630572,-0.026669,0.301092
0.587911,0.084957,0.320145
0.653513,-0.051040,0.283710
0.742039,-0.125052,0.191296
0.755518,-0.124140,0.183642
0.661674,0.086118,0.216606
0.627262,0.072145,0.291296
0.678430,-0.087149,0.267654
0.628789,-0.036312,0.307881
0.766464,-0.026730,0.153780
0.753745,-0.085160,0.172229
0.719127,0.179608,0.139800
0.899230,0.050922,-0.031793
0.638474,-0.039354,0.294422
0.784558,-0.019727,0.134073
0.749970,-0.085694,0.170136
0.769009,-0.024861,0.156070
0.766902,-0.127140,0.191655
0.741225,0.060238,0.164052
0.725257,0.081508,0.179421
0.674165,-0.075305,0.268772
0.636336,0.073078,0.267917
0.773888,-0.027250,0.157609
0.763225,-0.124204,0.176719
0.760923,-0.086579,0.174484
0.733823,-0.082938,0.165411
0.745355,0.013403,0.160971
0.756061,-0.158681,0.174739
0.756345,-0.088160,0.181085
0.746294,0.076224,0.163373
0.751563,-0.166703,0.199627
0.745267,0.186952,0.149427
0.642189,-0.079454,0.316391
0.651551,-0.059791,0.304971
0.655062,0.006439,0.270518
0.647523,-0.058277,0.300297
0.642140,-0.063549,0.303058
0.648353,-0.108220,0.324420
0.639562,-0.036141,0.304838
0.623615,0.000182,0.310511
0.714540,0.065987,0.176642
0.721016,0.066696,0.180579
0.712648,-0.107650,0.200588
0.714093,-0.086254,0.225938
0.697937,0.053256,0.205968
0.692481,0.124952,0.185891
0.698028,0.126099,0.186695
0.683861,0.013915,0.239512
0.678047,0.122887,0.204756
0.674005,0.087847,0.223966
0.621500,0.092130,0.280567
0.624436,0.059674,0.285534
0.611529,-0.010606,0.318747
0.859089,0.213107,-0.009593
0.856141,0.211210,-0.011088
0.864945,0.196878,-0.051587
0.787935,0.210358,0.173338
0.866623,0.281978,-0.039779
0.600551,0.054021,0.316657
0.600857,0.087991,0.311919
0.834926,0.253342,0.059238
0.668388,0.086918,0.220766
0.670716,0.118176,0.198990
0.655903,0.084829,0.244369
0.651774,0.042057,0.261396
0.663349,0.041648,0.279802
0.643650,0.088260,0.261668
0.891314,0.259214,-0.028163
0.940201,0.276901,-0.021257
0.644017,-0.014353,0.278507
0.644607,-0.065123,0.306870
0.586627,0.072151,0.323548
0.750260,-0.122726,0.181447
0.643517,-0.077923,0.305563
0.637679,-0.063014,0.299011
0.676335,-0.087344,0.267774
0.661501,-0.000493,0.268069
0.655771,0.006776,0.271211
0.659034,0.041044,0.275308
0.654907,0.041334,0.264894
0.679626,0.013840,0.235762
0.680041,0.014142,0.235354
0.621775,0.044993,0.297062
0.607261,0.068350,0.309211
0.608375,0.068473,0.309224
0.644593,0.074618,0.272560
0.639973,0.074494,0.268640
0.622293,0.071186,0.284178
0.657375,0.084914,0.246399
0.646811,0.096155,0.263090
0.634024,0.086413,0.254720
0.637429,0.095291,0.263625
0.701255,0.053152,0.205096
0.703800,0.054003,0.206731
0.653709,0.098477,0.238393
0.703389,0.053846,0.205232
0.700614,0.053915,0.203623
0.659676,-0.080392,0.281147
0.656203,0.098567,0.243777
0.680790,-0.076332,0.272332
0.639192,-0.053976,0.301601
0.677803,-0.077150,0.270242
0.691913,-0.116176,0.246848
0.675994,-0.076563,0.268243
0.678563,-0.077361,0.269116
0.636230,-0.045005,0.301891
0.678791,-0.086986,0.266318
0.673369,-0.060076,0.273477
0.674950,-0.076598,0.264558
0.674754,-0.056367,0.270024
0.643265,-0.035554,0.307238
0.669573,-0.055317,0.266375
0.721099,-0.090784,0.212613
0.673626,-0.042917,0.277245
0.672418,-0.042721,0.273161
0.665285,-0.023678,0.269806
0.667522,-0.049591,0.271659
0.712527,-0.113290,0.225872
0.645577,-0.015075,0.292831
0.709827,-0.112144,0.222280
0.634099,-0.016381,0.301120
0.670630,-0.040669,0.270771
0.699711,-0.069746,0.255145
0.666892,-0.037861,0.267537
0.687128,-0.068298,0.246102
0.659388,-0.031797,0.277852
0.669448,-0.036645,0.268761
0.663832,-0.017885,0.266914
0.657089,-0.005276,0.266861
0.661979,-0.004923,0.273331
0.712286,-0.108257,0.200538
0.688527,-0.038991,0.246289
0.657683,-0.002185,0.266723
0.687217,-0.038259,0.244575
0.652377,0.005454,0.277414
0.689852,-0.038278,0.245779
0.749504,-0.090056,0.183207
0.649457,0.005824,0.276080
0.687426,-0.047804,0.241946
0.653998,0.011313,0.266379
0.692979,0.091578,0.202356
0.697119,0.092639,0.203898
0.683999,0.120082,0.206992
0.677254,0.115785,0.202900
0.674438,0.115149,0.201420
0.695336,0.125776,0.184785
0.694141,0.125670,0.182723
0.603849,0.067153,0.305251
0.595558,0.086988,0.308103
0.625327,0.058790,0.288726
0.627219,0.059371,0.288450
0.623513,0.058807,0.284911
0.617788,0.082731,0.284826
0.619032,0.091485,0.287830
0.635541,0.048324,0.277246
0.637254,-0.045259,0.302830
0.636864,0.002799,0.289503
0.612127,-0.010698,0.316820
0.608626,-0.001350,0.319734
0.626624,-0.017952,0.309232
0.644189,-0.054505,0.305878
0.637339,-0.052894,0.296717
0.627319,-0.017623,0.308045
0.629628,-0.017666,0.297739
0.631564,-0.017376,0.300112
0.590917,0.071886,0.327519
0.587377,0.071811,0.325598
0.631885,-0.016839,0.299409
0.589325,0.077148,0.326366
0.637656,-0.015727,0.294828
0.637401,-0.105746,0.314216
0.641148,-0.122011,0.311884
0.640838,-0.121001,0.310996
0.615281,-0.029024,0.316687
0.654219,-0.102022,0.290211
0.629457,-0.065637,0.314635
0.655190,-0.102251,0.290783
0.659040,-0.102401,0.292693
0.636244,0.048173,0.277881
0.618480,0.000859,0.303910
0.631820,0.001238,0.303410
0.628664,0.001356,0.301883
0.634247,-0.002721,0.297777
0.867924,0.262062,-0.208384
0.912616,0.028292,-0.364709
1.530318,-0.113845,-0.680958
1.349280,0.087052,-0.606480
0.919298,-0.063797,-0.414989
0.958686,-0.136926,-0.156014
1.343130,-0.093459,-0.604766
1.520282,-0.110222,-0.674583
1.534209,-0.112471,-0.675038
1.433063,-0.098058,-0.634018
1.431861,-0.064074,-0.636169
1.422937,-0.001025,-0.589099
1.431723,-0.030315,-0.673590
1.399130,0.041657,-0.611903
1.388506,0.046374,-0.592336
1.408523,0.046171,-0.599110
1.402316,0.046405,-0.598434
1.399458,0.006189,-0.640314
1.375072,-0.012065,-0.665032
1.204055,0.230225,-0.492605
1.165039,0.233180,-0.517874
1.065621,0.234065,-0.433836
1.124280,0.261728,-0.496066
1.126746,0.263002,-0.496242
1.046541,0.362651,-0.448353
0.963078,-0.153382,-0.308623
0.957420,-0.152507,-0.307393
0.936615,-0.106350,-0.223623
0.918102,-0.020100,-0.372605
0.902578,0.027891,-0.263976
0.904736,0.027854,-0.361612
0.874251,0.169054,-0.150138
0.970509,-0.227902,-0.089081
0.953405,-0.202027,-0.140119
0.955156,-0.201888,-0.140440
0.959309,-0.203765,-0.140549
0.956796,-0.184049,-0.156122
0.944994,-0.167921,-0.130447
0.966337,-0.188218,-0.178080
0.926121,-0.101610,-0.156316
0.940528,-0.089301,-0.148247
0.949290,-0.164481,-0.233256
0.947374,-0.163418,-0.232814
0.913544,-0.003171,-0.116349
0.944867,-0.144648,-0.257724
0.902300,0.085427,-0.096064
0.930938,-0.104925,-0.300683
0.935002,-0.091773,-0.225641
0.933622,-0.099577,-0.259839
0.923431,-0.050235,-0.138054
0.934440,-0.114635,-0.381295
0.941443,-0.116225,-0.382529
0.941323,-0.091542,-0.378252
0.913609,-0.086823,-0.374611
0.943864,-0.065825,-0.383173
0.919170,-0.064446,-0.415572
0.940482,-0.065104,-0.421323
0.940992,-0.068234,-0.421902
0.929854,-0.044127,-0.368422
0.913929,-0.019655,-0.370772
0.933940,-0.089300,-0.237295
0.919964,-0.052725,-0.243095
0.925189,-0.081873,-0.247292
0.895422,0.106425,-0.120994
0.945107,-0.109286,-0.301963
0.885581,0.144325,-0.103558
0.948123,-0.108804,-0.304754
0.929767,-0.105630,-0.300865
0.855444,0.207975,-0.002072
0.885552,0.119695,-0.174687
0.890093,0.120873,-0.175507
0.945572,0.269192,-0.070973
0.955586,-0.170792,-0.130956
0.957856,-0.170540,-0.130275
0.951806,-0.168332,-0.132160
0.954689,-0.135547,-0.149190
0.936577,-0.141837,-0.158893
0.946489,-0.143096,-0.159559
0.954112,-0.154950,-0.163208
0.939551,-0.127662,-0.154839
0.946931,-0.142846,-0.159785
0.910632,0.013333,-0.113603
0.892992,0.052595,-0.100303
0.910567,0.044580,-0.125950
0.899742,0.081470,-0.110571
0.874826,0.165557,-0.080333
0.880427,0.130283,-0.105680
0.865141,0.178220,-0.364429
0.869132,0.179032,-0.365502
0.858232,0.214663,-0.357373
0.859429,0.247074,-0.309566
0.891732,0.079584,-0.221340
0.875158,0.184528,-0.183463
0.870008,0.215836,-0.179264
0.729580,0.083043,0.158602
0.869345,0.219591,-0.202466
0.879178,-0.143584,0.049927
0.851936,-0.124405,0.069674
0.854516,0.208743,0.021619
0.818879,0.074034,0.142632
0.761257,0.109863,0.117367
0.870960,0.183648,-0.185010
0.872057,0.199638,-0.307726
0.823504,-0.144902,0.117906
0.789442,0.002733,0.139684
0.937928,-0.155931,0.057224
0.729140,0.064972,0.101160
0.831925,-0.138624,0.092120
0.786381,-0.019582,0.135265
0.938611,0.272274,-0.067268
0.888614,0.107971,-0.015450
0.922264,0.011402,-0.132145
0.869375,0.176767,-0.059634
0.822492,-0.144599,0.117043
0.772125,0.080166,0.114495
0.738416,0.077100,0.108254
0.933969,-0.125391,-0.155521
0.940285,-0.127212,-0.154402
0.903273,0.001734,-0.138419
0.893704,-0.004549,-0.202799
0.929548,-0.081938,-0.249757
0.903584,-0.156008,-0.015328
0.890290,0.101073,-0.177462
0.875093,0.216699,0.022517
0.833201,0.164168,-0.163388
0.885067,0.183697,-0.148837
0.853298,0.207379,-0.003520
0.873167,0.183228,-0.176041
0.935120,-0.087652,-0.149517
0.915915,-0.132488,0.012065
0.916520,-0.131945,0.010615
0.909091,0.061809,-0.354398
0.870801,0.203980,-0.327851
0.863755,0.211227,-0.170799
0.871263,0.134339,-0.017487
0.778140,0.024705,0.120494
0.166055,-0.215013,0.608079
0.267948,-0.065459,0.570063
0.059364,0.163416,0.825735
0.079023,0.157719,0.714999
-0.010580,-0.210820,0.706501
0.357424,0.147558,0.663260
0.083260,-0.176570,0.657646
0.136247,0.142277,0.655972
0.313911,0.099880,0.690808
0.163100,0.121076,0.644347
0.099995,-0.226029,0.647298
0.211203,-0.059301,0.602943
0.287327,-0.132786,0.558003
0.220657,0.076638,1.013841
0.222112,0.077459,1.012207
0.091525,0.060692,0.934800
0.104018,0.081032,0.881889
0.035307,0.103410,0.862379
-0.034580,0.006772,0.722657
-0.031645,0.007017,0.716470
-0.013719,-0.141481,0.703208
0.310455,0.125137,0.689203
0.024003,-0.072606,0.693784
-0.014715,0.181680,0.701715
0.048043,-0.136487,0.661841
0.054876,-0.148431,0.683175
0.045736,-0.034942,0.677053
0.102820,0.178687,0.673599
0.056288,-0.089758,0.673089
0.251811,0.163157,0.656919
0.076336,-0.002524,0.660624
0.248578,0.161480,0.647943
0.137875,0.134255,0.633888
0.298112,0.165960,0.646236
0.253800,-0.157733,0.574947
0.257243,-0.198415,0.573226
0.187535,-0.132920,0.535501
0.212589,-0.055205,0.598380
0.242877,-0.208793,0.582771
0.210749,-0.001774,0.592753
0.211664,0.000697,0.593806
0.221603,0.179432,0.578952
0.213051,-0.096399,0.592993
0.036690,0.181298,0.589517
0.243665,0.186837,0.519731
0.095403,0.076669,0.965062
-0.068812,0.187333,0.633616
0.109670,0.087153,0.918454
-0.069572,0.188691,0.639271
0.256785,-0.122329,0.570845
-0.174980,0.182406,0.575356
0.179563,0.184602,0.540755
0.123223,0.187941,0.537762
0.123041,0.187752,0.537735
0.163879,0.123550,0.653458
0.156341,0.121334,0.644861
0.179705,0.095452,0.651446
0.110732,-0.087046,0.638438
0.110519,-0.139591,0.653580
0.121453,-0.151567,0.643289
0.136517,-0.160501,0.637949
0.265526,0.170857,0.625772
0.135916,-0.100360,0.640639
0.018153,0.177997,0.621069
0.194448,0.180961,0.557247
-0.190400,0.188469,0.561181
0.161148,0.184838,0.547475
0.160500,0.184746,0.545197
0.211751,0.182587,0.546992
0.250004,-0.174529,0.575007
0.257210,-0.163308,0.577442
-0.174414,0.182323,0.578297
0.277360,-0.108170,0.564325
0.280814,-0.194012,0.568738
0.252126,0.184638,0.543195
0.240744,-0.123875,0.582301
0.233510,-0.156460,0.585427
0.247735,-0.073956,0.575602
0.915177,0.009899,-0.361121
0.869146,0.253012,-0.163468
1.477525,-0.109721,-0.600107
0.875986,0.213220,-0.291654
1.424790,-0.054631,-0.550420
0.892326,0.174128,-0.286443
0.839979,0.256486,-0.345429
0.877359,0.216499,-0.178906
0.879866,0.195803,-0.274628
0.917432,-0.000076,-0.239738
0.885125,0.124350,-0.089136
0.899231,0.064851,-0.115058
0.881606,0.144229,-0.084450
0.882995,0.174736,-0.084287
0.893259,0.306127,-0.308637
1.438241,-0.103076,-0.590863
1.426356,-0.051250,-0.710243
1.365605,0.008028,-0.649360
0.885205,0.137672,-0.078418
0.869504,0.191511,-0.079552
1.377742,-0.080508,-0.669993
1.359208,-0.002565,-0.614700
1.421723,-0.029370,-0.614369
1.350993,-0.009892,-0.603390
1.388604,0.005005,-0.582163
1.360879,-0.010375,-0.605466
1.308198,-0.051053,-0.518708
1.429955,-0.043732,-0.530700
1.184209,0.367056,-0.544230
1.373129,0.042870,-0.539144
1.393610,0.042451,-0.558564
1.301690,0.323121,-0.631702
1.400291,0.092728,-0.624907
1.319910,0.162770,-0.587520
1.373055,0.163396,-0.600462
1.342103,0.163737,-0.592151
1.382454,0.099994,-0.621727
1.185601,0.353923,-0.526990
1.143052,0.337426,-0.517235
0.938712,0.354910,-0.367116
0.861326,0.241735,-0.278724
0.921086,-0.010618,-0.135616
0.920387,-0.049859,-0.138733
0.880360,0.214024,-0.141504
0.891233,0.218802,-0.140208
0.879397,0.214200,-0.140534
0.893156,0.105810,-0.119660
0.901092,0.068553,-0.159804
0.903744,0.043965,-0.127213
0.895717,0.106149,-0.120738
0.900477,0.086202,-0.106366
0.904326,0.238131,-0.029069
0.883474,0.153684,-0.105638
0.928429,0.267976,-0.070589
0.904427,0.060462,-0.353218
0.882308,0.058399,-0.346540
0.860049,0.247806,-0.308647
0.949479,-0.108588,-0.300874
0.899417,0.051455,-0.301260
0.909458,0.052719,-0.300781
0.917492,0.052790,-0.301125
0.882587,0.172520,-0.287499
0.884480,0.172901,-0.288485
0.878766,0.169946,-0.286349
0.891192,0.174200,-0.286619
0.892928,0.173871,-0.287380
0.882857,0.172247,-0.287105
0.906202,0.091564,-0.277084
0.913058,0.092036,-0.278343
0.877664,0.195717,-0.274196
0.872640,0.212672,-0.291947
0.875961,0.213705,-0.290291
0.872635,0.212844,-0.290326
0.925204,-0.098032,-0.258426
0.935367,-0.099365,-0.260422
0.898291,0.030199,-0.267915
0.915568,0.030727,-0.267214
0.870880,0.240881,-0.259422
0.916611,0.000382,-0.240015
0.865799,0.220176,-0.225611
0.872933,0.240094,-0.251802
0.920476,-0.105152,-0.221915
0.925925,-0.072194,-0.223824
0.916805,-0.005232,-0.204504
0.923149,-0.086959,-0.220438
0.918007,-0.086110,-0.218641
0.926614,-0.105981,-0.220296
0.921303,-0.086918,-0.216215
0.943423,0.336085,-0.303029
0.870525,0.281903,-0.340544
0.859651,0.280108,-0.339912
0.845301,0.271555,-0.339126
0.926966,-0.101793,-0.154616
0.836291,0.195855,-0.177955
0.909813,0.014679,-0.119871
0.931651,-0.104032,-0.156053
0.884143,0.175700,-0.169540
0.913361,-0.006041,-0.132414
0.922151,-0.082877,-0.143995
0.888877,0.120661,-0.174691
0.888002,0.195958,-0.174426
0.856870,0.280428,-0.337593
0.853206,0.253226,-0.322573
0.863577,0.255200,-0.322260
1.010892,0.387763,-0.539606
0.830884,0.312401,-0.480963
0.930436,0.318423,-0.420054
1.026341,0.356751,-0.435449
1.013033,0.357560,-0.479855
1.029949,0.357447,-0.438901
1.036306,0.361145,-0.441952
1.017737,0.422335,-0.703408
1.166463,0.293826,-0.510771
1.159091,0.266137,-0.472688
1.017092,0.405924,-0.659140
1.167559,0.261158,-0.453957
0.884199,0.141786,-0.099933
0.874532,0.211631,-0.102961
0.869959,0.203837,-0.326846
1.013193,0.388034,-0.540204
1.010812,0.386554,-0.538792
0.907771,0.030723,-0.193405
0.918767,-0.059120,-0.210829
0.880427,0.187850,-0.192283
0.901939,0.073264,-0.184217
0.893207,0.135589,-0.171210
0.891878,0.150899,-0.171957
0.916657,0.005224,-0.267546
0.916265,0.006132,-0.269122
0.884067,0.188191,-0.233549
0.867427,0.223968,-0.226700
0.865241,0.250071,-0.310859
0.865011,0.211590,-0.289498
0.860044,0.242412,-0.279971
0.513175,0.098745,0.663802
0.292055,-0.086438,0.556093
0.441170,-0.064942,0.490169
0.402611,-0.161642,0.510644
0.348888,-0.125677,0.525906
0.421538,0.120406,0.793548
0.563580,0.139467,0.847815
0.525815,0.132231,0.786675
0.519137,0.126215,0.784704
0.423297,0.126859,0.827623
0.414903,0.119777,0.785153
0.476640,0.151299,0.546036
0.479459,0.151288,0.548428
0.398424,0.190494,0.541023
0.265534,-0.201323,0.562513
0.166252,-0.219891,0.603780
0.227771,-0.203325,0.576281
0.241947,-0.236777,0.582062
0.211068,-0.239242,0.583195
0.228108,-0.200517,0.567771
0.193034,-0.219893,0.592173
0.175272,-0.233798,0.602362
0.193388,-0.221583,0.598459
0.194078,-0.224930,0.609318
0.176272,-0.234621,0.606736
0.226972,-0.225916,0.576576
0.229504,-0.185962,0.585706
0.202927,-0.217756,0.586091
0.209555,-0.237369,0.583740
0.203282,-0.222737,0.596832
0.227661,-0.165558,0.581830
0.373863,-0.040751,0.527822
0.489098,-0.103976,0.433575
0.474263,-0.138026,0.469387
0.238141,-0.111052,0.580191
0.316103,0.139953,0.704596
0.318407,0.095821,0.701340
0.361283,0.141976,0.664869
0.381108,0.143088,0.679530
0.268071,0.043104,0.659786
0.343451,0.186563,0.572413
0.366131,0.106607,0.488509
0.386106,0.108319,0.554816
0.169828,-0.146819,0.568237
0.150941,-0.167898,0.593906
0.122578,-0.129892,0.620798
0.140770,-0.206886,0.640776
0.127643,-0.083364,0.643160
0.338159,0.000529,0.537639
0.234014,0.001883,0.551770
0.413606,0.127674,0.802295
0.337059,0.000302,0.536624
0.387091,-0.040777,0.519826
0.356487,0.139823,0.645326
0.312414,0.089860,0.687071
0.370540,0.088274,0.577178
0.364916,0.085375,0.565309
0.403946,-0.170081,0.503812
0.399801,-0.199213,0.525932
0.380441,-0.207015,0.518155
0.369179,-0.207187,0.527842
0.339080,-0.217696,0.532693
0.327837,-0.218875,0.531578
0.329820,-0.219647,0.535251
0.344048,-0.065477,0.531116
0.330927,-0.221391,0.538843
0.356066,-0.128804,0.542816
0.378193,-0.143627,0.515117
0.355798,-0.203235,0.506767
0.367489,-0.160790,0.527449
0.362067,-0.211029,0.524307
0.396467,-0.193716,0.515449
0.286292,-0.162534,0.545282
0.279872,-0.180274,0.556417
0.266371,-0.233961,0.568699
0.263259,-0.236437,0.573923
0.423490,0.010570,0.349480
0.408119,0.018067,0.363656
0.410929,0.021338,0.355193
0.412758,0.020603,0.355072
0.238474,-0.107769,0.585836
0.401578,0.014644,0.367418
0.436104,-0.012374,0.503290
0.422582,-0.089116,0.498588
0.406830,0.021273,0.351911
0.408715,0.023853,0.355668
0.350879,-0.022034,0.519970
0.343165,-0.065051,0.527161
0.442391,-0.087280,0.489377
0.497169,0.145564,0.573963
0.140341,-0.216858,0.637556
0.316682,0.135530,0.695237
0.126114,0.162496,0.715790
0.083720,-0.169620,0.654242
0.290221,-0.057493,0.564246
0.282354,-0.129562,0.558135
-0.012957,-0.071895,0.691598
0.064364,0.023812,0.704619
0.242470,0.159148,0.629853
0.128432,-0.085607,0.639366
0.335088,-0.045713,0.527996
0.319738,-0.114892,0.534984
0.452079,-0.045044,0.479504
0.040409,-0.002478,0.677767
0.280094,0.181416,0.625399
0.282741,0.184129,0.636537
0.352160,-0.184114,0.527891
0.357889,-0.031255,0.539071
0.281778,0.182033,0.561081
0.289815,-0.172031,0.549850
0.288973,0.183771,0.521552
0.216440,0.096834,0.976983
0.011298,0.045922,0.826114
0.274071,0.153455,0.728575
0.027093,-0.152158,0.706556
0.032594,-0.051153,0.693050
0.031724,-0.048349,0.683000
0.039296,-0.003966,0.674184
0.041953,-0.036877,0.675778
0.044234,-0.035903,0.675777
0.071738,-0.223139,0.684473
0.062854,0.022547,0.691633
0.066736,-0.002735,0.673033
0.086124,-0.146678,0.673938
0.083049,-0.048409,0.669119
0.301032,0.167708,0.653502
0.265402,-0.121899,0.555768
0.207475,-0.157478,0.584065
0.190608,-0.185402,0.605704
0.205314,-0.146669,0.603917
0.179860,0.178472,0.593112
0.207195,-0.157871,0.599724
0.067339,-0.003118,0.664354
0.226495,-0.173460,0.585191
0.252778,-0.200814,0.569906
0.095872,-0.075693,0.661264
0.104052,-0.008108,0.647879
0.111024,-0.138756,0.650179
0.270121,0.170707,0.647797
0.136420,-0.208476,0.636287
0.137355,-0.201529,0.639677
0.251933,0.000627,0.616056
0.230723,-0.202319,0.585033
0.235499,-0.187530,0.572596
1.302846,-0.012191,-1.022283
1.158317,0.424272,-0.826290
1.218330,0.198094,-0.696320
1.198611,0.194696,-0.687201
1.185379,0.222405,-0.677520
1.367837,-0.165899,-1.102886
1.388879,-0.103461,-1.226297
1.462231,-0.035067,-1.049276
1.377546,-0.101725,-1.218833
1.400494,-0.120401,-1.125680
1.338323,-0.110054,-1.202918
1.432587,-0.082165,-1.241067
1.428836,-0.116515,-1.091328
1.135869,-0.012446,-1.197195
1.224310,-0.045407,-1.219806
1.179734,0.032843,-1.303681
1.179942,0.032654,-1.302883
1.089652,0.067260,-1.100854
1.056135,0.463975,-1.030832
0.996553,0.409281,-0.899708
1.074790,0.443963,-0.961407
1.085466,0.449116,-0.968695
1.093999,0.454578,-0.977470
1.098299,0.456843,-0.978193
1.106014,0.460886,-0.987154
1.046861,0.384777,-0.961611
1.024249,0.141105,-1.149722
1.005037,0.140358,-1.126147
1.140286,0.359663,-0.831456
1.105984,0.347363,-0.801875
1.120198,0.351195,-0.814958
1.063395,0.446337,-0.889214
1.118385,0.362260,-0.838282
1.122729,0.361564,-0.837800
1.130141,0.389174,-0.697053
1.138634,0.392992,-0.704848
1.000837,0.459691,-1.034505
0.965499,0.441106,-0.998956
0.919143,0.441635,-0.909972
0.980586,0.442308,-0.896622
0.938845,0.459397,-0.956847
1.027975,0.377432,-0.683316
1.568424,-0.119296,-1.073838
1.557646,-0.115974,-1.068566
1.549623,-0.114402,-1.063447
1.539060,-0.113481,-1.052389
1.526149,-0.112292,-1.044656
1.445592,-0.099728,-1.070351
1.420920,-0.089700,-1.051125
1.476045,-0.099195,-1.098801
1.588748,-0.051547,-1.134177
1.450226,-0.077328,-1.070128
1.459847,-0.091746,-1.079259
1.454601,-0.130272,-1.208528
1.446132,-0.085769,-1.087500
1.508760,-0.039546,-1.078076
1.448065,-0.104445,-1.179833
1.442359,-0.036047,-1.044917
1.313411,-0.107921,-1.019604
1.351658,-0.111630,-1.045547
1.375028,-0.055515,-0.861336
1.386281,-0.055421,-0.865759
1.348581,-0.048455,-0.863035
1.178078,0.190210,-0.678198
1.211952,0.308882,-0.655957
1.191677,0.303760,-0.648991
1.189604,0.206086,-0.721115
1.157292,0.425469,-0.826296
1.181026,0.205236,-0.717799
1.158122,0.247238,-0.657661
1.162979,0.253171,-0.673491
1.177555,0.257636,-0.680579
1.200418,0.419510,-0.735129
1.140208,0.397403,-0.707166
1.103428,0.343887,-0.799423
1.122144,0.397395,-0.698848
1.091881,0.352233,-0.688444
1.088258,0.352924,-0.689401
1.480204,-0.034270,-1.051471
1.193443,0.000743,-1.204553
1.151074,0.040509,-1.091004
1.182123,0.042328,-1.118038
1.197908,0.043271,-1.136036
1.169022,0.043254,-1.111425
1.155911,0.044016,-1.102026
1.153609,0.044704,-1.098050
1.154315,0.046990,-1.099690
1.215575,0.489437,-1.044375
1.106839,0.440001,-0.958272
1.091639,0.066781,-1.102008
0.880908,0.397707,-0.698009
0.821945,0.412301,-0.780158
0.923678,0.427082,-0.849967
0.934534,0.433507,-0.859751
0.934026,0.431693,-0.857758
0.970022,0.402287,-0.732108
0.942590,0.403756,-0.756455
0.957808,0.412898,-0.767678
0.946939,0.408035,-0.760856
0.974811,0.406404,-0.737343
0.944673,0.408900,-0.760937
0.861907,0.420796,-0.797542
0.847616,0.411876,-0.785124
0.509806,0.171466,0.583406
0.275486,-0.111783,0.571072
0.289317,-0.109233,0.556501
0.277536,-0.168248,0.558796
0.347290,0.049429,0.557062
0.304720,-0.105487,0.555966
0.306875,-0.050011,0.549663
0.506665,-0.139822,0.450184
0.417397,-0.159994,0.487703
0.585278,-0.106893,0.392234
0.575533,-0.120820,0.379462
0.355256,-0.032699,0.529480
0.178878,-0.152810,0.600792
0.438157,0.109562,0.337928
0.254966,-0.099894,0.569518
0.415406,-0.169246,0.518961
0.425051,-0.011412,0.482500
0.544406,0.111776,0.764555
0.465537,0.134766,0.562331
0.499974,-0.120565,0.447780
0.391376,0.046082,0.380932
0.416423,0.026979,0.497480
0.550452,-0.038422,0.420880
0.534178,0.095615,0.433719
0.289221,-0.056911,0.562268
0.407879,0.017771,0.363083
0.404394,-0.006192,0.351456
0.541988,0.067641,0.380685
0.584679,-0.111875,0.391739
0.574364,-0.105190,0.384666
0.445441,0.131768,0.595792
0.585263,-0.093342,0.392793
0.506857,-0.141043,0.452296
0.413631,-0.005055,0.348373
0.506259,0.101545,0.681662
0.379862,0.151255,0.681817
0.316606,0.092690,0.700782
0.424430,0.122030,0.574179
0.354312,0.076064,0.569029
0.539722,-0.028164,0.444955
0.514651,-0.038080,0.453681
0.511927,-0.071065,0.445970
0.518546,-0.041414,0.458151
0.513280,-0.039705,0.449551
0.517610,-0.043623,0.455724
0.516422,-0.070107,0.450979
0.447215,-0.011210,0.476462
0.506120,-0.094081,0.453678
0.410517,0.049949,0.497360
0.414496,0.027436,0.494089
0.402666,-0.161389,0.510109
0.507561,-0.140035,0.448858
0.501282,-0.094030,0.449188
0.500548,-0.093657,0.448130
0.501880,-0.093429,0.448398
0.502884,-0.095451,0.452152
0.422400,-0.054384,0.492205
0.507501,-0.147056,0.448807
0.411775,-0.055279,0.500130
0.392885,-0.028115,0.519782
0.474319,-0.060618,0.468440
0.373855,-0.075451,0.512285
0.328764,-0.054051,0.540139
0.413182,-0.005335,0.350350
0.450921,-0.087951,0.480997
0.375466,-0.075138,0.513033
0.257227,-0.032867,0.575960
0.274027,-0.090367,0.567846
0.467181,-0.073034,0.463111
0.424112,-0.088766,0.502122
0.509198,-0.148870,0.452657
0.344604,-0.083552,0.536046
0.211805,-0.046128,0.597608
0.541936,-0.022273,0.418281
0.176388,-0.049380,0.618381
0.201641,-0.026186,0.598482
0.469727,-0.044383,0.458793
0.568383,-0.089379,0.379301
0.580981,-0.114277,0.386095
0.571980,-0.089618,0.383871
0.591579,-0.132306,0.382065
0.583212,-0.074046,0.395966
0.577348,-0.074649,0.391846
0.574277,-0.077202,0.382208
0.582795,-0.104429,0.379237
0.568277,-0.018513,0.392579
0.564731,-0.017696,0.390321
0.581093,-0.086429,0.380323
0.562405,-0.025585,0.383364
0.560848,-0.026634,0.383853
0.574308,-0.043774,0.382061
0.543622,0.066481,0.384672
0.553701,0.079130,0.375292
0.554938,0.080651,0.377977
0.545444,0.079653,0.370685
0.393209,0.110284,0.572030
0.581060,-0.075172,0.391677
0.439032,-0.065015,0.486005
0.313752,0.093497,0.693431
0.511980,0.159598,0.596864
0.489255,0.150690,0.562943
0.416440,0.119204,0.557839
0.161127,0.117552,0.647277
0.417915,0.119815,0.565727
0.390999,0.111619,0.562869
0.377553,0.104690,0.550395
0.176463,-0.050168,0.613478
0.313452,0.095526,0.685755
0.370783,0.147246,0.659339
0.395135,0.016169,0.353400
0.393927,0.046647,0.383438
0.391799,0.045249,0.378119
0.417236,0.010574,0.364506
0.412406,0.009958,0.355076
0.414480,0.009408,0.355336
0.415605,0.009762,0.356395
0.413342,0.009383,0.352332
0.413541,0.009744,0.351528
0.357296,-0.023398,0.529433
0.383118,-0.148614,0.505480
0.386887,-0.150416,0.513036
0.372570,-0.144163,0.517977
0.371280,-0.149481,0.527027
0.375984,-0.146820,0.515538
0.371802,-0.111820,0.524175
0.374496,-0.145981,0.512289
0.368820,-0.110809,0.518645
0.370157,-0.149542,0.522073
0.364796,-0.012892,0.516852
0.370791,-0.040305,0.517566
0.389947,0.002876,0.507675
0.388794,-0.026891,0.509853
0.287997,-0.056133,0.556687
0.293237,-0.149415,0.554785
0.295992,-0.161345,0.554459
0.301619,-0.094249,0.547137
0.302801,-0.190137,0.548951
0.303372,-0.190098,0.550629
0.309816,-0.172798,0.543234
0.370873,-0.140685,0.526163
0.420995,0.119338,0.785218
0.420867,0.117413,0.776813
0.413967,-0.005194,0.350087
0.358633,0.079474,0.573335
0.345658,0.049762,0.562338
0.342033,0.048185,0.568045
0.341377,0.047715,0.564540
0.278329,-0.170614,0.560731
0.342930,0.048006,0.563061
0.393595,0.188822,0.535312
0.388198,0.186852,0.529174
0.391610,0.188495,0.534163
0.279605,-0.104149,0.559617
0.323817,-0.113094,0.540422
0.325119,-0.173975,0.532305
0.370269,-0.140887,0.525330
0.311884,0.100093,0.687260
0.314082,0.106569,0.691367
0.363377,0.150240,0.676408
0.318259,-0.018342,0.540890
0.318493,-0.018330,0.540739
0.326977,0.045251,0.567312
0.330448,0.046012,0.571965
0.339208,-0.122801,0.531905
0.343315,-0.121614,0.529073
0.335418,-0.150411,0.528058
0.427644,-0.151529,0.480099
0.416404,-0.005977,0.360280
0.340397,-0.119056,0.547135
0.327681,-0.114588,0.541046
0.327960,-0.115746,0.549819
0.326975,-0.175589,0.540420
0.325286,-0.173805,0.535621
0.317828,-0.074201,0.545304
0.329971,-0.147712,0.541779
0.328413,-0.145491,0.535251
0.429680,-0.089530,0.481929
0.440213,0.029773,0.476747
0.452830,-0.045175,0.480212
0.153327,-0.071557,0.620271
0.163367,-0.164087,0.612646
0.228527,-0.180548,0.599821
0.224765,-0.179803,0.592944
0.218322,-0.108854,0.588392
0.229660,-0.150445,0.584869
0.343838,0.185563,0.497778
0.293141,-0.189303,0.557214
0.301071,-0.035263,0.558437
0.296491,-0.195280,0.545352
0.292128,0.186060,0.527257
0.337037,-0.044672,0.527405
0.340140,-0.046791,0.533852
0.351704,-0.183052,0.526572
0.347036,-0.173295,0.525093
0.335205,-0.000067,0.530912
0.359889,-0.022754,0.535545
0.349576,-0.071083,0.517386
0.271313,-0.138433,0.557567
0.269587,-0.172231,0.555712
0.279209,-0.079859,0.568491
0.276593,-0.164398,0.544955
0.279340,-0.103645,0.554555
0.288001,-0.132844,0.559195
0.286572,-0.080813,0.560340
0.295032,-0.011237,0.563605
0.298502,-0.103897,0.550368
0.414503,0.009969,0.353207
0.410877,-0.006746,0.360574
0.407257,-0.006271,0.356276
0.413547,-0.023605,0.353097
0.414485,-0.015391,0.360810
0.407552,-0.011448,0.354501
0.428608,-0.005199,0.345884
0.411197,0.028164,0.491724
0.410766,-0.029672,0.500421
0.411147,-0.029273,0.498221
0.418532,-0.054234,0.486641
0.425461,-0.012995,0.486433
0.403483,-0.111836,0.494560
0.406552,-0.112681,0.498880
0.418591,-0.087226,0.488955
0.443069,0.029680,0.483209
0.267096,0.136819,0.720402
0.261844,0.112775,0.700731
0.311007,0.133095,0.686110
0.309839,0.137888,0.687324
0.312902,0.092823,0.690000
0.152672,0.139213,0.681991
0.272476,-0.088061,0.564582
0.272403,-0.139740,0.563441
0.271690,-0.161121,0.557718
0.395537,0.042300,0.383680
0.236584,-0.080968,0.589137
0.233898,-0.170558,0.581216
0.386324,0.135920,0.632058
0.382042,0.132292,0.617036
0.197441,-0.068692,0.606800
0.393502,0.112531,0.562103
0.226196,-0.176393,0.583768
0.361674,0.083391,0.584112
0.377767,-0.075699,0.517873
0.388179,-0.189528,0.509228
0.412085,-0.063618,0.537993
0.391807,-0.091289,0.510862
0.407467,-0.168051,0.500089
0.405670,-0.168610,0.499761
0.411899,0.027478,0.492147
0.397519,-0.144678,0.498106
0.415846,0.027514,0.497406
0.548770,-0.039099,0.421156
0.546791,-0.038819,0.418412
0.544132,-0.022902,0.417009
0.541107,-0.022585,0.414889
0.541987,-0.040206,0.414833
0.546294,-0.022551,0.418922
0.583271,-0.158623,0.373673
0.590398,-0.161062,0.377886
0.572708,-0.121147,0.377070
0.585593,-0.132946,0.389575
0.577802,-0.112504,0.381895
0.275748,-0.176932,0.570166
0.272407,-0.003344,0.568303
0.274465,-0.140431,0.562682
0.199278,-0.102728,0.601531
0.205392,-0.156822,0.595007
0.209329,-0.055789,0.590666
0.253902,-0.185895,0.573037
0.268860,-0.101395,0.569861
0.267187,-0.053424,0.573492
0.392889,0.042007,0.380355
0.235850,0.164338,0.628106
0.269417,0.171530,0.644314
0.163990,-0.165546,0.616839
0.178292,-0.022477,0.617255
0.176504,-0.190406,0.609776
0.202883,-0.144677,0.595307
0.204253,-0.146266,0.601407
0.226082,0.022657,0.581929
0.243963,0.028519,0.585142
0.266921,-0.053178,0.571158
0.263376,0.177442,0.616868
0.177800,-0.191195,0.620005
0.225390,-0.201558,0.640731
0.278090,0.010714,0.563887
0.249128,-0.115843,0.566889
0.250793,-0.175677,0.577446
0.273602,-0.140246,0.563885
0.227205,-0.173180,0.585596
0.227657,-0.092207,0.582731
0.243071,-0.136801,0.581892
0.137491,-0.202802,0.637866
0.320225,0.108049,0.708079
0.193723,-0.221387,0.600431
0.139680,-0.050356,0.643751
0.173748,-0.058290,0.614555
0.246350,-0.027738,0.583406
0.271335,0.094634,0.728161
0.192572,-0.003619,0.612834
0.256341,-0.099736,0.575818
0.313747,0.120266,0.696177
0.259920,-0.095678,0.572464
0.245929,-0.113766,0.574502
0.014298,0.055422,0.853851
-0.017228,-0.007183,0.704756
0.261798,0.177464,0.613604
-0.009728,-0.121920,0.701592
-0.012542,-0.190454,0.713596
0.079098,0.059493,0.935479
0.233133,-0.206278,0.592788
0.222856,-0.121185,0.592944
0.239933,0.007200,0.583063
0.240906,-0.056146,0.579989
-0.015074,-0.144005,0.714039
-0.005442,-0.173180,0.708947
-0.022677,-0.238875,0.718123
0.040617,-0.008638,0.685270
0.254815,0.164106,0.667000
0.060707,0.022015,0.666009
0.175618,0.101103,0.660885
0.216603,0.074177,1.032028
0.100248,-0.065088,0.667989
0.218363,0.098158,1.002760
0.215640,0.094247,0.960434
0.012181,0.043620,0.804504
0.043173,0.201327,0.746815
0.281886,0.046118,0.691256
0.283972,0.046966,0.700251
0.287586,0.049215,0.707858
0.313510,0.092377,0.692483
0.253847,-0.097594,0.575357
0.258230,-0.193520,0.574696
0.242818,-0.188540,0.584533
0.243204,-0.135334,0.579325
0.262773,0.177463,0.615793
0.177927,-0.023058,0.617320
0.181093,0.179832,0.597954
0.203346,-0.170777,0.598526
0.199718,0.178002,0.582653
-0.018351,0.175421,0.672572
0.009740,-0.078049,0.659799
0.137303,-0.174701,0.620833
0.016491,0.188730,0.748033
0.158753,0.127580,0.666887
0.036199,-0.005759,0.678552
0.214269,0.073504,1.056060
0.261037,0.095130,0.702399
0.247941,0.132287,0.646880
0.215911,0.087139,0.730099
0.105011,-0.154438,0.684910
0.240487,0.161848,0.626166
0.187517,-0.134659,0.602584
-0.010871,-0.171499,0.711217
0.091940,-0.164711,0.669587
0.147440,0.182234,0.650183
0.198286,0.061939,0.663379
0.035872,-0.006791,0.691576
0.210005,0.072462,1.018514
0.265872,0.075402,0.715705
0.212694,-0.123899,0.600784
0.153615,-0.173490,0.615060
0.261238,0.133871,0.717492
-0.014873,-0.011429,0.704970
-0.014016,-0.099181,0.713546
-0.015916,-0.079262,0.719116
0.110617,-0.062203,0.666423
0.064068,0.022194,0.651008
0.238916,-0.157623,0.582034
0.227459,-0.094674,0.582043
0.242363,-0.082253,0.589043
0.006205,0.138263,0.828726
0.102914,0.063564,0.896213
0.171969,0.076117,0.654359
0.156752,0.102717,0.639125
0.161345,-0.010693,0.632689
0.171264,0.033794,0.628260
0.010949,0.021267,0.757594
0.243386,-0.135369,0.580691
0.236910,-0.107661,0.576234
0.081316,-0.046898,0.668843
0.076342,-0.002911,0.662925
0.272932,0.176771,0.650981
0.191222,-0.002413,0.611195
0.190876,0.034954,0.627716
0.013564,0.131692,0.847059
-0.020007,0.179571,0.691458
-0.071986,0.191326,0.651416
-0.012206,-0.123109,0.708514
0.051182,0.178518,0.623829
0.265392,0.094645,0.714863
0.127039,-0.075700,0.638891
0.226582,-0.178740,0.588849
0.163439,0.116335,0.655573
0.226096,-0.158168,0.579167
0.268470,0.077990,0.729658
0.137630,-0.201584,0.638065
0.219146,0.075454,1.018121
0.216003,-0.104028,0.580563
0.226887,-0.067226,0.583145
0.037843,-0.007643,0.683698
0.012720,0.049244,0.807688
0.194085,0.062958,0.658584
0.191030,-0.184286,0.602536
0.017099,0.176709,0.624170
0.246784,-0.051113,0.574507
0.188393,0.035556,0.627849
0.219872,0.037464,0.587808
-0.069581,0.188308,0.636633
-0.012486,-0.122389,0.706042
-0.008902,-0.171035,0.702185
-0.102306,0.190217,0.636312
-0.014324,-0.013259,0.703928
0.251135,-0.151353,0.570556
0.237343,-0.107174,0.572919
0.228013,-0.088484,0.572307
0.098044,0.062990,0.951710
0.227045,-0.031838,0.588212
0.176131,0.074814,0.654229
0.172770,0.089543,0.656567
0.152789,-0.072530,0.626565
-0.010058,-0.102384,0.707655
-0.010348,-0.211962,0.707170
0.089517,-0.162685,0.663297
0.233721,-0.089308,0.586789
0.106204,0.180530,0.593806
0.011046,0.018580,0.707466
0.013397,0.044839,0.803730
0.095266,0.063279,0.936400
0.155565,-0.176161,0.628270
0.236390,0.170801,0.644517
0.272286,0.162529,0.638678
0.226386,0.183933,0.592711
0.181203,0.094083,0.653077
0.111948,-0.054512,0.655059
0.124556,-0.035217,0.650908
0.272210,0.081454,0.732327
0.271447,0.096212,0.727421
0.077559,-0.002011,0.665012
0.153205,0.186722,0.660955
0.201442,0.180041,0.588809
0.265203,0.135151,0.718478
-0.020453,0.185579,0.598018
0.177406,0.032887,0.630066
0.179106,0.033425,0.600105
0.161789,-0.012807,0.633090
-0.014941,-0.076607,0.700473
0.010070,0.148224,0.872601
0.012595,0.131363,0.843468
0.043442,-0.146050,0.685821
0.051078,0.177107,0.620250
0.227028,-0.190185,0.586272
0.245374,-0.027184,0.579841
0.099528,0.178651,0.634481
-0.103880,0.190899,0.638310
0.067360,-0.003313,0.674112
-0.020823,-0.234179,0.706416
0.121942,0.182382,0.637468
0.017495,0.175951,0.621121
0.010025,0.018757,0.721547
0.039455,-0.008507,0.682752
-0.019907,0.185570,0.599254
0.162769,-0.000977,0.629386
0.173969,0.032698,0.614804
0.011052,0.142456,0.834145
0.160670,0.179393,0.606074
0.273540,0.162731,0.640795
0.263774,-0.041763,0.571341
0.274772,0.047521,0.649711
0.220707,0.076131,1.022818
0.267622,0.116834,0.720289
0.151549,-0.170206,0.610280
-0.102212,0.187112,0.625911
0.012826,0.134806,0.859671
-0.013837,-0.121199,0.705812
-0.010105,-0.102628,0.701916
0.126098,-0.133300,0.641165
0.257801,-0.025822,0.576010
0.195582,-0.207707,0.604167
0.209133,-0.188723,0.587081
0.100238,0.180572,0.641105
0.189662,-0.052035,0.605975
0.197925,-0.037009,0.618252
0.019084,0.182222,0.602844
0.050922,0.177091,0.620459
0.104705,0.177303,0.585128
0.238841,-0.106804,0.578499
0.258076,-0.097055,0.570677
0.128582,-0.083575,0.641957
0.128375,-0.075358,0.654171
0.013100,0.135788,0.864906
0.009718,0.018805,0.709999
0.011736,0.044695,0.825077
0.274178,0.083700,0.732122
0.179105,0.094483,0.648638
0.181633,0.032904,0.608468
0.120760,0.179882,0.571679
0.054505,0.181818,0.583941
0.011954,0.146236,0.850497
0.050299,0.157476,0.801167
0.266264,0.124955,0.714621
-0.104588,0.191708,0.640046
0.121137,-0.151857,0.645008
-0.010091,-0.170608,0.699692
-0.009177,-0.209651,0.700448
0.232258,-0.155437,0.588402
0.231786,-0.205153,0.590714
0.123593,-0.034004,0.646387
0.031648,-0.049082,0.684134
0.143244,-0.123292,0.628205
0.226029,-0.031766,0.586561
0.151055,-0.110699,0.620675
-0.010932,-0.171627,0.702900
-0.014743,-0.142118,0.711763
-0.022507,-0.011554,0.708866
-0.011025,-0.123183,0.705905
-0.015533,-0.079965,0.709805
0.190319,0.002215,0.608768
0.017758,0.176729,0.622784
0.272895,-0.104561,0.580613
0.253563,-0.098365,0.575555
0.193429,-0.195378,0.600990
0.084939,-0.049333,0.664687
0.102383,0.177943,0.672453
0.099260,0.179146,0.636827
0.201963,-0.143688,0.597490
0.250259,-0.152398,0.573107
0.264175,-0.142697,0.578557
0.161501,0.180149,0.672662
0.161485,0.180000,0.608941
0.223085,0.180991,0.583738
0.211765,0.182861,0.547880
-0.019677,0.184283,0.593066
0.122406,0.182621,0.638341
0.139649,0.177805,0.608765
0.216872,-0.009477,0.598292
0.013167,0.135283,0.851256
0.078350,-0.001708,0.658619
0.011017,0.044304,0.824653
0.275415,0.084445,0.734180
0.189386,0.002658,0.603458
0.179404,0.033694,0.624170
0.054560,0.182258,0.583464
0.109555,0.149170,0.870107
0.046948,0.155663,0.803854
0.239326,0.174360,0.659550
0.161471,0.186322,0.548606
0.196101,0.175251,0.571413
0.250481,0.161088,0.654101
0.276328,0.163862,0.645696
0.163262,0.124114,0.655414
-0.104085,0.190839,0.638000
0.143126,-0.177138,0.616358
0.085333,-0.143645,0.664451
0.144699,-0.221492,0.625972
0.138571,-0.197825,0.639880
-0.008867,-0.208084,0.695954
0.253583,-0.149555,0.571147
0.221198,-0.119523,0.585481
0.244259,-0.133432,0.579333
0.203361,-0.169483,0.598179
0.249929,-0.185913,0.575932
0.167775,-0.215259,0.610582
0.156762,-0.212030,0.645010
0.124364,-0.034791,0.651817
0.005514,-0.034145,0.695584
0.137630,-0.100470,0.646025
0.128889,-0.081815,0.632146
0.180681,-0.040841,0.615779
-0.019291,-0.231923,0.704103
-0.021760,-0.011126,0.703192
-0.014544,-0.121849,0.711263
-0.016923,-0.081681,0.713647
0.225290,-0.031505,0.583822
0.050548,0.176641,0.618499
0.078716,0.179235,0.645197
0.099114,0.176470,0.624607
0.195268,-0.207135,0.601015
0.228550,-0.191738,0.588809
0.188126,-0.198310,0.605983
0.198411,-0.189534,0.628322
0.191790,-0.140633,0.602471
0.201136,-0.142431,0.594022
0.218151,-0.108286,0.587230
0.239970,-0.105176,0.578670
0.232662,-0.089721,0.582664
0.226373,0.022223,0.588766
0.157888,0.176337,0.594109
0.257790,-0.093943,0.566890
0.140287,-0.049880,0.638915
0.263910,-0.042270,0.572370
0.122755,0.181894,0.633965
-0.019790,0.184723,0.593664
0.105802,-0.059769,0.647986
0.109537,-0.053347,0.649059
0.176001,0.001370,0.623644
0.095769,-0.075985,0.657546
-0.024326,0.180878,0.618155
0.139282,0.176448,0.605969
0.190391,-0.001210,0.610237
0.191001,-0.185045,0.609667
0.180267,0.177786,0.591820
0.226227,0.024631,0.591145
0.236712,-0.159384,0.586736
-0.017135,0.182254,0.615354
0.194657,-0.127174,0.598474
0.195276,-0.207177,0.602925
0.249254,-0.149141,0.564547
0.242857,0.180825,0.574692
0.241157,0.179886,0.571222
0.239368,0.178229,0.564230
0.267806,-0.016693,0.566525
-0.042404,0.194108,0.569585
0.227724,-0.074980,0.587610
0.085980,0.179337,0.586439
0.923068,0.262991,-0.072004
0.869763,0.236810,-0.240035
0.910225,0.048586,-0.259437
0.906591,0.000647,-0.139046
0.897399,0.076522,-0.202133
0.938145,-0.076672,-0.147657
0.910622,-0.026059,-0.206075
0.910005,0.011792,-0.204163
0.891666,0.150838,-0.175556
0.898797,0.238031,-0.034622
0.936951,-0.047649,-0.121952
0.904023,0.288964,-0.125228
0.896902,0.062452,-0.030484
0.895645,0.062827,-0.029664
0.893172,0.086858,-0.108053
0.925946,-0.031823,-0.083542
0.913631,-0.051736,-0.244291
0.905114,0.017197,-0.235590
0.911703,0.008736,-0.267668
0.902667,0.038661,-0.129294
0.929743,-0.057969,-0.222870
0.886448,0.113399,-0.085013
0.878358,0.169433,-0.079732
0.904002,0.082474,-0.203981
0.875987,0.210161,-0.099699
0.906620,0.024837,-0.245925
0.894833,-0.087477,0.011090
0.877840,0.275515,-0.034819
0.935818,-0.093964,-0.145803
0.931089,-0.088415,-0.148250
0.932057,-0.071642,-0.143507
0.877208,0.195694,-0.058626
0.895247,0.085101,-0.096498
0.796192,-0.072405,0.133139
0.887972,0.138028,-0.079086
0.765109,-0.026367,0.153031
0.874651,0.216117,-0.127494
0.902265,0.044509,-0.266561
0.791523,-0.077508,0.106505
0.772676,0.111722,0.114529
0.717371,0.068282,0.180409
0.761275,0.065601,0.123631
0.735236,0.077541,0.137426
0.764644,0.066199,0.133832
0.751091,0.072321,0.141595
0.740518,0.061737,0.150318
0.728186,0.076370,0.156990
0.899083,0.055714,-0.028580
0.931629,-0.047576,-0.122795
0.888528,0.115227,-0.084784
0.719253,0.080897,0.177032
0.898834,0.072759,-0.185551
0.885698,0.100491,-0.177660
0.882575,0.179060,-0.148898
0.904504,0.025543,-0.244998
0.870430,0.171674,-0.167675
0.782530,-0.019023,0.133392
0.754402,-0.018311,0.148919
0.747546,0.013386,0.162736
0.919703,-0.008754,-0.116896
0.898818,0.014865,-0.125484
0.954884,0.014831,-0.112636
0.936035,-0.021851,-0.139030
0.915236,0.007236,-0.135736
0.904412,0.040993,-0.108224
0.908146,0.022580,-0.129291
0.899157,0.072537,-0.098086
0.893083,0.123174,-0.088308
0.905641,0.055027,-0.119534
0.867579,0.198016,-0.056244
0.885511,0.125805,-0.105473
0.877606,0.169392,-0.098145
0.878459,0.170385,-0.098590
0.854327,0.192596,-0.080770
0.918537,-0.014709,-0.190654
0.885083,0.123083,-0.121055
0.917346,0.013105,-0.203647
0.937235,0.012252,-0.206538
0.908672,0.011989,-0.201399
0.874501,0.210333,-0.102385
0.755966,0.082122,0.121812
0.926231,-0.072622,-0.144593
0.881007,0.290986,-0.105051
0.914536,-0.049566,-0.135099
0.922048,-0.050179,-0.135555
0.869947,0.278856,-0.034701
0.911739,-0.033398,-0.081604
0.920644,-0.033538,-0.079297
0.920806,-0.052440,-0.084692
0.909438,0.039794,-0.127550
0.901217,0.064841,-0.026654
0.905469,0.033220,-0.110209
0.923308,0.000772,-0.253133
0.912828,0.001761,-0.249989
0.900467,0.075734,-0.109841
0.917701,-0.026175,-0.204683
0.895220,0.030331,-0.197246
0.901313,0.049412,-0.120999
0.909264,0.030130,-0.195555
0.899387,0.072385,-0.098078
0.887188,-0.099487,0.011909
0.776474,0.068514,0.111765
0.916073,0.036454,-0.226883
0.911190,0.002564,-0.145028
0.888074,0.173200,-0.079095
0.903861,0.043454,-0.236938
0.903723,0.072976,-0.184381
0.887760,0.148218,-0.098261
0.877895,0.163558,-0.096984
0.891467,0.138565,-0.104355
0.891286,0.120694,-0.176389
0.872645,0.193957,-0.074977
0.873329,0.193525,-0.078909
0.887804,0.155828,-0.107589
0.889054,0.239609,-0.041588
0.890991,0.292944,-0.101724
0.887265,0.062996,-0.017321
0.877481,0.182243,-0.150476
0.880139,0.239640,-0.064324
0.877501,0.173031,-0.169069
0.871702,0.192493,-0.079147
0.876899,0.200583,-0.078576
0.918915,-0.033380,-0.136973
0.915031,-0.033151,-0.138196
0.884037,0.171929,-0.151063
0.925905,-0.020308,-0.136276
0.909100,0.001535,-0.140487
0.923737,-0.063251,-0.132820
0.874291,0.220152,-0.146640
0.904180,0.068413,-0.160191
0.882293,0.215107,-0.141026
0.909612,0.021992,-0.127232
0.918547,-0.050350,-0.137315
0.913442,0.001789,-0.143016
0.930368,-0.088063,-0.148874
0.921192,-0.061729,-0.133999
0.872518,0.213416,-0.141210
0.895306,0.105152,-0.119161
0.918598,0.039061,-0.125739
0.906505,0.039694,-0.128871
0.871128,0.213584,-0.129379
0.884933,0.154558,-0.103393
0.908817,0.024436,-0.110437
0.886714,0.160526,-0.100053
0.890777,0.104441,-0.086597
0.888104,0.155557,-0.106082
0.889728,0.172116,-0.095662
0.882406,0.170791,-0.097321
0.874855,0.194029,-0.079085
0.864872,0.217305,-0.145557
0.872740,0.198164,-0.029196
0.904061,0.007431,-0.299087
0.902496,0.060415,-0.271445
0.909312,0.002056,-0.248623
0.927023,-0.071874,-0.223462
0.951269,-0.084807,-0.249353
0.912334,0.012033,-0.202631
0.930407,-0.087848,-0.216947
0.913354,0.030395,-0.196290
0.917133,-0.002750,-0.202424
0.923142,-0.086888,-0.216334
0.911045,-0.002352,-0.200867
0.909960,0.030456,-0.194281
0.871992,0.177891,-0.059897
0.873109,0.192990,-0.057688
0.912448,-0.014059,-0.190220
0.930587,-0.103455,-0.157446
0.925449,-0.102563,-0.157351
0.925952,-0.101972,-0.158014
0.915744,-0.034140,-0.133973
0.880540,0.179120,-0.150176
0.895579,0.092433,-0.109127
0.894853,0.092695,-0.110314
0.894496,0.116802,-0.113282
0.891684,0.116714,-0.114576
0.889073,0.137228,-0.104685
0.917806,-0.026330,-0.205171
0.909903,0.076415,-0.188540
0.912645,-0.025853,-0.205932
0.913734,-0.026406,-0.205088
0.912038,0.047555,-0.191745
0.909911,0.044892,-0.191780
0.905652,0.044386,-0.191016
0.905716,0.073085,-0.185001
0.905366,0.073312,-0.184962
0.905264,0.044268,-0.190210
0.902105,0.044349,-0.189968
0.894173,0.136459,-0.173000
0.887146,0.134499,-0.174982
0.901972,0.073436,-0.183903
0.913600,-0.014538,-0.190730
0.868554,0.197848,-0.052878
0.870965,0.199359,-0.052376
0.925414,-0.053558,-0.243583
0.954334,-0.055563,-0.249179
0.923400,-0.053253,-0.245564
0.936949,-0.053820,-0.247100
0.921149,-0.022383,-0.227118
0.912991,-0.004507,-0.216330
0.932034,-0.082026,-0.250773
0.902690,0.047145,-0.203790
0.921654,-0.021852,-0.228762
0.909698,0.001860,-0.222813
0.922134,-0.021678,-0.229696
0.894317,0.078914,-0.190229
0.914555,0.018635,-0.238350
0.912933,0.018724,-0.237870
0.881821,0.118849,-0.175505
0.882648,0.118445,-0.175830
0.907193,0.062464,-0.262195
0.895252,0.083523,-0.241767
0.882707,0.216412,-0.169063
0.920926,0.087029,-0.248568
0.909876,0.064497,-0.266602
0.883925,0.160315,-0.229986
0.861983,0.181281,-0.228271
0.881317,0.160181,-0.231512
0.875963,0.184813,-0.225070
0.884290,0.277376,-0.031372
0.878677,0.055553,-0.020103
0.901451,0.237629,-0.031314
0.912576,-0.032542,-0.080448
0.908555,-0.131112,0.008052
0.919900,-0.031009,-0.079340
0.910968,-0.131356,0.007340
0.925493,-0.134066,0.012630
0.903406,-0.136931,0.015928
0.887106,0.061939,-0.018407
0.919164,-0.053139,-0.086788
0.922646,-0.032124,-0.083915
0.916569,-0.052857,-0.088761
0.897155,-0.099133,0.014420
0.889089,-0.095698,0.013137
0.900570,-0.098117,0.015572
0.887367,-0.119152,0.032994
0.886538,0.231567,-0.019223
0.877989,0.133603,-0.015502
0.884175,-0.118288,0.031423
0.869078,0.125193,-0.018314
0.882072,0.131389,-0.014314
0.870831,0.196912,-0.029769
0.869574,0.197079,-0.030031
0.872066,0.127830,-0.016825
0.853005,0.207730,-0.004935
0.868263,0.198503,-0.051000
0.876473,0.177198,-0.059809
0.869915,0.175109,-0.060599
0.876634,0.202442,-0.049833
0.859108,0.195020,-0.052818
0.872127,-0.141197,0.046428
0.839714,0.203231,-0.003526
0.879494,-0.143193,0.049512
0.856407,0.208722,-0.002999
0.881873,0.136838,-0.079395
0.871833,0.192928,-0.059180
0.857228,-0.125634,0.071977
0.853083,-0.123906,0.070047
0.861590,0.138654,0.012792
0.857667,0.138067,0.010676
0.853285,0.138549,0.008699
0.856727,0.140362,0.009222
0.852436,0.137634,0.009033
0.848287,0.139325,0.007528
0.839413,-0.140465,0.094738
0.839834,-0.140621,0.094715
0.822921,-0.144791,0.117451
0.815255,-0.142545,0.113595
0.811340,-0.078963,0.116192
0.808338,-0.078337,0.114200
0.771319,0.111823,0.112901
0.777166,0.085835,0.113218
0.770757,0.068663,0.112709
0.764215,0.086754,0.110992
0.779884,0.068809,0.114317
0.773104,0.084527,0.112635
0.776498,0.068368,0.112243
0.781706,-0.020325,0.134281
0.770886,0.081878,0.112246
0.760582,0.066232,0.122472
0.769124,0.018422,0.137189
0.742633,0.064507,0.126479
0.751721,0.080077,0.119002
0.908838,0.025650,-0.243749
0.885919,0.134746,-0.171454
0.906329,0.044187,-0.235864
0.876738,0.148288,-0.173785
0.885331,0.215583,-0.141066
0.877411,0.173643,-0.168637
0.872354,0.173248,-0.169551
0.922603,0.011123,-0.275221
0.883579,0.150838,-0.181431
0.907209,0.060561,-0.245551
0.907158,0.060570,-0.244711
0.902961,0.060524,-0.244323
0.903371,0.060138,-0.244114
0.905693,0.028983,-0.265527
0.916541,0.030501,-0.267278
0.877503,0.011836,-0.272588
0.873490,0.179777,-0.195711
0.909622,0.044967,-0.268194
0.913659,0.030922,-0.269243
0.869775,0.178251,-0.195369
0.914218,0.030079,-0.270081
0.872391,0.194373,-0.273467
0.863333,0.239076,-0.258045
0.759700,0.065663,0.134159
0.750287,-0.000086,0.147970
0.749878,0.062995,0.141699
0.751851,0.073357,0.140284
0.743118,0.064079,0.137449
0.749365,0.072322,0.143185
0.753629,0.064049,0.145290
0.750685,0.072495,0.142782
0.751486,0.073046,0.141711
0.746260,0.085598,0.139061
0.749686,0.086530,0.140285
0.742540,0.062895,0.140872
0.737313,0.070940,0.139121
0.729518,0.095137,0.146240
0.724119,0.093701,0.142578
0.735328,0.096331,0.146674
0.737358,0.060729,0.149389
0.735783,0.077425,0.151797
0.752330,0.078396,0.164747
0.730922,0.075658,0.158437
0.730424,0.076049,0.158533
0.875753,0.184395,-0.224745
0.870895,0.183392,-0.228417
0.900968,0.091872,-0.280129
0.903620,0.092596,-0.280721
0.878842,0.160293,-0.232743
0.901157,0.092569,-0.280631
0.882810,0.161288,-0.233741
0.925233,0.211240,-0.235287
0.868043,0.202867,-0.223784
0.875845,0.196148,-0.229129
0.895300,0.091850,-0.280914
0.867368,0.221078,-0.225157
0.876818,0.186813,-0.234501
0.902915,0.050999,-0.303377
0.872218,0.224178,-0.227596
0.873903,0.166473,-0.270131
0.862006,0.219368,-0.228121
0.759027,0.081251,0.123207
0.714996,0.068949,0.178021
1.177009,0.378313,-0.712218
1.174962,0.361823,-0.781749
1.113735,0.516449,-1.017577
1.623697,-0.111924,-1.007327
1.589086,-0.108052,-0.986739
1.536390,-0.071415,-1.027689
1.544894,-0.068913,-1.027737
1.497272,-0.081014,-1.010132
1.572168,-0.031452,-1.016321
1.557102,-0.026136,-1.002424
1.487298,-0.048201,-1.006015
1.452994,-0.053682,-0.828851
1.354869,-0.048387,-0.842993
1.000447,0.392424,-0.854550
1.138476,0.360778,-0.789785
1.265948,0.041614,-1.004008
1.160323,0.357385,-0.563753
1.155014,0.464020,-0.943337
1.179457,0.433014,-0.791183
1.157445,0.423867,-0.779150
1.265638,0.203088,-0.663505
1.255130,0.215923,-0.700007
1.262389,0.203015,-0.664365
1.202202,0.419248,-0.678839
1.229229,0.234129,-0.668649
1.216983,0.409797,-0.686978
1.218701,0.261884,-0.649584
1.183113,0.401550,-0.674085
1.145798,0.359706,-0.791006
1.227434,0.264088,-0.652219
1.183743,0.254000,-0.636897
1.170082,0.361496,-0.782429
1.178429,0.408734,-0.675818
1.198005,0.420226,-0.679926
1.165884,0.410168,-0.671278
1.156989,0.409883,-0.671665
1.057119,0.396672,-0.701696
1.155112,0.349985,-0.518749
1.242965,0.199846,-0.655482
1.273132,0.317455,-0.626172
1.001610,0.400030,-0.652550
1.005371,0.408443,-0.709898
1.018623,0.413965,-0.716061
1.020838,0.415188,-0.716235
0.988432,0.413757,-0.742502
0.988065,0.414158,-0.743605
0.983988,0.412414,-0.741748
1.001712,0.400198,-0.652296
1.028936,0.398754,-0.622923
0.997113,0.383331,-0.607910
1.003060,0.381459,-0.536450
0.987533,0.375261,-0.529185
0.934485,0.408893,-0.670406
0.933148,0.407065,-0.670873
0.946135,0.415689,-0.678620
0.938551,0.409978,-0.675538
0.920872,0.405645,-0.688086
0.928543,0.427535,-0.675833
1.148940,0.422559,-1.417231
1.051942,0.196782,-1.398859
1.042645,0.185840,-1.440859
1.028647,0.486783,-1.246399
1.025194,0.485289,-1.245452
1.000568,0.471966,-1.218606
1.022361,0.482553,-1.242729
0.992715,0.466975,-1.215008
0.998912,0.472042,-1.218020
1.021960,0.484866,-1.247877
1.054733,0.531566,-1.228441
1.052157,0.530025,-1.217677
1.047202,0.527343,-1.211701
0.884018,0.426888,-1.190691
0.905700,0.485163,-1.182104
0.897087,0.498547,-1.060181
0.891275,0.494499,-1.055444
0.881545,0.042271,-0.188259
0.879475,0.014033,-0.190596
0.918457,-0.120033,-0.225632
0.907394,-0.083071,-0.217706
0.865035,0.032070,-0.207313
0.846506,0.107601,-0.337311
0.894322,-0.012017,-0.195024
0.702766,-0.273872,0.264721
0.749835,-0.194789,0.140494
0.749731,-0.199352,0.157654
0.724913,-0.152694,0.190698
0.882369,0.057457,-0.204693
0.876359,0.027787,-0.115499
0.788920,-0.065276,0.065131
0.805548,-0.058808,0.034562
0.802801,-0.202912,0.079432
0.793381,-0.202347,0.078425
0.742263,-0.193295,0.139352
0.779958,-0.068283,0.077998
0.787583,-0.168128,0.083870
0.809571,-0.058378,0.033110
0.793465,-0.102093,0.055676
0.805857,-0.058787,0.032369
0.677330,-0.024805,0.218994
0.788942,-0.099571,0.064754
0.673151,-0.153729,0.263288
0.678850,-0.130459,0.257879
0.665681,-0.096591,0.249813
0.936072,-0.182548,-0.166260
0.901130,-0.108579,-0.121413
0.870559,-0.020797,-0.091017
0.783636,-0.208073,0.107341
0.775121,-0.205382,0.105217
0.752649,-0.237661,0.136384
0.810241,-0.101924,0.042977
0.797184,-0.091108,0.060190
0.759350,-0.200256,0.156396
0.659808,-0.067763,0.244190
0.781028,-0.067942,0.075655
0.792218,0.029259,0.025730
0.772792,-0.006563,0.074586
0.697796,-0.118913,0.216989
0.690657,-0.140450,0.237658
2.385905,-1.566746,0.775570
0.711795,-0.107459,0.196135
0.773975,-0.195192,0.127233
0.759711,-0.192600,0.126044
0.760723,-0.197732,0.142898
0.751919,-0.195914,0.142579
0.759812,-0.168483,0.132903
0.794736,-0.013077,0.036343
0.709553,-0.253930,0.218175
0.480652,-0.081528,0.328801
0.743000,-0.209904,0.202908
0.734142,-0.152387,0.169876
0.732843,-0.143394,0.172998
0.736104,-0.122762,0.168272
0.678206,-0.300203,0.277146
0.656162,-0.306125,0.320344
0.665968,-0.282845,0.317829
0.664280,-0.272212,0.310998
0.657386,-0.268430,0.315779
0.710436,-0.088103,0.194468
0.659119,-0.237283,0.312629
0.675481,-0.244314,0.326383
0.653672,-0.237184,0.310134
0.656595,-0.237114,0.311340
0.660337,-0.140346,0.279254
0.627784,-0.137410,0.320105
2.137420,-0.544695,-0.156156
0.718339,-0.085009,0.175644
0.755214,-0.012098,0.095549
0.648718,-0.223416,0.311309
0.792567,-0.168287,0.087779
0.637146,-0.168605,0.310202
0.662079,-0.093765,0.264480
0.663631,-0.112867,0.284117
0.632803,-0.154159,0.308602
0.669866,-0.024732,0.214918
0.679492,-0.023825,0.219122
0.656432,-0.087356,0.281608
0.658330,-0.072057,0.270916
0.623786,-0.115094,0.311349
0.642335,-0.070019,0.278162
0.625038,-0.100865,0.311694
0.623335,-0.114166,0.320419
0.699344,-0.080521,0.212309
0.698539,-0.055478,0.194226
0.639541,-0.208791,0.316559
0.670864,-0.144311,0.282786
0.644715,-0.189266,0.310857
0.640225,-0.187398,0.310222
0.635993,-0.191478,0.317048
0.814799,-0.101446,0.044146
0.815241,-0.058235,0.034061
0.807490,-0.058300,0.032705
0.792296,-0.064144,0.063788
0.788743,-0.016303,0.046935
0.790122,-0.270355,0.109433
0.781812,-0.267437,0.107228
0.795966,-0.170031,0.087921
0.810374,-0.079675,0.045586
0.808278,-0.080030,0.046024
0.777299,-0.082748,0.062745
0.794171,-0.002001,0.031351
0.668806,-0.066542,0.237266
0.788664,-0.000808,0.036284
0.729294,-0.173000,0.191517
0.737881,-0.122497,0.168022
0.724119,-0.103394,0.170397
0.699065,-0.165375,0.242949
0.681722,-0.121857,0.236278
0.675345,-0.296800,0.272844
0.914607,-0.110147,-0.186610
0.799159,-0.063849,0.063747
0.898965,-0.041001,-0.229671
0.942933,-0.218880,-0.249362
0.790318,-0.010714,0.043869
0.949538,-0.302316,-0.357151
0.956005,-0.292159,-0.280034
0.946821,-0.284873,-0.279817
0.921228,-0.064997,-0.229776
0.917337,-0.030255,-0.132702
0.964776,-0.313155,-0.377340
0.903160,-0.198719,-0.067592
0.803130,-0.012503,0.024331
0.922200,-0.131033,-0.188580
0.923538,-0.131271,-0.191345
0.872409,0.096507,-0.156391
0.787080,-0.014966,0.036355
0.801414,0.002178,0.026206
0.911988,-0.070951,-0.217335
1.241220,-0.048508,-0.826201
0.904303,-0.033373,-0.120499
0.896490,-0.006583,-0.198612
0.882864,0.030988,-0.183227
0.883677,0.058865,-0.177953
1.028308,0.181004,-0.612580
0.878420,0.081020,-0.200590
0.924497,-0.195966,-0.236186
0.847254,0.114442,-0.326523
0.848618,0.105453,-0.322681
0.411980,-0.527002,-2.455776
0.866264,0.192877,-1.833203
0.826678,0.432832,-1.673417
0.073089,0.364146,-1.655598
0.069409,0.255105,-1.651792
0.035328,0.382246,-1.620665
-0.032121,0.092223,-1.614377
0.044487,0.250257,-1.621246
0.128226,0.453030,-1.599415
0.721463,0.040807,-1.687991
0.191659,0.487138,-1.529098
0.123396,0.446040,-1.577519
0.108336,0.477941,-1.452395
0.141022,0.480527,-1.548535
-0.113457,0.506832,-1.613745
0.234376,0.509422,-1.524182
0.064411,0.447865,-1.506375
0.022007,0.491534,-1.586305
-0.014893,0.489925,-1.533464
0.027484,0.483325,-1.551821
0.321512,0.500932,-1.689255
-0.787113,0.669745,-3.387275
0.553233,0.417732,-1.401134
-0.046695,0.504875,-1.818921
-0.042702,0.503623,-1.564801
0.863791,0.215015,-1.894465
-0.054034,0.379254,-1.594280
0.665576,0.012171,-1.832181
-0.075169,0.605537,-1.669062
-0.487739,0.979177,-2.361299
-0.345027,0.854839,-1.998244
-0.750708,0.710906,-2.838157
-0.680366,0.838601,-2.635206
-0.059900,0.354028,-1.595470
-0.756652,0.714005,-2.848278
-0.052004,0.349554,-1.522919
-0.046740,0.339539,-1.493387
0.926925,0.482019,-1.629086
0.076307,0.432703,-1.656977
0.177581,0.332930,-1.715527
0.861030,0.274162,-1.870479
-0.021005,0.444948,-1.622531
0.671625,0.407042,-1.817821
0.602707,0.068273,-1.891849
0.532385,0.412601,-1.418614
1.090193,0.164043,-0.656977
0.601128,-0.015340,-1.954058
0.587466,0.066898,-1.621101
0.619488,0.075533,-1.752852
0.940414,0.482886,-1.612273
0.563548,0.427645,-1.450752
0.179270,0.477322,-1.590129
0.036651,0.477974,-1.560935
0.806627,-0.026497,-2.021392
0.391565,0.440839,-1.921650
0.326199,0.489703,-1.672527
0.101630,0.149901,-1.801407
0.633640,0.365878,-1.203725
0.176249,0.290179,-1.653495
0.719047,0.103243,-1.563144
0.706159,0.099530,-1.518198
0.232722,0.476044,-1.450395
0.051064,0.471864,-1.505758
1.061141,-0.116832,-1.352036
0.016698,0.375670,-1.663188
0.083369,0.190565,-1.691185
0.039980,0.327607,-1.606704
0.286348,0.434962,-1.356948
0.698354,0.357272,-1.786605
0.302216,0.181764,-1.868707
0.019884,0.440325,-1.641401
0.001727,0.373427,-1.652731
0.518648,0.412208,-1.462353
0.273505,0.438284,-1.273296
0.185726,0.486389,-1.540060
0.143894,0.487298,-1.551505
0.224523,0.503203,-1.645637
0.225735,0.494547,-1.629441
0.143935,0.481410,-1.546808
0.187338,0.498022,-1.559487
0.275444,0.436815,-1.275880
0.562624,0.428884,-1.453877
0.237238,0.473322,-1.448084
0.108124,0.472916,-1.445110
0.112483,0.472586,-1.520958
0.265662,0.486996,-1.621750
0.528627,0.408057,-1.289786
0.027623,0.427810,-1.622503
0.223437,0.459468,-1.663349
0.234734,0.471668,-1.443378
0.273372,0.443383,-1.276844
0.137817,0.423840,-1.641275
0.273767,0.443404,-1.273094
0.233018,0.439418,-1.701092
0.583636,0.386896,-1.145989
0.191273,0.183970,-1.745130
0.096728,0.377611,-1.680073
0.345954,0.435931,-1.322136
0.056634,0.447129,-1.505280
0.059060,0.102084,-1.621010
0.209211,0.340619,-1.687338
0.203060,0.334502,-1.679640
0.072432,0.438962,-1.675307
0.222150,0.454674,-1.645076
0.269879,0.507878,-1.676214
0.171236,0.299780,-1.676629
-1.700938,-0.772570,-5.056139
0.714141,-0.001762,-1.928381
0.510728,-0.045831,-2.232571
0.712689,0.255228,-1.984686
0.749607,0.354978,-2.099852
0.729611,0.245673,-1.958426
0.792913,0.196712,-2.047206
0.531307,0.426193,-1.754703
0.251367,0.082696,-1.876458
0.268831,0.224358,-1.733228
0.588647,0.076115,-1.678820
0.066175,0.426658,-1.672711
0.152336,0.030848,-1.811865
0.413450,0.384247,-1.418266
-0.015614,0.447699,-1.545018
0.018498,0.065549,-1.377768
-0.096132,0.300860,-1.576422
0.065868,0.473835,-1.476197
0.162756,0.248893,-1.676033
0.111503,0.418614,-1.698289
0.086418,0.341348,-1.711351
0.045249,0.470500,-1.640940
0.489503,0.382170,-1.470118
0.199682,0.498160,-1.606445
0.053871,0.097468,-1.668804
0.176963,0.489413,-1.620615
0.631131,0.454454,-1.899425
0.674537,0.014185,-1.871021
0.670995,0.427875,-1.692852
0.637158,0.459684,-1.758117
0.530388,0.164675,-1.784590
0.106064,0.149463,-1.756488
-0.017656,0.277790,-1.622757
0.553370,0.092435,-1.771193
0.846794,0.224584,-2.198365
0.004632,0.218029,-1.708289
-0.135702,0.397566,-1.759623
0.025933,0.474541,-1.526570
-0.488369,0.978508,-2.364606
0.675635,0.347108,-2.043094
0.011204,0.039153,-1.650241
0.713007,-0.001746,-1.917755
-0.025028,0.504318,-1.602653
0.606357,0.066366,-1.600852
-0.030123,0.513734,-1.616363
0.196246,0.392069,-1.647362
0.215683,0.221195,-1.675835
0.171694,0.299773,-1.684635
2.284135,-1.126608,-0.178736
0.998075,-0.388796,-0.229982
2.146149,-0.543212,-0.174610
2.146163,-0.542920,-0.169171
2.173407,-0.958939,-0.201570
0.977668,-0.376756,-0.216222
0.926205,-0.158864,-0.229503
0.900705,-0.031889,-0.120530
0.895499,-0.023879,-0.117841
0.786701,-0.100353,0.065679
0.891606,-0.123881,-0.117707
1.283527,-0.096359,-0.809033
1.884496,-0.435376,-0.252080
0.883783,0.060324,-0.186068
0.871545,0.044767,-0.113751
0.943113,-0.197753,-0.168267
0.906772,-0.043211,-0.213525
0.877499,0.015647,-0.198504
0.880343,-0.202694,-0.086747
0.873649,0.050011,-0.200843
0.838365,0.113691,-0.367233
0.840753,0.114595,-0.368317
0.837651,0.113117,-0.367409
0.855794,0.098315,-0.285883
0.878482,0.052197,-0.178915
2.109001,-0.824181,-0.219575
2.233758,-0.585445,-0.143025
1.590158,-0.201194,-1.038025
1.320467,-0.124484,-0.841125
0.942819,-0.233869,-0.256488
1.000925,-0.388635,-0.228365
0.944624,-0.315336,-0.274946
0.936817,-0.194653,-0.257158
0.919646,-0.167896,-0.249810
0.923713,-0.126269,-0.226776
0.922991,-0.104471,-0.226456
0.911986,-0.041142,-0.136291
0.929129,-0.099250,-0.151002
0.935307,-0.099575,-0.152467
0.929893,-0.108551,-0.152175
0.891038,0.005533,-0.205620
0.900707,0.031588,-0.194273
1.214736,0.028775,-0.750175
1.015399,0.193268,-0.592887
0.966960,-0.330320,-0.254238
0.922833,-0.155218,-0.250597
0.930356,-0.162403,-0.248101
0.932101,-0.156392,-0.253800
2.205826,-0.810288,-0.238379
0.981850,-0.377938,-0.217668
0.965589,-0.342415,-0.255498
0.955932,-0.281471,-0.244437
0.943969,-0.222309,-0.265266
0.888824,0.021316,-0.195025
0.885443,0.032459,-0.190620
0.879467,0.045391,-0.201374
0.876715,0.050801,-0.202926
0.874167,0.042709,-0.216664
0.874656,0.069695,-0.180621
0.868455,0.078746,-0.197200
0.870894,0.080476,-0.176424
0.865538,0.090665,-0.249613
0.862577,0.090154,-0.248600
0.864216,0.092803,-0.257389
0.858072,0.095201,-0.268376
0.851458,0.096579,-0.285732
0.851622,0.101781,-0.269039
0.844892,0.102260,-0.316769
0.848449,0.102268,-0.313412
0.844294,0.104979,-0.336042
0.845352,0.102575,-0.268520
0.849187,0.107141,-0.277561
0.849915,0.111164,-0.269705
0.844921,0.108768,-0.305085
0.848741,0.116186,-0.326616
0.787929,-0.098117,0.054788
0.796602,-0.104120,0.061107
0.788717,-0.090230,0.061597
0.780109,-0.063908,0.062342
0.979703,-0.326478,-0.285073
0.922061,-0.124980,-0.233314
0.907086,-0.032047,-0.133043
0.903538,-0.033187,-0.208474
0.858690,-0.201963,-0.027307
0.892755,0.026488,-0.218621
0.875361,0.063910,-0.182047
0.861929,0.097790,-0.245637
0.860390,0.097443,-0.245250
0.787632,-0.079126,0.042112
0.793683,-0.058977,0.032411
0.789285,-0.103106,0.057394
0.941391,-0.212991,-0.249352
0.907574,-0.206925,-0.095065
0.918557,-0.028466,-0.132661
0.873558,-0.204350,-0.027731
0.866595,0.030648,-0.113714
0.775655,-0.082243,0.063240
0.775668,-0.081518,0.062792
0.781112,-0.015837,0.037272
0.777911,-0.016809,0.046112
0.778183,-0.016204,0.044690
0.891035,-0.037463,-0.120352
0.929857,-0.109495,-0.153279
0.913270,-0.031871,-0.133007
0.858749,0.096194,-0.274841
1.012435,0.192932,-0.591986
1.214638,-0.058681,-0.761341
0.920040,-0.178368,-0.088652
0.864529,0.092741,-0.258819
0.898318,-0.003033,-0.211878
0.874158,0.056709,-0.201927
0.874311,0.061905,-0.195681
0.880340,0.068773,-0.197888
1.207313,0.008928,-0.748186
1.053564,0.189415,-0.629010
0.944497,-0.283644,-0.278761
0.943723,-0.245401,-0.235581
0.841207,0.121911,-0.405082
0.837961,0.121310,-0.405567
0.938679,-0.211477,-0.254422
0.855866,0.097697,-0.285844
0.851497,0.096364,-0.283336
0.912127,-0.111096,-0.185319
0.894763,0.006734,-0.197534
0.872446,0.041400,-0.215900
0.894143,0.017886,-0.202883
0.879030,0.046223,-0.203362
0.842402,0.113901,-0.370197
0.921242,-0.130225,-0.239798
0.924213,-0.153497,-0.228769
0.914182,-0.067937,-0.234784
0.846595,0.104112,-0.321634
0.847105,0.104074,-0.321719
0.849168,0.102069,-0.312962
0.848635,0.101715,-0.312393
0.845638,0.101021,-0.310681
0.911492,-0.056533,-0.233156
0.900967,-0.059396,-0.224874
0.405335,-0.530681,-2.441190
-0.888052,0.794124,-3.863829
0.381122,0.116625,-1.942626
0.157250,0.463400,-1.599127
0.583590,0.512358,-2.362345
0.135944,0.031350,-1.850538
0.157700,0.216568,-1.784744
-0.069714,0.039714,-1.699702
0.363535,0.472289,-1.720453
0.342045,0.477986,-1.698145
0.033574,0.425385,-1.645945
0.178555,0.291927,-1.718358
-0.090508,0.339904,-1.581704
0.136172,0.493124,-1.578608
0.118847,0.401375,-1.637600
0.015987,0.033080,-1.755702
0.073807,0.369863,-1.664168
-0.041216,0.495009,-1.547393
-0.089459,0.331266,-1.567824
-0.152108,0.336414,-1.654642
-0.007635,0.182566,-1.617084
0.106005,0.467279,-1.621107
0.069050,0.452376,-1.542229
0.077228,0.192159,-1.734928
0.083236,0.323797,-1.688214
-0.028490,0.303140,-1.658183
0.080009,0.427103,-1.656162
0.121341,0.465243,-1.629457
0.055435,0.103789,-1.642873
0.043099,0.107890,-1.770632
0.097142,0.323651,-1.682783
-0.661862,0.603926,-3.079080
0.117295,0.472401,-1.519386
0.268234,0.113814,-1.858609
-0.054736,0.510679,-1.579453
0.530257,-0.162677,-2.341825
0.173035,0.237222,-1.764399
-0.093862,0.477035,-1.552043
0.117841,0.427815,-1.695485
0.094517,0.397741,-1.570557
0.110550,0.421751,-1.707359
0.074436,0.203788,-1.796901
0.195445,0.174132,-2.012720
0.204829,0.142468,-1.825401
0.701006,-0.194171,-2.056458
0.356654,0.436144,-1.479499
0.704214,-0.040026,-2.017114
0.808024,0.346775,-1.577601
0.214341,0.041807,-1.786204
0.243904,0.183545,-1.799591
0.297583,0.437933,-1.671733
0.494496,0.392814,-1.506508
0.699168,0.061845,-1.489263
1.354881,-0.174713,-1.277177
0.532650,0.403789,-1.216100
1.159213,-0.140915,-1.254343
0.497278,0.398068,-1.159778
1.053537,-0.047575,-1.169774
0.538204,0.428114,-1.291431
0.551538,0.401181,-1.284967
0.383460,0.421466,-1.197402
0.867481,0.049779,-1.283686
0.430314,0.424399,-1.283858
0.859261,0.110481,-1.684985
0.600145,0.375909,-1.313831
0.889726,0.441065,-1.508301
0.477275,0.379893,-1.403149
0.742942,0.408061,-1.291580
0.962069,-0.039528,-1.376561
0.478983,-0.313940,-2.508815
0.460465,-0.392633,-2.543765
0.678472,0.342715,-2.052774
0.915116,0.398579,-1.825418
0.870296,0.206821,-1.775993
0.305681,0.205706,-1.784397
0.348359,0.520113,-1.803480
0.270832,0.074154,-1.878635
0.286378,0.140332,-1.761872
0.259830,0.387746,-1.777932
0.373759,0.456909,-1.745119
0.380244,0.472857,-1.695492
0.237863,0.070986,-1.832287
0.286847,0.054775,-1.784859
0.286524,0.349901,-1.652631
0.372233,0.584716,-1.835394
0.884745,0.069515,-1.278630
0.494063,-0.357962,-2.355777
0.606889,0.422916,-1.919012
0.495981,0.528678,-2.058080
0.455241,0.426349,-1.383824
0.563849,0.439781,-1.456035
0.441257,0.446628,-1.364290
0.348166,0.436028,-1.326928
0.359151,0.474254,-1.571690
0.382123,0.427280,-1.230888
0.281009,0.270671,-1.613580
0.698084,0.307060,-2.017655
0.657886,-0.045425,-2.027204
0.431246,0.381649,-1.413736
0.610584,0.375377,-1.198541
0.269842,0.309301,-1.803271
0.380681,0.428962,-1.234359
0.531222,0.410737,-1.295873
0.470481,0.404452,-1.183554
0.685732,0.427362,-1.950952
0.783536,0.078565,-1.433725
0.745002,0.086794,-1.453632
0.694157,0.303963,-2.000480
0.688991,0.066381,-1.511241
0.496366,0.396969,-1.155767
0.468742,0.403416,-1.178082
0.677109,0.418046,-1.920155
0.304153,0.144020,-1.879551
0.690599,0.301487,-1.990891
0.258477,0.296085,-1.710815
0.477740,0.431710,-1.316684
0.496005,0.395213,-1.151754
0.466769,0.399928,-1.171266
0.363325,0.465830,-1.699908
0.552871,0.419599,-1.560059
0.361277,0.470949,-1.470150
0.551234,0.402161,-1.517336
0.284460,0.144558,-1.790484
0.544751,0.414870,-1.392262
0.383424,0.431830,-1.246800
0.665430,0.450968,-1.853987
0.509326,0.148436,-1.714953
0.248920,0.322245,-1.708291
0.517742,0.072710,-1.894054
0.419190,0.492929,-1.748272
0.376406,0.116183,-1.925069
0.244115,0.131069,-1.753898
0.253896,0.171075,-1.752800
0.648829,-0.248199,0.315336
0.636493,-0.154610,0.312624
0.498760,-0.178842,0.444307
0.501531,-0.179789,0.446910
0.473518,-0.218540,0.465468
0.493455,-0.116235,0.457379
0.542866,-0.085575,0.358307
0.688033,-0.297959,0.290516
0.678322,-0.291892,0.284011
0.667574,-0.274768,0.303762
0.662402,-0.276643,0.303192
0.636945,-0.170905,0.308623
0.642461,-0.209900,0.317087
0.582669,-0.174296,0.399947
0.622146,-0.125653,0.316068
0.609667,-0.135187,0.351880
0.653853,-0.234223,0.322611
2.162162,-0.847575,-0.226364
2.189076,-0.566911,-0.145363
2.367613,-0.957371,0.902275
0.934595,-0.111736,-0.151011
0.991348,-0.381821,-0.219269
2.491403,-0.749393,-0.146789
2.169452,-0.960942,-0.201276
0.940563,-0.109706,-0.152935
0.655870,-0.075950,0.263634
0.789762,-0.206047,0.096307
0.784960,-0.246094,0.115068
0.735306,-0.143862,0.174606
0.743476,-0.033710,0.167064
0.687156,-0.074895,0.233681
0.743323,-0.123724,0.169531
0.815886,-0.249661,0.099239
0.672297,-0.066253,0.239839
0.964043,-0.324094,-0.268869
0.980839,-0.335685,-0.260275
0.921088,-0.112198,-0.184716
0.925355,-0.112362,-0.184830
0.683276,-0.087946,0.225080
0.679685,-0.132323,0.267973
0.656649,-0.130635,0.279002
1.917666,-0.443564,-0.255542
0.918191,-0.111121,-0.183623
0.916047,-0.087246,-0.220901
0.900854,-0.060322,-0.212062
0.880158,0.036480,-0.211692
2.107709,-0.555716,-0.130535
2.136582,-0.548126,-0.142888
2.067106,-0.658583,-0.269385
0.965678,-0.280709,-0.284084
0.948760,-0.253099,-0.281316
0.947624,-0.190132,-0.170200
0.903679,-0.021054,-0.206380
0.769649,-0.243578,0.142587
0.757400,-0.168408,0.132579
0.748745,-0.013525,0.099157
2.065462,-0.713083,-0.241557
1.059376,-0.370701,-0.383043
1.052919,-0.356008,-0.394865
0.953873,-0.302611,-0.284725
0.881751,0.035568,-0.182688
0.870850,0.064338,-0.201377
0.883731,-0.114449,-0.139163
0.871997,0.093790,-0.182472
0.796505,-0.241616,0.086408
0.776547,-0.062155,0.041712
0.769506,-0.018996,0.059111
0.732186,-0.248455,0.188811
2.155179,-0.848161,-0.222054
0.968079,-0.225866,-0.179420
1.011258,-0.393199,-0.237345
0.980068,-0.226028,-0.182770
0.929860,-0.155221,-0.249228
0.927126,-0.132471,-0.187955
0.907051,-0.026575,-0.118851
0.886600,0.018155,-0.207357
0.879928,0.056670,-0.177340
0.877449,0.091215,-0.178113
0.801009,-0.108675,0.066708
0.761081,-0.173656,0.129794
0.962801,-0.282963,-0.248634
0.954316,-0.188960,-0.172364
0.947258,-0.207036,-0.263124
0.928075,-0.209081,-0.093412
0.913997,-0.183797,-0.096970
0.930346,-0.142298,-0.237777
0.916287,-0.178245,-0.087837
0.911129,-0.125339,-0.223129
0.894501,-0.121713,-0.117400
0.902278,-0.113172,-0.117794
0.895236,-0.118435,-0.116487
0.899071,-0.112843,-0.117842
0.927790,-0.098939,-0.225691
0.889584,-0.026027,-0.115840
0.881923,0.012991,-0.118579
0.861721,0.054702,-0.084250
0.850548,0.056058,-0.083881
0.780714,-0.108339,0.061589
0.798649,-0.108098,0.064449
0.796867,-0.098830,0.044851
0.809669,-0.086915,0.047416
0.815899,-0.109286,0.065800
0.804024,-0.079791,0.044899
0.811849,-0.094271,0.051889
0.797206,-0.078879,0.043350
0.787398,-0.083623,0.064094
0.790430,-0.083060,0.064706
0.795517,-0.012393,0.028197
0.809473,-0.011558,0.029267
0.799541,0.001733,0.026734
0.794457,-0.012968,0.036872
0.682287,-0.103617,0.239220
0.686631,-0.062765,0.209675
0.690088,-0.061797,0.207968
0.685790,-0.061918,0.210594
0.681658,-0.061301,0.209224
0.668583,-0.116294,0.257916
0.686189,-0.035629,0.207462
0.667784,-0.095477,0.243517
0.664322,-0.112146,0.262274
0.682969,-0.065322,0.233312
0.712974,-0.189605,0.219961
0.707805,-0.137162,0.208929
0.718736,-0.107139,0.195315
0.711445,-0.069405,0.196846
0.784970,-0.000787,0.037759
0.780965,0.006230,0.038489
0.781900,-0.018916,0.058079
0.772976,-0.010072,0.056693
0.780829,-0.010252,0.057890
0.766464,-0.022552,0.078546
0.765691,-0.006624,0.074807
0.765764,-0.007049,0.077387
0.746065,-0.017920,0.097770
0.724019,-0.143564,0.193285
0.734785,-0.146024,0.199289
0.727843,-0.145513,0.195638
0.723107,-0.070155,0.159782
0.719231,-0.105573,0.194894
0.733716,0.009443,0.126078
0.694181,-0.124470,0.223944
0.694104,-0.131224,0.232335
0.705462,-0.074771,0.192899
0.703198,-0.070081,0.194567
0.709433,-0.066346,0.194696
0.692113,-0.081210,0.209366
0.703622,-0.067992,0.193573
0.703311,-0.054220,0.196981
0.658024,-0.043213,0.254373
2.073360,-0.768392,-0.227845
0.854407,-0.218098,-0.002459
0.880498,0.019546,-0.116363
0.677582,-0.191273,0.248112
0.773717,0.015404,0.065984
2.219976,-0.601150,-0.142551
2.143676,-0.977536,-0.194682
2.279436,-0.896380,-0.240098
2.129403,-0.745968,-0.252822
0.983050,-0.350932,-0.259942
0.982227,-0.376455,-0.224585
1.009229,-0.332441,-0.405929
0.961220,-0.345927,-0.253465
0.974543,-0.353387,-0.256579
0.975623,-0.341386,-0.254777
0.975257,-0.340421,-0.254560
0.964585,-0.323196,-0.269051
0.950070,-0.261145,-0.262983
0.936945,-0.224764,-0.265187
0.949800,-0.118040,-0.242296
0.928629,-0.132562,-0.188536
0.928890,-0.113023,-0.183851
0.921924,-0.111576,-0.183921
0.906579,-0.065791,-0.214247
0.887801,-0.014913,-0.212749
0.923000,-0.208483,-0.096853
0.946629,-0.238368,-0.118347
0.924422,-0.233026,-0.117354
0.920451,-0.208107,-0.093846
0.908787,-0.180734,-0.089549
0.903726,-0.030649,-0.120698
0.900383,-0.043395,-0.123415
0.911681,-0.178644,-0.088589
0.909792,-0.177358,-0.087209
0.905691,-0.039716,-0.122834
0.873841,0.074578,-0.204149
0.869917,0.074197,-0.203790
0.876210,0.037228,-0.114010
0.878770,0.039957,-0.114984
0.899145,-0.068658,-0.095097
0.883288,-0.219239,-0.051889
0.892876,-0.221291,-0.051910
0.861986,0.060034,-0.088232
0.865414,0.060022,-0.087788
0.870614,-0.203846,-0.027101
0.857262,0.058127,-0.085938
0.850740,-0.217908,-0.003358
0.697328,-0.060029,0.196151
0.871535,0.023819,-0.216203
0.889496,0.026499,-0.218277
0.890638,0.012827,-0.208969
0.875515,0.012661,-0.206200
0.878130,0.057970,-0.202996
0.884456,0.025209,-0.185150
0.878771,0.042315,-0.185987
0.874045,0.075794,-0.206400
0.875880,0.075688,-0.205732
0.885965,0.047475,-0.186800
0.877841,0.068068,-0.196592
0.881988,0.048789,-0.186543
0.813200,-0.059472,0.038019
0.801048,-0.013194,0.025436
0.811131,-0.012657,0.027733
0.798242,0.003531,0.025192
0.968522,-0.351297,-0.254075
0.950365,-0.300504,-0.285448
0.954044,-0.281755,-0.244366
0.946622,-0.279661,-0.243790
0.950604,-0.280162,-0.243793
0.952948,-0.279927,-0.246468
0.948467,-0.247147,-0.235925
0.933298,-0.204352,-0.259467
0.947420,-0.245781,-0.237263
0.960266,-0.217036,-0.265996
0.939500,-0.245385,-0.233546
0.881946,0.066168,-0.183150
0.889427,-0.036353,-0.225248
0.905450,-0.054805,-0.211896
0.925850,-0.132416,-0.187374
0.900260,-0.038950,-0.210359
0.878526,0.058162,-0.177042
0.885384,0.031330,-0.210582
0.882383,0.036730,-0.212557
0.882720,0.017539,-0.206104
0.888585,0.025282,-0.185765
0.863285,0.068949,-0.199760
0.874182,0.075603,-0.179255
0.875940,0.082579,-0.178875
0.874188,0.090089,-0.197161
0.867809,0.089871,-0.194878
0.868725,0.089421,-0.196022
0.870474,0.094228,-0.182270
0.875459,0.035112,-0.115370
0.922781,-0.151498,-0.246274
0.924298,-0.151455,-0.247783
0.932815,-0.130067,-0.243618
0.932008,-0.091523,-0.244886
0.925739,-0.141626,-0.237423
0.927693,-0.142360,-0.230504
0.911371,-0.067461,-0.234536
0.910857,-0.087433,-0.218899
0.914334,-0.057909,-0.230416
0.793333,0.001664,0.039894
0.786047,-0.015863,0.037908
1.275774,-0.079254,-0.823010
0.755636,-0.113749,-1.966694
0.814305,-0.000983,-1.923991
0.631575,0.064733,-1.694693
0.715232,0.024554,-1.507363
0.730158,0.258773,-2.053866
0.763932,0.416559,-1.971357
0.699405,0.037822,-1.620650
0.887185,0.213448,-1.756267
0.870476,0.232575,-1.713735
0.639495,-0.159594,-2.020181
0.711270,0.021025,-1.828599
0.791940,0.011552,-1.667213
0.662130,0.041075,-1.867634
0.738248,0.382842,-1.541599
1.241001,-0.139098,-0.967027
1.335150,-0.164452,-0.927417
1.216912,-0.110226,-0.868110
1.186135,-0.031283,-0.817192
0.678988,-0.085895,-1.999296
0.897712,0.427371,-1.484602
1.212853,-0.020364,-0.836770
0.641826,0.381523,-1.113714
0.707079,0.381909,-1.112510
0.702104,0.375716,-1.100478
0.684093,0.391430,-1.200382
0.598950,0.334883,-1.164210
0.859275,-0.004149,-1.540178
0.862693,0.416549,-1.340799
0.811706,0.396409,-1.301632
0.730425,0.395609,-1.261597
0.936152,-0.039136,-1.336529
0.848563,0.283988,-2.041397
0.873128,0.215306,-1.914986
0.823326,0.275635,-1.986569
0.693425,-0.039931,-1.984515
0.885200,0.240266,-1.760670
0.808348,0.007537,-1.731256
0.665457,0.062613,-1.690942
0.780705,0.077638,-1.432310
0.599206,0.313419,-1.257038
0.566808,0.383297,-1.147088
0.761670,0.073258,-1.382766
0.754439,-0.115808,-2.024845
0.772109,0.076739,-1.414911
0.612145,0.315767,-1.244584
0.730532,0.268455,-2.049526
0.820546,-0.027494,-2.044320
0.708971,0.371591,-1.439911
0.760110,-0.121009,-2.049407
0.655141,-0.045824,-2.021604
0.655400,-0.079782,-2.018899
0.654138,-0.079004,-2.017782
0.607756,0.394058,-1.163122
1.251413,-0.126117,-0.853738
1.251077,-0.130862,-0.997368
1.237357,0.046448,-0.763698
1.041207,0.202397,-0.643058
1.251023,-0.140543,-0.974084
1.015233,0.312803,-0.813165
1.056579,0.335828,-0.857474
1.092964,0.211691,-0.687044
1.090885,0.211787,-0.685269
1.014798,0.323490,-0.817915
1.036316,0.274460,-0.674387
1.114347,-0.072297,-1.397183
0.937958,-0.016832,-1.219045
1.150867,0.298928,-0.792454
1.116645,0.282361,-0.761763
1.278433,-0.076325,-0.870551
1.258189,0.006676,-0.851706
0.810333,0.300947,-1.119770
1.114557,0.311885,-0.766676
1.114585,0.310825,-0.766613
0.863231,-0.015955,-1.355991
1.101149,-0.047796,-1.239313
1.026035,0.387278,-1.038408
1.232157,-0.082076,-0.795863
1.206284,-0.007128,-0.827113
1.196486,-0.022642,-0.820913
0.823192,0.122629,-0.417486
0.832351,0.120224,-0.401885
0.835521,0.120442,-0.402224
0.886994,0.391836,-1.163181
0.887051,0.301467,-1.054528
0.933660,0.419081,-1.200182
0.854730,-0.001664,-1.512387
0.956270,-0.051506,-1.371351
0.932347,-0.045568,-1.330372
1.116557,-0.125554,-1.522385
0.859011,-0.016602,-1.349012
0.410600,-0.534002,-2.474445
-1.723582,0.951398,-4.734799
-0.708921,0.704902,-2.827798
-1.805114,-0.008662,-4.352998
-0.978067,0.984826,-2.895195
-1.093111,0.951539,-3.337958
-0.679198,0.859021,-2.683976
-0.672489,0.680305,-2.742551
-1.764237,0.033995,-4.861160
-1.867473,0.029023,-5.095328
-1.638555,0.931384,-4.578512
-1.929962,0.031999,-5.225254
-0.794658,0.751989,-3.006725
-1.544052,0.884688,-4.321132
-0.655933,0.845194,-2.647651
-0.968710,1.102563,-3.105857
-0.657331,0.846432,-2.652686
-0.992653,1.115393,-3.150767
0.508537,0.098315,-1.744481
-1.291844,-0.556981,-4.520487
-0.753466,0.592608,-2.998210
-1.910603,-0.807944,-5.384187
-1.678238,0.018069,-4.669515
-1.260460,-0.545959,-4.412508
-1.358461,-0.709045,-4.967044
-1.281725,-0.542253,-4.454182
-1.395288,-0.733635,-5.083409
-1.700234,-0.161158,-4.916002
0.205332,0.026995,-2.509753
0.198392,0.025833,-2.523084
0.418371,-0.539579,-2.540339
-1.033350,0.927188,-3.211626
-1.680783,0.954847,-4.612948
-1.733765,0.078309,-4.164122
-1.680065,-0.012467,-4.114516
-1.836388,-0.015069,-4.396038
-1.053306,1.167455,-3.264007
-1.673919,0.952294,-4.578983
-1.363507,-0.695319,-4.972463
0.329621,0.028044,-1.938201
0.320927,0.026155,-1.910960
0.321200,0.021718,-1.822152
-0.651482,0.845988,-2.668828
-1.189760,0.705073,-4.313065
-0.643976,0.848042,-2.660852
-1.065154,0.945537,-3.276219
-0.651403,0.844886,-2.655745
-1.712328,0.967634,-4.709023
-0.663109,0.851070,-2.668170
-1.224201,0.697808,-4.375552
0.122787,0.436609,-1.691619
0.014779,0.353303,-1.619980
0.410642,-0.550084,-2.511662
0.184804,0.052293,-1.802092
0.265685,0.096543,-1.850152
0.194351,0.127446,-1.763868
0.460325,0.539930,-2.184577
0.454230,0.103190,-1.961324
0.594676,-0.011199,-1.921393
0.074630,0.305740,-1.657801
0.041045,0.087949,-1.677007
0.002442,0.202467,-1.661439
-0.127859,0.337546,-1.571298
-0.370774,0.565192,-2.279373
0.348709,0.036868,-2.114938
0.535716,0.000447,-2.127558
0.454783,0.092183,-1.943728
0.245554,0.095156,-1.989816
0.571886,0.490971,-1.976990
0.462324,0.092988,-1.936701
0.368014,0.476135,-1.818577
0.195269,0.164534,-1.949789
-0.081814,0.585767,-1.642895
0.109442,0.142089,-1.754639
0.064394,0.427149,-1.675276
0.042644,0.060197,-1.752668
-0.003062,0.442698,-1.629013
-0.063372,0.046572,-1.700944
-0.069443,0.039040,-1.701707
-0.062972,0.036515,-1.660004
-0.214999,0.546220,-1.777768
-0.261320,0.618604,-1.947021
0.239708,0.364644,-1.726915
0.279287,0.460233,-1.696245
0.283132,0.467984,-1.708582
0.190010,0.422339,-1.726705
0.080728,0.392149,-1.677415
0.125954,0.432123,-1.687030
0.098106,0.322332,-1.669950
0.036109,0.334062,-1.639570
0.051766,0.112812,-1.658025
0.140240,0.464554,-1.626761
-0.128426,0.441467,-1.563468
-0.008368,0.380987,-1.626112
0.064708,0.159785,-1.730085
0.012165,0.357097,-1.633125
0.068679,0.321282,-1.707980
0.091305,0.461307,-1.596922
0.089913,0.438970,-1.697186
0.209270,0.412511,-1.690796
0.029144,0.428979,-1.647114
-0.020996,0.453139,-1.561719
-0.111736,0.388657,-1.704882
0.106426,0.451440,-1.558291
-0.139132,0.353972,-1.610125
-0.128515,0.313462,-1.580202
0.106854,0.447102,-1.546613
-0.127419,0.313318,-1.577635
0.058856,0.455110,-1.537919
-0.064765,0.456229,-1.556425
0.005272,0.042304,-1.680419
0.410679,0.377694,-1.395775
0.569731,0.012977,-2.238087
0.176854,0.237344,-1.778554
0.096093,0.178590,-1.765721
0.182334,0.291672,-1.701451
0.165327,0.244163,-1.662520
0.100637,0.170326,-1.716102
0.071993,0.389365,-1.709126
0.078264,0.376488,-1.665125
0.116854,0.386662,-1.654785
0.049452,0.480227,-1.684840
0.079810,0.172447,-1.683851
0.070994,0.149006,-1.692295
0.076865,0.307516,-1.658218
0.081073,0.302392,-1.632081
0.073007,0.148190,-1.679964
0.066667,0.246300,-1.666200
0.057607,0.053584,-1.670366
0.066396,0.260439,-1.681959
0.001332,0.441277,-1.640648
-0.001875,0.440813,-1.620517
-0.126327,0.340009,-1.579112
-0.130287,0.341870,-1.584811
-0.139751,0.358567,-1.615641
-0.128149,0.343167,-1.582019
-0.127058,0.255688,-1.583543
-0.123384,0.407001,-1.558437
0.601617,0.457554,-1.857042
0.518415,0.464367,-1.772601
0.256427,0.078659,-1.801582
0.516284,0.158627,-1.745993
0.039701,0.261044,-1.674275
0.049279,0.244157,-1.610875
0.240630,0.050329,-1.874031
0.505529,0.103490,-1.780240
0.267280,0.191533,-1.627510
0.110226,0.462570,-1.491251
0.080842,0.244259,-1.646657
0.040014,0.333002,-1.623207
-0.003820,0.384981,-1.644614
-0.037534,0.466182,-1.719945
-0.042397,0.474545,-1.733854
-0.072826,0.042390,-1.718088
0.070219,0.172076,-1.707549
-0.069136,0.043566,-1.692929
-0.041377,0.299025,-1.626734
0.009078,0.043991,-1.837719
0.021230,0.032786,-1.751546
0.023962,0.032901,-1.742138
0.302468,0.332896,-1.797494
0.183179,0.145672,-1.884104
-0.244362,0.542824,-1.785460
0.518910,0.161835,-1.757813
0.197739,0.405275,-1.667302
0.231102,0.499087,-1.636867
0.423345,0.157158,-1.893484
0.422376,0.156313,-1.889504
0.264090,0.099641,-1.896325
0.033406,0.339642,-1.656473
0.198213,0.493314,-1.591642
-0.025836,0.506686,-1.602126
0.586601,-0.185778,-2.291013
0.620673,0.348393,-2.042451
0.494188,0.461675,-1.840980
-0.585612,0.544673,-2.860257
0.299761,0.324835,-1.910880
0.156824,0.262710,-1.743105
0.371765,0.441598,-1.842193
0.365371,0.439989,-1.705620
-1.054061,0.638272,-3.919826
-0.133279,0.456967,-1.596586
0.263674,0.022254,-2.455259
-0.000402,0.372528,-1.604823
0.266608,0.020392,-2.313539
0.093733,0.451053,-1.571252
-1.108788,0.651217,-4.052041
0.363233,0.450071,-1.741620
0.093108,0.330089,-1.703122
-0.064708,0.352660,-1.558109
0.300296,0.314079,-1.872054
-1.324473,-0.684820,-4.853922
0.265740,0.025240,-2.447275
-1.093265,-0.069180,-4.156761
0.633370,0.386962,-1.929115
0.022705,0.482707,-1.551204
-0.825182,0.618142,-3.326567
0.556687,0.090760,-1.764355
0.132975,0.435716,-1.548759
-0.134697,0.449499,-1.596401
-0.674445,0.670535,-2.714201
-1.778731,-0.781122,-5.089214
0.069116,0.247040,-1.665077
-0.725459,0.697948,-2.809342
0.265569,0.487846,-1.622918
0.140930,0.480146,-1.546352
-0.139990,0.472695,-1.625356
0.548914,-0.005222,-2.080831
0.094670,0.332625,-1.710795
0.066007,0.251601,-1.685340
0.090018,0.451261,-1.556572
0.044399,0.464422,-1.529704
0.023866,0.473653,-1.535945
-0.854286,0.633975,-3.410482
-0.064062,0.368060,-1.572522
0.264392,0.491988,-1.631277
0.425240,0.368161,-1.371393
-0.126357,0.437819,-1.575249
0.549336,-0.006044,-2.083393
0.565533,0.386523,-1.973900
-1.838556,-0.803204,-5.206803
-1.711982,0.015061,-4.751210
-1.142541,-0.067581,-4.293531
0.155940,0.223959,-1.806551
0.093294,0.446525,-1.542814
0.117754,0.471315,-1.516341
0.265334,0.444745,-1.678188
0.262495,0.497306,-1.642146
-0.160389,0.497206,-1.681640
0.581989,0.431176,-1.773093
0.357802,0.474966,-1.622792
-1.735779,-0.759507,-4.952027
0.204990,0.022325,-2.252849
-1.768964,0.017049,-4.877131
-1.122140,-0.065195,-4.229507
0.603114,-0.180892,-2.298290
0.004688,0.039171,-1.697618
0.507438,-0.046691,-2.183951
0.062329,0.396887,-1.677893
0.297505,0.095857,-1.819658
0.022890,0.473117,-1.536797
-0.095028,0.113598,-1.684407
-0.087572,0.109640,-1.657621
-0.092422,0.116909,-1.673106
-0.089576,0.112623,-1.651593
-0.061331,0.036053,-1.625338
-0.089637,0.113809,-1.665906
0.536307,0.173142,-1.868176
0.202815,0.381707,-1.617986
0.107618,0.146073,-1.775028
0.121581,0.443298,-1.720508
0.176890,0.233595,-1.747916
0.160880,0.261375,-1.734410
0.073496,0.195661,-1.770760
0.227190,0.494076,-1.627141
0.078130,0.196662,-1.747424
0.585546,0.456611,-1.792530
0.575317,0.441323,-1.749974
-0.207980,0.516140,-1.714142
0.189789,0.178387,-2.036149
0.198142,0.076371,-1.881773
0.268370,0.222784,-1.740408
0.238544,0.142137,-1.859998
0.419502,0.501302,-1.763818
0.301144,0.317681,-1.881990
0.244831,0.199339,-1.769779
0.185209,0.142241,-1.833768
2.314432,-0.907096,0.870953
0.672982,-0.154802,0.264418
0.614244,-0.104384,0.318187
0.704545,-0.118104,0.210872
0.721748,-0.204252,0.191638
0.737314,-0.207263,0.194911
0.612382,-0.132648,0.352776
0.578523,-0.134595,0.391716
0.624942,-0.150300,0.359107
0.676676,-0.073381,0.244046
0.677999,-0.068766,0.223943
0.677912,-0.039661,0.229479
0.563549,-0.133101,0.405443
0.663712,-0.017410,0.242247
0.662784,-0.016299,0.241466
0.536612,-0.088501,0.351350
0.484832,-0.119549,0.449604
0.471280,-0.155825,0.460935
0.696237,-0.243753,0.227740
0.726934,-0.204254,0.190207
0.463336,-0.131022,0.467507
0.469796,-0.095206,0.461711
0.712340,-0.188765,0.218217
0.680156,-0.227859,0.246486
0.672854,-0.277622,0.309448
0.670187,-0.240674,0.288572
0.696088,-0.149938,0.230812
0.670618,-0.150356,0.283298
0.665623,-0.119324,0.275125
0.644969,-0.088850,0.276509
0.436717,-0.296192,0.472342
0.679558,-0.192234,0.248500
0.602038,-0.383779,0.396062
0.629561,-0.153687,0.306632
0.637089,-0.165312,0.318739
0.658322,-0.094049,0.284011
0.653196,-0.071430,0.269171
0.660387,-0.027118,0.227403
0.651744,-0.044699,0.259563
0.626599,-0.105842,0.324029
0.571731,-0.195219,0.390336
0.572230,-0.195524,0.394122
0.573513,-0.144810,0.381020
0.634576,-0.114416,0.317336
0.628391,-0.105410,0.324971
0.666971,-0.132029,0.245737
0.672700,-0.210268,0.329338
0.648616,-0.124976,0.271486
0.491006,-0.071100,0.332719
0.460595,-0.110303,0.334981
0.609142,-0.109226,0.352723
0.688385,-0.081565,0.218022
0.678666,-0.101504,0.227683
0.664830,-0.077965,0.249540
0.699638,-0.118632,0.218166
0.702698,-0.165806,0.243943
0.694575,-0.141761,0.240996
0.669436,-0.114365,0.248635
0.659128,-0.080215,0.264360
0.605588,-0.109177,0.349482
0.650854,-0.252545,0.304799
0.296072,-0.114456,0.578145
0.344262,-0.152359,0.550426
0.320472,-0.283175,0.560302
0.513569,-0.060668,0.428574
0.631394,-0.114301,0.323736
0.522188,-0.249266,0.447190
0.462827,-0.077874,0.355353
0.359039,-0.294279,0.535942
0.463562,-0.082563,0.331243
0.646622,-0.175243,0.315060
0.621430,-0.101202,0.311590
0.654430,-0.225086,0.313235
0.460511,-0.077997,0.353464
0.629449,-0.190634,0.312405
0.619456,-0.158371,0.313232
0.662390,-0.307880,0.322387
0.662500,-0.252794,0.318382
0.656154,-0.296824,0.320890
0.624107,-0.155703,0.311179
1.509468,-0.199980,-0.983806
1.243452,-0.099584,-0.972846
1.216304,-0.052225,-0.911137
1.087501,0.158693,-0.842228
1.270609,-0.178709,-1.431480
0.919920,-0.107970,-0.234352
0.905441,-0.084097,-0.233063
0.899436,-0.019105,-0.215879
0.951653,-0.045377,-1.234861
1.204670,-0.061433,-0.763056
1.101685,0.251307,-0.846404
1.020219,0.320600,-0.825787
1.057470,0.200235,-0.652214
1.332958,-0.164609,-0.924136
1.292569,-0.151806,-0.858809
0.929604,-0.129220,-0.244732
1.324555,-0.177853,-1.262653
0.935995,-0.299168,-0.354800
0.935810,-0.220122,-0.264956
0.937146,-0.177475,-0.261233
0.944927,-0.179248,-0.261726
1.006398,0.289993,-0.834489
0.956452,-0.332596,-0.349471
0.950568,-0.300079,-0.390132
0.930548,-0.293376,-0.381280
0.945828,-0.222766,-0.266315
0.929176,-0.150799,-0.247833
0.894362,-0.070432,-0.229810
0.902349,-0.044254,-0.209910
0.884366,0.004535,-0.194376
0.869685,0.028575,-0.204916
1.307986,-0.096100,-0.827316
1.253635,-0.111229,-0.877952
1.272184,-0.065252,-0.829335
1.224008,0.008087,-0.763108
1.022860,0.141698,-0.608067
0.953916,-0.303730,-0.417724
0.954286,-0.305737,-0.345036
0.952065,-0.311559,-0.386364
0.938823,-0.298679,-0.357847
0.948464,-0.298263,-0.392524
0.954894,-0.260303,-0.282325
0.953307,-0.270891,-0.279363
0.928716,-0.166417,-0.253531
0.914539,-0.112134,-0.239124
0.917234,-0.111983,-0.241131
0.913654,-0.082060,-0.218867
0.881889,0.026767,-0.220040
0.944836,-0.242396,-0.276498
1.285369,-0.154204,-0.863744
1.241805,-0.060283,-0.854496
1.238585,-0.061949,-0.849289
0.968861,-0.308842,-0.371592
0.955343,-0.312713,-0.387976
0.888099,-0.057219,-0.226074
0.887443,-0.014948,-0.212188
0.884266,-0.011593,-0.199971
1.531346,-0.199306,-1.002252
1.230650,-0.053187,-0.919042
1.263851,-0.079486,-0.816380
0.895961,-0.013380,-0.215816
0.879816,0.025820,-0.218121
0.880826,0.026303,-0.219000
0.884655,0.012741,-0.207845
0.888712,0.007144,-0.206685
0.886126,0.013438,-0.208648
1.198103,0.030029,-0.762474
0.942078,-0.295815,-0.399344
0.941313,-0.294919,-0.396030
0.929481,-0.295806,-0.350572
0.965531,-0.313343,-0.374441
0.947854,-0.263131,-0.286108
0.946374,-0.279601,-0.274087
0.939610,-0.205350,-0.261945
0.934205,-0.205057,-0.259505
0.932717,-0.182860,-0.262799
0.937201,-0.178844,-0.261070
0.930080,-0.181829,-0.262120
0.932715,-0.182212,-0.263639
1.083338,0.157917,-0.651685
1.066722,0.194107,-0.641630
1.040490,0.212266,-0.665916
1.043203,0.213046,-0.665460
0.903793,-0.038640,-0.231529
0.895523,-0.024773,-0.221051
0.899903,-0.023762,-0.222368
0.905406,-0.038202,-0.210171
0.878119,0.036397,-0.212218
1.407497,-0.190439,-0.916402
1.122344,-0.072485,-1.275144
1.058806,-0.081517,-1.283339
0.945057,-0.021357,-1.239573
0.916047,-0.022102,-1.192798
1.266471,-0.061460,-0.873727
0.995452,0.349679,-0.947928
0.981949,0.273437,-0.920991
1.103125,0.410236,-1.138951
1.261243,-0.104500,-1.084968
1.028862,0.386412,-1.036063
1.163167,-0.021313,-1.153635
1.248972,-0.150830,-0.866225
1.244145,-0.111193,-0.868997
1.234137,-0.059146,-0.892399
0.923397,0.366882,-1.011901
0.996333,0.351294,-0.949093
0.992786,0.349536,-0.944973
1.256199,-0.005866,-0.860707
1.270485,-0.023657,-0.870348
1.106555,0.171968,-0.666833
1.074402,0.173127,-0.644419
1.199732,0.067028,-0.779412
1.095899,0.149878,-0.819352
0.831143,0.119130,-0.402329
0.825627,0.123530,-0.420223
1.207164,-0.099347,-1.152364
1.077715,-0.019430,-1.157207
1.037129,0.209976,-0.659451
0.932812,-0.167187,-0.253934
0.927843,-0.150671,-0.249146
0.929226,-0.129753,-0.243811
0.932272,-0.130368,-0.243237
0.919470,-0.100258,-0.244971
0.915491,-0.100039,-0.244752
0.929303,-0.100170,-0.245463
0.925767,-0.113061,-0.240032
0.916012,-0.100828,-0.242977
0.910021,-0.076683,-0.247289
0.929136,-0.141564,-0.239043
0.911134,-0.076256,-0.248337
0.922493,-0.077722,-0.246716
0.911010,-0.077130,-0.246792
0.914591,-0.071906,-0.239014
0.903601,-0.057639,-0.229144
0.896591,-0.039797,-0.229200
1.056262,-0.115430,-1.349340
0.982973,-0.043009,-1.414467
1.131505,0.223623,-0.745373
0.865583,0.337587,-0.908444
0.832020,0.334101,-0.901069
0.409856,0.471635,-1.675908
0.498798,-0.183449,-2.512296
0.844672,0.182723,-1.635962
1.155609,-0.127155,-1.178455
0.402658,-0.131864,-2.447967
0.270553,0.023926,-2.331689
0.270389,0.024917,-2.225616
0.568480,0.076730,-1.866141
0.548658,0.017875,-2.062357
0.556530,0.106210,-1.789740
0.288650,0.278486,-1.707948
0.360337,0.446415,-1.548754
0.518852,0.109122,-1.751647
0.405843,-0.530551,-2.437147
0.544662,0.453557,-2.140497
0.385770,0.018860,-2.299072
0.631420,-0.188431,-2.342716
0.620669,0.284245,-1.965955
0.565173,-0.139360,-2.075559
0.537284,-0.051906,-2.183038
0.329669,0.027158,-1.971320
0.532311,-0.019165,-2.128563
0.540640,-0.025690,-2.036223
0.701061,0.439447,-1.841619
0.531369,0.023736,-2.104634
0.529122,0.012526,-2.075261
0.685018,0.468340,-1.922104
0.851952,0.212006,-1.714942
0.386505,0.106665,-1.964831
0.370989,0.100441,-1.912394
0.547548,0.471525,-1.830182
0.357831,0.079885,-1.976796
0.368222,0.397373,-1.787025
0.986992,0.347852,-1.620170
0.975965,0.374043,-1.570520
0.357205,0.088706,-1.985349
0.536726,0.091576,-1.804583
0.517721,0.164712,-1.762866
0.656824,0.047356,-1.726252
0.489463,0.440842,-1.686273
0.998316,-0.091083,-1.388024
0.395243,0.479334,-1.711273
0.705354,0.039503,-1.637630
0.497243,0.433046,-1.665924
0.345553,0.499468,-1.756340
0.344019,0.482606,-1.703179
0.269683,0.068494,-1.828787
0.269704,0.065126,-1.778204
1.247520,-0.245705,-1.299930
0.275102,0.238607,-1.813249
0.747894,0.017564,-1.516529
1.242090,-0.242849,-1.291766
0.715770,0.042730,-1.525751
0.740458,0.267766,-2.086073
0.738224,0.267649,-2.079919
0.867647,0.171228,-1.858793
0.871497,0.192170,-1.812335
0.859316,0.193224,-1.788722
0.621900,-0.185935,-2.280762
0.844165,0.345354,-1.613094
0.382193,0.490934,-1.750197
0.278287,0.166949,-1.770714
0.920248,-0.005271,-1.662566
0.871260,-0.002921,-1.552052
0.605223,0.318818,-1.291897
0.328815,0.449348,-1.389947
0.654756,0.061418,-1.632231
1.172896,-0.108094,-1.236876
0.752511,0.016787,-1.507786
0.709944,0.036485,-1.512453
0.722169,0.073916,-1.377566
0.754502,0.079355,-1.439623
0.763854,0.394160,-1.363804
0.755910,0.386343,-1.333669
0.616493,0.386917,-1.467266
0.695283,0.085627,-1.436285
1.283379,-0.176546,-1.253659
0.467310,0.377031,-1.443540
0.486379,0.381491,-1.469216
0.536907,0.442241,-1.490901
0.869729,0.175822,-1.698220
0.746161,0.130118,-1.673320
0.649684,-0.079298,-1.998114
0.703928,0.372528,-1.662480
0.627388,0.055969,-1.836784
0.743366,0.392638,-1.607365
0.919695,0.445157,-1.520920
0.480828,0.386748,-1.439003
0.450036,0.373904,-1.409584
1.204511,-0.096065,-1.157591
0.355561,0.411426,-1.408813
0.364949,0.432434,-1.446622
1.251070,-0.169757,-1.298800
1.195998,-0.123326,-1.135599
1.086467,-0.093096,-1.538739
1.058358,-0.094082,-1.482791
1.137213,-0.105925,-1.228215
1.109561,-0.060892,-1.230811
1.058920,-0.075600,-1.577404
1.133181,-0.047684,-1.354508
1.134108,-0.105673,-0.944620
0.608529,0.373630,-1.221607
0.609681,0.324369,-1.300743
0.606187,0.319531,-1.275043
1.150525,-0.139519,-1.305319
1.173555,-0.166839,-1.290175
0.547569,-0.154581,-2.147787
0.681189,0.423856,-1.924300
0.671559,0.430913,-1.844688
1.129995,-0.095563,-1.256085
0.966146,0.287375,-1.014067
1.187746,-0.101235,-1.181281
1.210588,-0.099810,-1.044269
1.259032,-0.043153,-1.032796
1.165355,-0.185142,-1.354373
0.257766,0.049548,-1.850895
0.774181,0.008288,-1.569262
0.716064,0.073974,-1.523788
1.270630,-0.148904,-1.226462
1.325868,-0.129162,-1.232907
0.861633,0.049702,-1.342317
1.194238,-0.173416,-1.182961
1.163611,-0.084997,-1.164377
0.583928,0.076079,-1.894671
1.240504,-0.179038,-1.518319
1.314528,-0.171851,-1.262161
0.597973,0.074203,-1.681726
0.603292,0.074437,-1.712033
0.833927,0.046191,-1.216433
0.612781,0.382873,-1.453718
0.364388,0.472567,-1.477395
0.508077,0.404593,-1.432776
0.603235,0.403226,-1.407013
0.862948,-0.015744,-1.471986
0.593375,0.327040,-1.293846
0.439982,0.433651,-1.315133
0.487525,0.440295,-1.338107
0.811814,0.405351,-1.313702
0.821548,0.073502,-1.432055
0.636319,0.367493,-1.205680
0.766550,0.373804,-1.559525
0.505623,-0.164868,-2.375764
0.544333,0.345692,-1.896329
0.664692,0.324361,-1.985631
0.630743,0.455128,-1.898272
0.670392,0.433078,-1.841027
0.590790,-0.138177,-2.201700
0.794850,-0.007636,-1.487843
0.442434,0.449620,-1.364155
0.526430,-0.052219,-2.111865
0.558797,-0.126751,-2.082866
0.574248,-0.126639,-2.039686
0.536917,0.006465,-2.057441
0.803956,-0.097659,-2.066977
0.722743,0.400027,-1.768479
0.748577,-0.119022,-2.000645
0.671842,-0.084245,-1.957859
0.710243,-0.001796,-1.917367
0.363695,0.161726,-1.814950
0.362494,0.167375,-1.841050
0.359031,0.437654,-1.708102
0.301602,0.332319,-1.736744
0.305574,0.339196,-1.698662
0.338551,0.471917,-1.675545
0.487161,0.094095,-1.784913
0.513338,0.106633,-1.721295
0.686668,-0.038356,-1.916301
0.368132,0.099337,-1.845449
0.636548,0.063914,-1.891812
0.383966,0.466720,-1.676470
0.730423,0.384850,-1.596400
0.357477,0.357940,-1.680654
0.557339,0.095484,-1.687581
0.654052,0.063374,-1.626379
0.664329,0.063410,-1.673286
0.387855,0.021099,-2.270228
0.652707,0.397335,-1.962643
0.787299,-0.092536,-2.002311
0.817684,-0.029238,-2.069031
0.856065,0.214345,-1.707999
0.549740,0.466064,-1.900351
0.986497,0.459165,-1.566239
0.931919,-0.051930,-1.403902
0.613994,0.388399,-1.442655
0.617321,0.361837,-1.225368
0.640803,0.373262,-1.214527
0.602904,0.323547,-1.290655
0.546025,0.394845,-1.271669
0.580024,0.389625,-1.321027
0.467254,0.093104,-1.981909
0.538165,0.103910,-1.732237
0.577992,0.383035,-1.297723
0.713777,-0.037933,-2.028239
0.654399,0.029735,-1.844726
0.511986,0.395007,-1.483286
0.765575,0.008130,-1.584051
0.666773,0.062707,-1.692787
0.722080,0.373120,-1.314308
0.729174,0.014979,-1.937610
0.660556,0.034588,-1.859173
0.346067,0.033916,-2.045753
0.882753,0.216252,-1.934446
0.550171,0.005435,-2.084610
0.490065,0.401928,-1.481765
0.470369,0.102157,-2.035930
0.541473,0.119554,-1.811872
0.778687,0.014773,-1.571234
0.380327,0.452179,-1.405650
0.588181,0.308176,-1.252153
0.549592,-0.004853,-2.088504
0.838136,-0.169534,-2.129404
0.721501,0.369537,-1.313617
0.662179,0.411210,-2.016460
0.362431,0.418932,-1.760795
0.451036,0.418516,-1.370347
0.578507,0.078703,-1.902972
0.380381,0.474858,-1.458524
0.699501,0.305507,-2.009538
0.401510,-0.127800,-2.465521
0.686143,-0.186484,-2.021562
0.601829,0.330561,-1.311384
0.722938,0.373856,-1.322082
0.364506,0.157557,-1.798182
0.382687,0.483947,-1.723210
0.358672,0.462468,-1.594826
0.461215,0.088986,-2.003749
0.530118,0.110539,-1.730546
0.719348,0.014701,-1.883414
0.450942,0.419474,-1.370266
0.398335,-0.124032,-2.365427
0.701975,-0.193756,-2.079015
0.556427,0.088984,-1.769223
0.509018,0.069819,-1.864488
0.507226,0.114336,-1.701114
0.801986,-0.094823,-2.061043
0.726475,0.018356,-1.902360
0.691121,-0.005549,-1.849967
0.720804,0.371312,-1.319472
0.742835,0.409794,-1.280212
0.480735,0.375716,-1.404630
0.864011,0.185384,-1.767440
0.818055,0.270789,-1.942204
0.615153,0.358137,-1.214483
0.305875,0.204634,-1.779038
0.599007,0.329949,-1.306788
0.651899,0.395588,-1.950904
0.547959,0.452038,-1.852853
0.349416,0.442716,-1.345196
0.533706,0.416815,-1.258185
0.780179,0.018667,-1.580452
0.730398,0.088138,-1.455724
0.303909,0.291200,-1.772773
0.509430,0.068829,-1.839971
0.366692,0.431537,-1.437541
0.486732,0.388952,-1.448809
0.662031,0.391345,-1.593481
0.671786,-0.083276,-1.964327
0.752937,0.381841,-1.322229
0.713917,0.365814,-1.302434
0.741222,0.409262,-1.276169
0.682332,0.392135,-1.196502
0.563156,0.378115,-1.282902
0.655172,0.032861,-1.789801
0.534767,0.416878,-1.312731
0.512276,-0.160954,-2.388937
0.571659,0.434671,-1.797258
0.392120,0.025449,-2.277008
0.271473,0.026374,-2.305501
0.842266,-0.170834,-2.146506
0.302443,0.174502,-1.788204
0.303631,0.204786,-1.775176
0.394862,-0.126024,-2.359193
0.645390,0.388626,-1.912905
0.502036,0.158624,-1.702326
0.531679,0.243292,-1.791412
0.621870,0.363295,-1.226079
0.561041,0.376442,-1.278941
0.717252,0.368927,-1.313407
0.638170,0.397286,-1.530062
0.599393,0.333279,-1.313537
0.349981,0.443253,-1.345400
0.379195,0.420777,-1.216437
0.484799,0.379565,-1.420002
0.448046,0.421164,-1.375484
0.762992,0.006219,-1.549784
0.552296,0.389558,-1.472168
0.664187,-0.082673,-1.933007
0.825614,-0.025567,-2.051404
0.459526,0.090758,-2.021177
0.556277,0.088678,-1.760251
0.360210,0.421358,-1.755949
0.577531,0.390842,-1.326840
0.737571,0.402610,-1.270704
0.567756,0.379874,-1.291850
0.594624,0.389650,-1.372114
0.460231,0.397921,-1.427624
0.793376,0.017563,-1.607896
0.711112,0.075198,-1.523320
0.823846,0.381549,-1.332911
0.722352,0.375623,-1.188126
0.740068,0.393981,-1.224573
0.385708,0.015204,-2.324883
0.504445,-0.012413,-2.198748
0.503051,-0.047844,-2.153758
0.535484,-0.052279,-2.157672
0.709796,-0.196877,-2.104743
0.563400,-0.127457,-2.130871
0.460258,0.088346,-1.998011
0.653981,0.419106,-1.781005
0.589655,-0.133644,-2.147972
0.661791,0.432585,-1.823763
0.774830,-0.027691,-1.979424
0.843241,-0.170465,-2.149754
0.644580,0.466175,-1.985551
0.463021,0.474994,-1.828035
0.554687,0.462460,-1.867231
0.526816,0.421461,-1.717466
0.551448,0.400345,-1.521665
0.659017,0.031607,-1.790351
0.668049,0.402205,-1.622911
0.504392,0.115541,-1.700855
0.358903,0.470634,-1.622387
0.605395,0.080063,-1.733565
0.651502,-0.044169,-2.017952
0.856294,0.352709,-1.644803
0.917211,0.394356,-1.797686
0.893667,0.380439,-1.740405
0.740037,0.416620,-1.809805
0.660682,-0.079675,-2.044021
0.849291,0.347838,-1.634527
0.755082,0.408305,-1.660899
0.584299,0.079990,-1.903236
0.360021,0.093473,-1.846164
0.359950,0.413398,-1.735557
0.644191,0.377075,-1.546387
0.884570,0.300679,-1.047614
1.010902,-0.073970,-1.312310
0.929680,-0.313618,-0.428051
1.198430,-0.059139,-0.741492
0.944714,-0.029720,-1.277052
1.042834,0.173678,-0.786259
0.852565,-0.007328,-1.621350
1.251246,-0.126754,-1.193740
0.852228,-0.007018,-1.523129
1.277292,-0.129430,-1.239031
0.827343,-0.006539,-1.482160
0.798813,-0.011893,-1.318182
0.924343,-0.053207,-1.378818
1.244019,-0.182838,-1.258095
1.194140,-0.132124,-1.216039
0.818153,0.388576,-1.348619
0.846191,0.051907,-1.215102
0.831004,-0.004966,-1.572622
0.899593,-0.018500,-1.363407
0.863233,-0.014595,-1.432734
0.892089,-0.012885,-1.382744
0.829623,-0.006824,-1.587215
0.889901,0.002503,-1.324313
1.256601,-0.098686,-1.016096
1.301813,-0.142419,-0.814870
1.177689,-0.037145,-1.010960
0.917730,-0.013173,-1.431244
0.980354,-0.075617,-1.404120
1.364110,-0.133604,-1.268888
1.262999,-0.170069,-1.307567
1.301499,-0.169733,-1.262237
1.277445,-0.100207,-1.186928
1.395353,-0.180839,-1.394583
1.293375,-0.100793,-1.206668
1.195726,-0.102897,-1.189876
1.259211,-0.096532,-1.082342
1.281875,-0.095177,-1.104520
1.276076,-0.141565,-0.891208
1.253369,-0.099119,-1.012485
1.262185,-0.118287,-1.054844
1.234671,-0.118541,-1.023770
1.258505,-0.121472,-0.993040
1.186683,-0.022204,-1.154437
1.223929,-0.051236,-0.816335
1.179396,-0.046423,-0.959458
1.196554,-0.041036,-1.002794
1.059052,0.125993,-0.829048
0.926484,-0.306138,-0.530149
1.268103,-0.197452,-1.368150
1.287740,-0.127453,-1.191893
1.167143,-0.175791,-1.322016
1.293037,-0.154862,-1.228480
1.235960,-0.174941,-1.398975
1.026400,-0.080956,-1.496086
1.138508,-0.154707,-1.395547
1.037095,-0.094886,-1.437392
1.162830,-0.106592,-1.258375
1.161237,-0.073231,-1.243836
1.200993,-0.100944,-1.153552
1.193754,-0.097705,-1.151190
1.068752,-0.058139,-1.269459
1.024207,-0.067772,-1.302301
1.030034,-0.037484,-1.203751
1.038616,-0.036662,-1.206286
1.180339,-0.098491,-0.944627
1.018964,-0.037005,-1.177811
1.044399,-0.035767,-1.204451
1.017597,-0.051086,-1.293711
1.274392,-0.145240,-0.905386
1.288769,-0.088885,-0.892436
1.109220,-0.019315,-1.110945
1.275833,-0.064342,-0.834951
1.227682,-0.038517,-0.835129
1.234109,-0.007057,-0.751197
1.236707,-0.023596,-0.767873
1.235449,-0.019144,-0.767902
0.941489,0.360298,-1.056960
0.948729,0.370517,-1.052421
0.922375,0.377352,-1.079110
1.115107,0.128229,-0.836947
0.928443,0.367184,-1.048928
0.739045,0.364537,-1.063614
1.092190,0.229542,-0.775929
1.082841,0.180293,-0.804920
1.083167,0.247308,-0.835713
1.052746,0.171437,-0.778621
1.020784,0.298728,-0.850596
1.053272,0.197587,-0.652959
1.048294,0.197716,-0.652190
1.254188,-0.001173,-0.765764
1.213468,0.020312,-0.755766
1.213919,-0.028358,-0.752185
0.832834,0.328798,-1.111640
0.788055,0.306336,-1.115932
0.952567,0.265212,-0.945732
0.835779,0.047044,-1.189830
0.883342,0.072602,-1.274430
0.873541,0.070853,-1.255012
0.863288,0.302742,-1.270825
1.474807,-0.189085,-1.321782
1.351262,-0.142205,-1.223169
1.414678,-0.166858,-1.325509
0.925761,-0.319594,-0.555265
0.899432,-0.312459,-0.538116
0.910052,-0.300247,-0.519068
0.920631,0.366106,-1.008638
1.064621,0.165437,-0.642269
0.927982,-0.325055,-0.552476
0.889119,-0.130667,-0.521405
0.927096,-0.312478,-0.426606
1.290437,-0.096675,-0.814406
1.319111,-0.095652,-0.832465
1.281273,-0.095247,-0.807668
1.288105,-0.147121,-0.914270
1.251592,-0.075280,-0.851355
1.270149,-0.077279,-0.825079
1.245953,-0.050631,-0.841272
1.265579,0.001040,-0.857924
1.236582,-0.036509,-0.841807
1.253134,-0.032735,-0.853682
1.196607,0.072218,-0.779964
1.168750,0.160327,-0.739962
0.936671,-0.309487,-0.536330
0.914243,-0.290088,-0.518549
1.320217,-0.172997,-1.280192
1.147848,-0.171451,-1.333789
1.356313,-0.127573,-1.215479
1.274260,-0.126064,-0.937088
1.277357,-0.195334,-1.371635
1.292556,-0.198112,-1.391867
1.398421,-0.178110,-1.240425
1.386695,-0.136098,-1.285906
1.244400,0.019566,-0.821313
1.089017,0.154579,-0.841104
1.097324,0.250421,-0.845509
1.138728,0.226311,-0.749097
0.931093,-0.307185,-0.532019
0.939181,-0.302924,-0.530851
0.940501,-0.294980,-0.400433
1.099738,0.168550,-0.661497
1.115300,-0.159751,-1.259779
1.206321,-0.171613,-1.367876
1.258029,-0.170698,-1.323304
1.235340,-0.167077,-1.426835
1.296202,-0.123168,-1.160961
1.339843,-0.129684,-1.201339
1.176003,-0.141406,-1.328425
1.398663,-0.203539,-1.416177
1.191301,-0.138498,-1.342770
1.269279,-0.104843,-1.171148
1.271430,-0.108066,-1.123513
1.174265,-0.079879,-1.222501
1.116807,-0.070468,-1.195083
1.079885,-0.053901,-1.275413
1.274667,-0.099435,-1.087060
1.072298,0.392543,-1.099370
0.921705,-0.039878,-1.359468
0.901187,0.004567,-1.339846
1.418520,-0.136756,-1.026561
1.270315,-0.131068,-0.920251
1.295835,-0.156694,-0.911570
1.261091,-0.067146,-0.826712
1.260271,-0.084319,-0.890571
1.259974,-0.084108,-0.890071
1.257975,-0.083529,-0.890844
1.242638,-0.074147,-0.800387
1.172181,-0.056820,-0.724395
1.183259,-0.055644,-0.733633
1.268222,-0.079833,-0.819870
1.294275,-0.078719,-0.835245
1.274571,-0.060793,-0.887058
0.946145,0.405235,-1.176355
1.206722,-0.050831,-0.806788
1.242099,-0.044859,-0.854850
0.897902,0.389609,-1.130670
1.218939,0.021385,-0.760976
1.236084,0.010521,-0.771514
1.196493,0.022602,-0.741365
0.847796,0.389636,-1.189836
1.201554,0.011341,-0.786077
1.195285,0.027307,-0.788093
1.054602,0.264851,-0.905441
1.078874,0.157452,-0.836557
1.142262,0.222753,-0.737273
0.863024,0.405967,-1.318693
1.268445,-0.125199,-1.225709
0.846193,0.381241,-1.298586
0.834129,0.372966,-1.279078
1.034750,-0.052879,-1.306619
0.886045,-0.017465,-1.339983
0.909840,0.006716,-1.354477
0.992394,-0.035577,-1.215009
0.979263,-0.044950,-1.271573
1.080074,-0.022688,-1.159109
1.025282,0.386048,-1.035753
0.894661,0.390983,-1.136186
1.201354,-0.021913,-1.180240
1.277828,-0.119713,-1.041580
1.263275,-0.119608,-1.050392
1.235764,-0.120559,-0.998435
1.248144,-0.122827,-1.010465
1.223277,-0.116389,-0.984994
1.248879,-0.121903,-1.011083
0.841314,0.381409,-1.124774
0.877569,0.389418,-1.091533
1.269153,-0.132832,-0.914917
1.265688,-0.132169,-0.914921
1.279077,-0.153876,-0.905753
0.933951,0.086050,-1.578894
1.081867,-0.096411,-1.522966
1.154399,-0.167201,-1.404864
1.157960,-0.168343,-1.407670
0.943478,0.086848,-1.602625
1.189685,-0.188560,-1.385869
1.238730,-0.240968,-1.296051
1.226844,-0.238591,-1.279223
1.226684,-0.237639,-1.279230
1.214960,-0.175907,-1.395476
0.907798,-0.031557,-1.438915
1.216333,-0.171855,-1.385213
1.003804,-0.061989,-1.405273
1.267258,-0.187921,-1.304652
0.794748,0.001360,-1.435447
1.149381,-0.138698,-1.305966
1.162276,-0.142270,-1.302394
1.314878,-0.164243,-1.258333
1.208599,-0.232876,-1.255172
0.850357,-0.004089,-1.383085
1.204055,-0.144390,-1.358388
1.275744,-0.149844,-1.205400
1.125714,-0.135233,-1.353016
1.289382,-0.149003,-1.247542
1.269176,-0.147950,-1.225043
1.285348,-0.148623,-1.241507
1.258405,-0.152412,-0.882062
1.205654,-0.117636,-0.863015
1.268862,-0.140946,-0.888059
1.249832,-0.154055,-0.843418
1.261124,-0.137094,-0.878480
1.251688,-0.134547,-0.874228
1.284331,-0.147207,-0.875410
1.218125,0.002439,-0.820543
1.205801,-0.010761,-0.821936
1.226712,-0.079187,-0.791665
1.184904,-0.010090,-0.805992
1.170733,-0.007679,-0.791473
1.223229,-0.049616,-0.826730
0.980106,0.280001,-0.951921
0.981859,0.278918,-0.944352
1.204891,-0.024892,-0.824623
0.779656,0.352244,-1.093550
0.893430,0.306480,-1.060430
0.815207,0.365149,-1.106509
0.776847,0.350184,-1.075146
0.793383,0.377256,-1.058636
1.211080,0.050255,-0.792053
1.226014,0.051668,-0.800844
1.205649,0.065487,-0.785881
1.209948,0.031261,-0.799807
1.064103,0.128058,-0.836881
1.203417,0.025055,-0.792891
1.078500,0.134474,-0.838159
1.109977,0.124764,-0.831811
1.098910,0.121875,-0.824015
1.108165,0.124318,-0.830369
1.084321,0.153863,-0.837807
1.086707,0.145810,-0.812794
1.087370,0.146371,-0.813535
1.090844,0.147443,-0.815683
1.100931,0.152378,-0.823142
1.099021,0.251726,-0.772196
1.137387,0.243566,-0.807899
1.108354,0.234776,-0.787064
1.112914,0.235843,-0.792207
1.084001,0.226821,-0.771531
1.128920,0.196290,-0.855225
0.912325,-0.279988,-0.434775
0.946183,-0.296782,-0.402025
1.088904,0.134783,-0.861450
0.925550,-0.292391,-0.527495
0.918191,-0.290000,-0.522773
0.917350,-0.293405,-0.520117
1.016490,0.203832,-0.646407
1.289727,-0.146705,-1.245834
1.084298,-0.106151,-1.261683
1.030905,-0.072416,-1.342868
1.163893,-0.132378,-1.243366
0.860188,0.388955,-1.239395
1.320585,-0.099974,-1.211982
0.935796,-0.029649,-1.273399
0.933217,-0.029997,-1.258035
1.209128,-0.178425,-1.199090
1.233465,-0.182285,-1.243456
1.326840,-0.125397,-1.182658
0.867603,0.072140,-1.246288
1.024328,-0.033909,-1.252184
1.034653,-0.032177,-1.264908
1.035499,-0.032556,-1.274148
0.990866,-0.031415,-1.209850
0.911338,0.406602,-1.195987
0.952210,-0.007532,-1.242285
0.956109,-0.006641,-1.250377
0.878141,0.297196,-1.043271
1.003044,0.305300,-0.940175
0.975316,0.282422,-0.947152
1.009655,0.292385,-0.981842
0.979360,0.281266,-0.945995
0.978884,0.281095,-0.948414
0.969969,0.274736,-0.936275
0.970227,0.277438,-0.938426
1.002258,0.280681,-0.937327
0.998858,0.276510,-0.934336
0.882748,0.298531,-1.046235
0.898176,0.403761,-1.343734
1.206679,-0.098092,-1.156855
1.069376,-0.045378,-1.191648
1.057900,-0.045921,-1.175490
1.063123,-0.044002,-1.183385
1.092970,-0.019878,-1.171423
0.957641,0.368057,-1.076093
0.941651,0.379641,-1.090745
0.930285,0.373723,-1.077557
0.936089,0.377957,-1.082553
1.141327,-0.026467,-1.076230
0.731121,0.377668,-1.100252
0.858912,0.304107,-1.071276
1.009420,0.199446,-0.619792
1.203006,-0.191471,-1.404982
1.382013,-0.178048,-1.226473
1.415879,-0.178509,-1.257987
1.432232,-0.181636,-1.276840
1.259187,-0.189109,-1.312046
1.117685,-0.154042,-1.369425
1.452341,-0.161252,-1.354612
1.256530,-0.190516,-1.304821
1.219162,-0.154179,-1.156809
1.258219,-0.183882,-1.288055
1.082850,-0.095351,-1.264240
1.131304,-0.112567,-1.263325
0.938651,-0.064186,-1.289526
1.196945,-0.132379,-1.221761
1.306172,-0.098795,-1.194041
1.225622,-0.179628,-1.198154
1.222475,-0.105342,-1.141192
1.155138,-0.091617,-1.055633
1.010690,-0.070618,-1.311087
1.007423,-0.072312,-1.300907
0.934035,-0.029687,-1.264533
0.885873,-0.029736,-1.477102
0.912313,0.079357,-1.532625
0.977085,0.364983,-1.585697
0.969179,0.359659,-1.569732
0.985509,-0.064160,-1.366061
1.007484,-0.064806,-1.398569
0.879954,-0.018316,-1.332420
0.929926,-0.046572,-1.334269
0.988079,-0.072577,-1.280353
1.004850,-0.072700,-1.295964
0.929450,-0.041999,-1.363071
0.887796,0.302010,-1.055784
1.077538,0.184157,-0.818090
1.159702,0.157157,-0.733028
1.058319,0.177997,-0.799849
1.059680,0.179502,-0.800541
1.136690,0.195378,-0.854045
0.731478,0.359459,-1.011825
0.868092,-0.028050,-1.441610
0.977907,0.354302,-1.596833
0.954260,0.093828,-1.634666
1.098779,-0.120923,-1.491035
0.829690,0.345368,-1.204575
0.891792,0.389937,-1.155202
0.898205,0.394238,-1.167086
0.997641,-0.029502,-1.221559
0.997420,-0.027432,-1.224304
0.780995,0.369806,-1.153342
0.873034,0.076335,-1.260259
0.833419,-0.007722,-1.539594
0.776933,0.350793,-1.089882
0.772084,0.347832,-1.082155
0.815246,0.413909,-1.325615
0.801186,0.405498,-1.301330
0.894413,0.305805,-1.062265
0.860657,0.404947,-1.317630
0.866646,-0.016019,-1.488099
0.848703,0.384361,-1.131850
2.388416,-0.963843,0.937447
0.507064,-0.104081,0.329419
2.352177,-0.954010,0.925265
0.667687,-0.273724,0.315830
0.656610,-0.073722,0.255813
2.885858,-0.942761,0.376836
0.694148,-0.149694,0.231455
2.457433,-0.991793,0.975297
2.546635,-0.818207,0.325863
2.778848,-0.884367,0.360383
0.700320,-0.233720,0.255808
0.599408,-0.255359,0.397843
0.668382,-0.171759,0.276795
0.662872,-0.119976,0.275387
0.640357,-0.211965,0.312942
0.684663,-0.120038,0.226860
0.680806,-0.114762,0.241536
0.591577,-0.009248,0.357144
0.616932,-0.112419,0.310807
0.583112,-0.184272,0.398467
0.575265,-0.185726,0.394666
0.615451,-0.098460,0.309057
0.572976,-0.193664,0.408462
0.657377,-0.081022,0.264877
0.569821,-0.194062,0.408309
0.646066,-0.053843,0.284019
0.641222,-0.056953,0.278869
0.664753,-0.016505,0.243816
0.701352,0.015270,0.171152
0.701633,0.015906,0.170178
0.650370,-0.013266,0.263074
0.672726,0.007797,0.219626
0.460183,-0.295973,0.468048
0.614110,-0.019101,0.320203
0.447912,-0.314724,0.475704
0.616305,-0.006610,0.315467
0.467051,-0.083053,0.336554
0.506575,-0.132968,0.444960
0.484512,-0.182040,0.476389
0.493652,-0.120984,0.454786
0.438057,-0.218302,0.488914
0.669110,-0.304182,0.322902
0.628136,-0.191966,0.310428
0.499902,-0.084573,0.333386
0.748474,-0.243911,0.173980
0.444841,-0.114190,0.491353
0.473021,-0.111121,0.325887
0.475421,-0.072712,0.322134
0.467314,-0.117134,0.460975
0.482053,-0.079127,0.455504
0.697206,-0.274434,0.267459
0.702513,-0.277128,0.270850
0.689473,-0.294712,0.289025
0.680742,-0.228393,0.247347
0.686613,-0.298194,0.292281
0.679979,-0.234964,0.272860
0.737889,-0.129830,0.203412
0.662499,-0.312326,0.334380
0.663865,-0.271185,0.321247
0.692276,-0.113217,0.234037
0.693746,-0.086812,0.218815
0.703333,0.001735,0.174127
0.669561,-0.077505,0.250147
0.647469,-0.030488,0.247102
0.612215,-0.019949,0.327032
0.616092,-0.005930,0.315718
0.671648,-0.294468,0.285977
0.678136,-0.235446,0.275289
0.732602,-0.029712,0.127089
0.789340,-0.095168,0.060867
0.660773,-0.123076,0.282199
0.651661,-0.099883,0.270302
0.641122,-0.154718,0.317763
0.624723,-0.144834,0.316108
0.619287,-0.142960,0.311462
0.619123,-0.122705,0.384250
0.571114,-0.234083,0.385552
0.570920,-0.235095,0.391266
0.628869,-0.130599,0.309959
0.664196,-0.030241,0.254971
0.618792,-0.126287,0.311274
0.617936,-0.114432,0.368282
0.665059,-0.174915,0.276999
0.677593,-0.177527,0.283498
0.678040,-0.138065,0.269595
0.669849,-0.136505,0.265334
0.663420,-0.137470,0.273953
0.653375,-0.190137,0.322025
0.460659,-0.105733,0.337078
0.464520,-0.075271,0.347041
0.798037,-0.099536,0.056237
0.794616,-0.098824,0.055638
0.763671,-0.005405,0.070756
0.754714,-0.001270,0.095699
0.713316,-0.247795,0.232037
0.711641,-0.164890,0.202903
0.838412,-0.222046,0.021036
0.775985,-0.066926,0.077799
0.643465,-0.053951,0.282337
0.680894,-0.083907,0.230970
0.650781,-0.100216,0.271297
0.636310,-0.152948,0.313995
0.649090,-0.081431,0.271787
0.651972,-0.082219,0.274974
0.668383,-0.175692,0.279348
0.687498,-0.087713,0.226755
0.680533,-0.093775,0.231657
0.686744,-0.068309,0.217706
0.680771,-0.083850,0.230637
0.684618,-0.063117,0.218473
0.645658,-0.207750,0.311033
0.649649,-0.220309,0.320368
0.664901,-0.117822,0.266202
0.668603,-0.076795,0.241660
0.638892,-0.180035,0.317401
0.705957,-0.114364,0.193929
0.715246,-0.087830,0.196331
0.742482,-0.154057,0.173252
0.758815,-0.005698,0.076633
0.672930,-0.297475,0.280628
0.738254,-0.149161,0.201133
0.751191,-0.029008,0.127603
0.686341,-0.237462,0.276985
0.687790,-0.148339,0.227144
0.667625,-0.283141,0.319185
0.688063,-0.169641,0.263780
0.667537,-0.271913,0.321501
0.675081,-0.167035,0.260248
0.693511,-0.121121,0.231710
0.659409,-0.251928,0.315302
0.628050,-0.135879,0.312819
0.632177,-0.135084,0.314141
0.639012,-0.075044,0.276923
0.648227,-0.201592,0.319939
0.793660,-0.205599,0.088058
0.680720,-0.296786,0.286555
0.660339,-0.302998,0.321062
0.653916,-0.299669,0.316052
0.782540,-0.167035,0.086262
0.675054,-0.277910,0.309115
0.664601,-0.301116,0.323825
0.672193,-0.274898,0.306711
0.666284,-0.274605,0.305608
0.791394,-0.168459,0.084719
0.679774,-0.236493,0.274717
0.667045,-0.273972,0.315762
0.644800,-0.247410,0.310507
0.662021,-0.251928,0.321026
0.647598,-0.247785,0.313759
0.659482,-0.235865,0.322219
0.642442,-0.229770,0.313277
0.651744,-0.219001,0.313311
0.793595,-0.108228,0.064866
0.647872,-0.205480,0.315046
0.649234,-0.202320,0.321255
0.632851,-0.199056,0.313278
0.667860,-0.174219,0.277817
0.676429,-0.174920,0.282995
0.707181,-0.144731,0.227922
0.635123,-0.178149,0.317137
0.688876,-0.139002,0.227666
0.711195,-0.137197,0.211342
0.633614,-0.177066,0.316642
0.662627,-0.154905,0.268974
0.718438,-0.122612,0.191905
0.648157,-0.173124,0.319122
0.721906,-0.124603,0.193795
0.632560,-0.176102,0.317139
0.719936,-0.108181,0.196323
0.626575,-0.165361,0.311676
0.702058,-0.097606,0.202069
0.616938,-0.144106,0.311555
0.631860,-0.134287,0.312066
0.683628,-0.102814,0.230062
0.634691,-0.132008,0.313954
0.610019,-0.116111,0.302384
0.622921,-0.126944,0.318251
0.654325,-0.099990,0.272874
0.621145,-0.132000,0.361987
0.618875,-0.112693,0.316676
0.619543,-0.109535,0.362920
0.622682,-0.109200,0.318586
0.613625,-0.107033,0.313948
0.603671,-0.127853,0.350348
0.610274,-0.109052,0.354732
0.599574,-0.127535,0.345852
0.612009,-0.109704,0.356164
0.610965,-0.097346,0.307584
0.614707,-0.098332,0.308619
0.614501,-0.127719,0.354198
0.603246,-0.125526,0.347207
0.606106,-0.124802,0.347650
0.771306,-0.003845,0.071603
0.653097,-0.086002,0.283374
0.751940,-0.003035,0.101756
0.655954,-0.059092,0.286742
0.712687,0.004266,0.148877
0.653794,-0.016901,0.237499
0.682454,-0.010023,0.196168
0.687692,0.004360,0.188530
0.832557,-0.221154,0.020125
0.797059,-0.235302,0.093483
0.795729,-0.235933,0.093572
0.798121,-0.236454,0.092843
0.814115,-0.102031,0.044294
0.786471,-0.204031,0.086315
0.793139,-0.206950,0.097742
0.795017,-0.271237,0.110034
0.790251,-0.248192,0.111109
0.782604,-0.107995,0.062665
0.825206,-0.176165,0.099148
0.809602,-0.174417,0.097025
0.784491,-0.172798,0.096766
0.639324,-0.056198,0.278694
0.726300,-0.070439,0.161872
0.723189,-0.069761,0.159661
0.712155,-0.133424,0.194340
0.729350,-0.127913,0.200106
0.725650,-0.126067,0.195560
0.714560,-0.134663,0.189919
0.731659,0.009923,0.124840
0.709393,-0.210291,0.244685
0.714155,-0.107857,0.195899
0.705955,-0.114322,0.193781
0.710220,-0.114555,0.195813
0.713206,-0.108869,0.194643
0.700873,-0.195347,0.248761
0.701560,-0.193894,0.245446
0.696933,-0.192625,0.243605
0.683757,-0.189134,0.237398
0.711372,-0.089692,0.198464
0.699686,-0.089258,0.191366
0.708155,-0.085670,0.192977
0.710032,-0.071795,0.198219
0.701631,-0.077938,0.196676
0.705703,-0.071811,0.199193
0.691343,-0.139271,0.228470
0.696211,-0.099087,0.210620
0.462064,-0.071097,0.336225
0.767883,-0.194596,0.125342
0.760721,-0.240813,0.139317
0.763683,-0.174505,0.131057
0.780361,-0.067616,0.077600
0.781579,-0.068672,0.078385
0.757662,-0.199141,0.154162
0.744476,-0.253261,0.192652
0.744519,-0.201340,0.170364
0.759633,-0.022785,0.078012
0.758953,-0.006672,0.076738
0.764917,0.000376,0.079722
0.751491,-0.017173,0.097216
0.746856,-0.016696,0.098270
0.726596,-0.259297,0.225088
0.725147,-0.259464,0.224657
0.721211,-0.256576,0.223405
0.713510,-0.253224,0.220553
0.749835,-0.029708,0.130887
0.745536,-0.029663,0.128140
0.737279,-0.029585,0.125304
0.734828,-0.029191,0.124027
0.731905,-0.162867,0.192567
0.729482,-0.162243,0.190879
0.731527,-0.160771,0.194149
0.740196,-0.163844,0.198388
0.731603,-0.162388,0.193036
0.732472,-0.162779,0.193248
0.718388,-0.189621,0.219813
0.721085,-0.141268,0.191389
0.650820,-0.044220,0.259720
0.676449,-0.065406,0.230518
0.669659,-0.095422,0.243850
0.676984,-0.024812,0.218087
0.662915,-0.069213,0.254653
0.655340,-0.078488,0.254736
0.491205,-0.068857,0.313332
0.479235,-0.080002,0.328994
0.472573,-0.096562,0.325350
0.472757,-0.068918,0.319097
0.473040,-0.080639,0.323886
0.478509,-0.069396,0.325009
0.473266,-0.069415,0.318219
0.470605,-0.067583,0.317953
0.463149,-0.100547,0.341789
0.461171,-0.070944,0.334257
0.707090,-0.042517,0.191723
0.698289,-0.042540,0.189035
0.697225,-0.059463,0.196424
0.684928,-0.152239,0.250596
0.695844,-0.043340,0.194971
0.689565,-0.153203,0.253264
0.679108,-0.121776,0.236589
0.694804,-0.008715,0.199754
0.690903,-0.009336,0.198891
0.679914,-0.083097,0.229129
0.673627,-0.064458,0.217715
0.678502,-0.085422,0.240161
0.470547,-0.076436,0.344072
0.779646,-0.009310,0.058752
0.811338,-0.151981,0.039040
0.554697,-0.185660,0.418593
0.505914,-0.242357,0.434201
0.593364,-0.000721,0.358890
0.495071,-0.178309,0.441000
0.511535,-0.103559,0.446272
0.489537,-0.119695,0.451051
0.491352,-0.120358,0.451261
0.492688,-0.116632,0.459618
0.458259,-0.258387,0.475278
0.347016,-0.329458,0.548551
0.391701,-0.284143,0.519504
0.320760,-0.071091,0.559167
0.400124,-0.316393,0.513181
0.351986,-0.292575,0.549926
0.351806,-0.288395,0.552003
0.293914,-0.333133,0.568479
0.239049,-0.289734,0.618860
0.199724,-0.260886,0.659670
0.192198,-0.242295,0.660697
0.468900,-0.088153,0.460940
0.373341,-0.257555,0.538303
0.365043,-0.202416,0.534442
0.475691,-0.247965,0.452605
0.449573,-0.296395,0.477785
0.314631,-0.237768,0.559264
0.317384,-0.213691,0.566463
0.383343,-0.253960,0.522221
0.362294,-0.294563,0.539366
0.372844,-0.276119,0.528707
0.391779,-0.201173,0.523029
0.438457,-0.099059,0.475846
0.413360,-0.312524,0.505038
0.418028,-0.269311,0.508810
0.422783,-0.091144,0.494905
0.393642,-0.114138,0.520767
0.439258,-0.158079,0.500828
0.488086,-0.151252,0.467450
0.444159,-0.132820,0.470596
0.438929,-0.100331,0.477354
0.449782,-0.229069,0.477272
0.510681,-0.059678,0.422919
0.490966,-0.253376,0.457775
0.510561,-0.059926,0.423936
0.508877,-0.059667,0.422099
0.185161,-0.096245,0.654756
0.348965,-0.319026,0.545528
0.473487,-0.282318,0.463869
0.381468,-0.266573,0.523935
0.367571,-0.331732,0.543505
0.298156,-0.333395,0.573307
0.284293,-0.327491,0.609788
0.302766,-0.309312,0.569367
0.451411,-0.233791,0.474012
0.375904,-0.262453,0.534243
0.241076,-0.308250,0.615408
0.327753,-0.281548,0.555311
0.262220,-0.300528,0.603664
0.147597,-0.101121,0.681897
0.251953,-0.267288,0.600991
0.351594,-0.232599,0.540427
0.217285,-0.149222,0.639606
0.227220,-0.096658,0.624405
0.141617,-0.143912,0.682738
0.152809,-0.130382,0.680758
0.566077,-0.225757,0.385578
0.472591,-0.281030,0.462137
0.481717,-0.236057,0.458536
0.508785,-0.155726,0.432937
0.509745,-0.153333,0.440557
0.415538,-0.206615,0.503164
0.318465,-0.311648,0.548501
0.326997,-0.318575,0.566788
0.322306,-0.319689,0.559904
0.309209,-0.334936,0.573700
0.261117,-0.101674,0.602402
0.459115,-0.097853,0.333047
0.474124,-0.112833,0.324422
0.468519,-0.110477,0.321509
0.449363,-0.029979,0.364342
0.422506,-0.046793,0.515997
0.176732,-0.167973,0.664018
0.170573,-0.147547,0.669259
0.134257,-0.170210,0.695972
0.134408,-0.169334,0.694025
0.468523,-0.026879,0.319019
0.645032,-0.306619,0.342958
0.577621,-0.369566,0.381389
0.587951,-0.142474,0.391149
0.579348,-0.139317,0.384659
0.573870,-0.137053,0.391348
0.448453,-0.030479,0.363791
0.365645,-0.238762,0.513741
0.317811,-0.277924,0.556429
0.321719,-0.282547,0.565564
0.238000,-0.298867,0.625020
0.325216,-0.259390,0.567557
0.578568,-0.135199,0.392084
0.197147,-0.258231,0.656739
0.184970,-0.315796,0.642622
0.301601,-0.239545,0.578738
0.252503,-0.267787,0.602232
0.154460,-0.242846,0.686022
0.154441,-0.243084,0.684807
0.153355,-0.241961,0.684140
0.278528,-0.236838,0.586916
0.349194,-0.175488,0.546324
0.230480,-0.166781,0.624778
0.497190,-0.061951,0.448175
0.423729,-0.045725,0.520430
0.496004,-0.062604,0.450446
0.426474,-0.044801,0.522435
0.424369,-0.046074,0.521311
0.482651,-0.096945,0.478020
0.296103,-0.319494,0.573607
0.304998,-0.310640,0.573249
0.274745,-0.322294,0.608110
0.303760,-0.294659,0.569156
0.303720,-0.282591,0.571815
0.265099,-0.321575,0.594431
0.294878,-0.278798,0.577026
0.264380,-0.315181,0.596153
0.329084,-0.250985,0.563644
0.288834,-0.292266,0.581512
0.282422,-0.292366,0.582109
0.576045,-0.115783,0.374784
0.549085,-0.130792,0.390404
0.498922,-0.251273,0.442915
0.499930,-0.259934,0.470900
0.483126,-0.251661,0.461045
0.472782,-0.243435,0.472843
0.515293,-0.142797,0.426257
0.449562,-0.303806,0.485065
0.456683,-0.237088,0.470235
0.322244,-0.241391,0.558612
0.351642,-0.213862,0.560353
0.348594,-0.213406,0.558684
0.488495,-0.039372,0.448785
0.301523,-0.249578,0.573990
0.424446,-0.090485,0.496664
0.387137,-0.126221,0.516389
0.312285,-0.215213,0.566932
0.334634,-0.174354,0.557382
0.337318,-0.173643,0.562710
0.326889,-0.181951,0.557900
0.412699,-0.079051,0.495958
0.309924,-0.200999,0.565582
0.312414,-0.202294,0.562912
0.450743,-0.031966,0.364484
0.447623,-0.029723,0.363230
0.417999,-0.214484,0.512520
0.384782,-0.253684,0.522268
0.509545,-0.060443,0.424191
0.375015,-0.270321,0.536729
0.373980,-0.266981,0.534058
0.366711,-0.269135,0.537872
0.382541,-0.240256,0.519742
0.361948,-0.266604,0.533857
0.369712,-0.256240,0.534757
0.355842,-0.277346,0.548440
0.445090,-0.117480,0.492823
0.450826,-0.245264,0.478900
0.510097,-0.134146,0.449859
0.259584,-0.115440,0.596598
0.481574,-0.095868,0.321473
0.477609,-0.096245,0.320111
0.469074,-0.080969,0.342680
0.470967,-0.096793,0.323632
0.372145,-0.196597,0.531364
0.372957,-0.197361,0.533487
0.346431,-0.247470,0.553091
0.384565,-0.180056,0.527331
0.356746,-0.217327,0.533622
0.470234,-0.030826,0.317861
0.392221,-0.128215,0.525304
0.401629,-0.115342,0.531501
0.347536,-0.191222,0.547818
0.330934,-0.197716,0.551054
0.383882,-0.104077,0.528085
0.656338,-0.311093,0.349088
0.150649,-0.103714,0.680931
0.150629,-0.103409,0.680053
0.480840,-0.070846,0.320422
0.472183,-0.097294,0.322112
0.453297,-0.097194,0.329047
0.465783,-0.098087,0.333029
0.437777,-0.114291,0.482086
0.420735,-0.136757,0.489127
0.411998,-0.135368,0.482377
0.466378,-0.112012,0.338786
0.461125,-0.112664,0.333902
0.470853,-0.130863,0.472773
0.419360,-0.209214,0.481909
0.418929,-0.239497,0.505661
0.428459,-0.211218,0.507480
0.479617,-0.237739,0.456655
0.530169,-0.157255,0.428910
0.474828,-0.218865,0.466847
0.519398,-0.156447,0.438479
0.429042,-0.311059,0.496955
0.428950,-0.311313,0.499173
0.389963,-0.281128,0.515821
0.504093,-0.101524,0.436581
0.502907,-0.100962,0.434729
0.402929,-0.268465,0.518921
0.397950,-0.265813,0.512218
0.459104,-0.165908,0.471860
0.589410,-0.379584,0.377201
0.472458,-0.081574,0.325129
0.460927,-0.074972,0.341647
0.616084,-0.394739,0.396230
0.491754,-0.094529,0.444585
0.447362,-0.200230,0.471274
0.488862,-0.062994,0.442097
0.491206,-0.062317,0.445832
0.490131,-0.061909,0.445242
0.459511,-0.166705,0.473510
0.448017,-0.134013,0.474434
0.454588,-0.132308,0.478360
0.453393,-0.104756,0.481474
0.614274,-0.392955,0.395859
0.578053,-0.236768,0.395532
0.571418,-0.182693,0.390830
0.459189,-0.071810,0.333742
0.485650,-0.079679,0.381830
0.471169,-0.111459,0.323301
0.471554,-0.111698,0.323320
0.471431,-0.081821,0.324757
0.467773,-0.081466,0.322786
0.463462,-0.075730,0.346153
0.464691,-0.082979,0.335800
0.465015,-0.099110,0.334266
0.466210,-0.099432,0.335290
0.464215,-0.097544,0.330193
0.466495,-0.082912,0.333990
0.463825,-0.097120,0.328769
0.464362,-0.082838,0.333005
0.543487,-0.176519,0.425590
0.500203,-0.268009,0.469694
0.507363,-0.241690,0.430882
0.497032,-0.263733,0.464779
0.511812,-0.242691,0.435719
0.459039,-0.238227,0.471280
0.462122,-0.296422,0.469818
0.469881,-0.244133,0.483397
0.487789,-0.247363,0.508483
0.457219,-0.236078,0.477488
0.455813,-0.243201,0.482811
0.454479,-0.232204,0.482251
0.413617,-0.214428,0.506494
0.190949,-0.276394,0.663376
0.274899,-0.329791,0.588651
0.448176,-0.295962,0.477352
0.380305,-0.289495,0.506822
0.333702,-0.299893,0.553435
0.236505,-0.293583,0.616783
0.323375,-0.284635,0.564799
0.336237,-0.300054,0.551985
0.340170,-0.303981,0.563345
0.240487,-0.309588,0.617745
0.331405,-0.278043,0.530015
0.373770,-0.264746,0.537681
0.261052,-0.309365,0.605794
0.337362,-0.281494,0.558658
0.240155,-0.298829,0.622483
0.419599,-0.240741,0.507048
0.293208,-0.281949,0.590345
0.293521,-0.319213,0.590353
0.275749,-0.282191,0.596412
0.215506,-0.233823,0.639026
0.231895,-0.178127,0.624843
0.281563,-0.059879,0.607018
0.281291,-0.061079,0.612363
0.320318,-0.070120,0.556149
0.320575,-0.071307,0.560865
0.228641,-0.099089,0.626646
0.322679,-0.070681,0.563992
0.141842,-0.144390,0.681109
0.143651,-0.145787,0.689133
0.141486,-0.143146,0.686552
0.153160,-0.130614,0.677546
0.154517,-0.130427,0.677712
0.358669,-0.326190,0.540090
0.355846,-0.296901,0.536136
0.333888,-0.327957,0.554265
0.335487,-0.298766,0.550427
0.326947,-0.322311,0.557553
0.323708,-0.319311,0.564664
0.322085,-0.320330,0.558685
0.322549,-0.344987,0.588286
0.323509,-0.297452,0.556555
0.327124,-0.300198,0.564384
0.325871,-0.297713,0.563616
0.324052,-0.296541,0.560362
0.303902,-0.330498,0.562882
0.326316,-0.296239,0.562989
0.309884,-0.336586,0.576271
0.304960,-0.331330,0.566471
0.288636,-0.343363,0.577830
0.288932,-0.344776,0.576903
0.371850,-0.081925,0.534341
0.309852,-0.148270,0.574443
0.304238,-0.134882,0.565942
0.331732,-0.085094,0.551092
0.272863,-0.151089,0.595162
0.335358,-0.092075,0.549565
0.215476,-0.154151,0.638462
0.345625,-0.089773,0.567936
0.306958,-0.093893,0.569365
0.187077,-0.142296,0.652853
0.190551,-0.142118,0.654513
0.190276,-0.141248,0.654389
0.190897,-0.142436,0.653235
0.192671,-0.143511,0.656905
0.191734,-0.143797,0.650247
0.289229,-0.096677,0.581038
0.227476,-0.128872,0.627046
0.226783,-0.127790,0.626493
0.291167,-0.094798,0.589467
0.290251,-0.093674,0.586894
0.290815,-0.092654,0.589367
0.261438,-0.105465,0.606664
0.280292,-0.134058,0.592715
0.311265,-0.102098,0.568522
0.312604,-0.089607,0.571594
0.292653,-0.098145,0.593789
0.288021,-0.090767,0.584707
0.237599,-0.297872,0.619239
0.238955,-0.297289,0.622203
0.367725,-0.234485,0.537591
0.388235,-0.196981,0.519939
0.303676,-0.250756,0.578218
0.194383,-0.256674,0.652680
0.238018,-0.275059,0.603357
0.243555,-0.273591,0.618251
0.336344,-0.227474,0.552050
0.140000,-0.247006,0.698148
0.139920,-0.246498,0.698294
0.285088,-0.225173,0.580111
0.231702,-0.177282,0.624094
0.230835,-0.172722,0.630564
0.429455,-0.045997,0.528640
0.276482,-0.115540,0.592100
0.263796,-0.094649,0.607271
0.245772,-0.218101,0.616913
0.230775,-0.176581,0.627599
0.350344,-0.117223,0.544809
0.349335,-0.118581,0.544464
0.326437,-0.126853,0.568423
0.300893,-0.315621,0.576031
0.303792,-0.313979,0.577321
0.293718,-0.320788,0.583932
0.389352,-0.199257,0.515704
0.321996,-0.274922,0.557137
0.294334,-0.318843,0.586312
0.273945,-0.328873,0.590270
0.288270,-0.314519,0.576895
0.274833,-0.327991,0.591407
0.289727,-0.314862,0.582609
0.291279,-0.315275,0.585115
0.344218,-0.245069,0.547249
0.322920,-0.272507,0.566631
0.313915,-0.280571,0.568871
0.318365,-0.270660,0.562259
0.292164,-0.300126,0.583255
0.290737,-0.298974,0.579284
0.291698,-0.300171,0.582612
0.319727,-0.272757,0.567971
0.292828,-0.298276,0.582108
0.260401,-0.312363,0.591515
0.274538,-0.312910,0.598114
0.280522,-0.306467,0.591749
0.331876,-0.239846,0.553864
0.334782,-0.229347,0.552476
0.337467,-0.231978,0.557741
0.336265,-0.229447,0.552908
0.290526,-0.280028,0.588724
0.336687,-0.227746,0.554087
0.287846,-0.278245,0.585444
0.287450,-0.277385,0.584040
0.288537,-0.275175,0.583740
0.267674,-0.279797,0.579068
0.332827,-0.204265,0.556873
0.379912,-0.149356,0.528279
0.377704,-0.149526,0.524828
0.299697,-0.237875,0.574204
0.300437,-0.238252,0.579964
0.328149,-0.198181,0.551119
0.299972,-0.237821,0.579789
0.317601,-0.214093,0.567122
0.278959,-0.248006,0.591544
0.326727,-0.190026,0.568258
0.279541,-0.249204,0.595066
0.280269,-0.248621,0.593208
0.305941,-0.211838,0.564904
0.252892,-0.266380,0.604590
0.291224,-0.220796,0.579190
0.381577,-0.265855,0.523236
0.333417,-0.288151,0.506358
0.383447,-0.242806,0.523419
0.350620,-0.286586,0.547774
0.366299,-0.269130,0.538732
0.350434,-0.286148,0.545207
0.350175,-0.286182,0.546369
0.408816,-0.206412,0.541391
0.338271,-0.302976,0.558201
0.390443,-0.183895,0.516305
0.385068,-0.202531,0.529915
0.365083,-0.233483,0.535009
0.384498,-0.203444,0.530962
0.412655,-0.308615,0.492649
0.438139,-0.218607,0.491391
0.240420,-0.142366,0.618138
0.365136,-0.233496,0.535535
0.380469,-0.178449,0.520323
0.342108,-0.244366,0.544925
0.346598,-0.247001,0.551974
0.367501,-0.205355,0.535681
0.365462,-0.180635,0.537358
0.363974,-0.182291,0.535521
0.363815,-0.182271,0.534150
0.339716,-0.228881,0.558458
0.339343,-0.228044,0.556976
0.364339,-0.181322,0.536041
0.378079,-0.148858,0.525175
0.380428,-0.149347,0.528139
0.352006,-0.194092,0.551338
0.346267,-0.191137,0.543172
0.350746,-0.192805,0.553961
0.334888,-0.202220,0.558937
0.332368,-0.199586,0.555115
0.360306,-0.157790,0.537092
0.359581,-0.157856,0.538513
0.381103,-0.102812,0.522388
0.328698,-0.181617,0.560660
0.326893,-0.181431,0.556974
0.185530,-0.096155,0.655824
0.184326,-0.095291,0.651429
0.150081,-0.102307,0.681215
0.174129,-0.096440,0.658593
0.419820,-0.209447,0.514209
0.414128,-0.207181,0.508035
0.411685,-0.205462,0.505432
0.413090,-0.309185,0.493789
0.400094,-0.264683,0.512185
0.405853,-0.269591,0.521190
0.417005,-0.238523,0.505789
0.354033,-0.326849,0.541655
0.354130,-0.326939,0.540869
