mp_id,mp_x,mp_y,mp_z,descriptor_hex,observations
0,0.285503,0.233539,1.395084,"2e3cb2d2f5fdba42dff13d038cfd77ac9f39931196b83af40f5d0b63860f5d97","0;17;18"
1688,-0.584968,0.259048,0.752404,"01795125e20ba7bc30a062e8f721c1311e5c426b61f8d52eac8625246cba83b8","24;34;62;282;301"
1709,-0.549005,0.325161,0.850996,"cddfadf7b0e4bfbdfede1ff4fd77da6317537deff344ff3fecefef808cf38571","24;34;44;287;294"
1710,-0.310865,0.309146,0.897475,"70b0c1691a4b4108363de1b9d355cc98588ce5340b76eb110dc821fef10b5672","24;34;294"
1113,0.042489,-0.079613,1.542247,"2db56ce2fc3f5fbd57799d3cd37dde29ddc2173dbf627997ebdff5fc9ecbd071","0;17;18;24;319;322;324"
1114,-0.375770,0.235719,1.270173,"2d70881e6da45318234efd0d7ad3db1c5ce8770e8a06da71463d21a8dab77ad3","0;17;18;24;34;44;301;308;312;315"
1115,-0.007934,-0.008321,1.484936,"766fe344fcd8cf63c1c4fcab23ecd6364aec4569dc6be4883a3885b947bcd646","0;17;18;24;34;322;324"
1120,-0.017867,-0.032704,1.463116,"3edfeedbd796eef774097e46792bb4f069eeb7cad99830e56feffec1bf06f8bb","17;18;24;34"
1124,0.023590,-0.076400,1.532893,"29a329837c9fcb3c47e99d4f9204d224d8885f7d9b3a7d9dfd1ca5f45e8e52fd","0;17;18;24;312;315;319;324"
1128,-0.063038,0.095439,1.611286,"9f4667d50612edb0fc9293f6cb489deb6ec57cefe9e56dcea0ebeb842fb571a5","17;18;34;308;322;324"
1129,-0.158468,0.304729,1.517581,"c1df1f19caeaa597b47f5a7494928049452e6e11f3dce33264203ec01850a5f9","17;24;322"
1133,-0.011234,-0.073081,1.458312,"5abf1290a3f4bae6af3d9ae70cbee6c0e75fbfd1d65b88f59857dee78605ad1f","17;18;34"
1134,-0.012440,-0.079234,1.564949,"5efb1aa0a2843ef6aabc1ea70dbf4252a65fbdc3561980f5fbc5afe72413af5b","17;18;34;308;319;322;324"
1135,-0.027479,0.021354,1.458407,"ba095ebcd5d7f4639d04fe032cfe2740e8bb83c174ab02efb3f78a0b532cfdce","17;24;34;312;322;324"
1137,0.021925,-0.075295,1.723090,"09f97f65769fedb66cf07646bb1990332eec564dc1f8353deecb64006f98c3a8","0;17;18;24;312;319;324"
1139,0.021229,-0.150815,1.578149,"3295bde99d7794ef4b29b80a483c0c20d917c3311aeb519f39d69f77d148df8e","0;17;18;322"
1149,0.026197,-0.075251,1.747189,"025a7ff5328ab972ad8876e0bc3fa578a6755f0081b920ecc6ff7a8264a00529","0;17;18;24;308;312;315;319;322;324"
1156,0.470288,0.273244,1.507773,"60df28ef3c8d5fbc0c4dfc2df757ab50dc5a1f4eca0a633de7bdbcb8109a567b","17;18;315;322"
1164,-0.103846,0.217534,1.479037,"67855189fca9aacb0e31b95a9cf258c4db8b7e99132a4bd79c148ffc9c4b9184","0;17;18;24;34;301;308;312;315;319;322;324"
1165,-0.135940,-0.114536,1.536353,"f2c152af050a6e6d2d00f303ef4a2cd4fa850ee34cb741cdb4f08a07351ae88e","17;18;34;301;308;312"
1166,-0.156163,-0.103103,1.616793,"2f37684375fffbd84fed7def195cdfa49e1b977d97b07ccc6f5d21e7dfcf5ff7","17;24;34;308;319;324"
1172,-0.364100,-0.117470,1.577271,"3d64014d1d47c3e844e0e802535011f058cc52ea09b27d2c718d81147b3b72a2","17;18;24;34;44;301;308;312;315;319"
1179,-0.157678,0.298891,1.500933,"5c7afb25624a3db068ee76af5d9ec37b36fde4e3c5d4a54074a36f856db20751","17;24;34"
1183,-0.297795,-0.128911,1.570947,"c58a9b57b4aa699f7e0b6254d7639878334e2c3cb3dc2d2fecae774088c0c120","17;18;34;44;312;315;319"
1185,-0.491890,0.258085,1.381534,"b02cbcbe6ce9904b9abfb119a639210b893347013a6f4a1fd987fbbbd068178b","17;24;44;294;301;308"
1186,-0.588263,0.210786,1.340277,"895e2fff74cfbff61cceda67b53eb360ecfb1fc5e1b871bff5afbe801dd835fb","0;17;18;24;34;44;294;301;308;312"
1192,-0.453733,-0.285812,1.660362,"40ae292820ec793628446c09970f121080854d0c0408c015c7f130014080464a","17;18;294;315"
1194,-0.455126,-0.286644,1.661263,"40a19a2070cc61172a0d7829b7930010b02f4d1c1a188000cdad30c84002872b","17;24;34;294"
1195,-0.462167,-0.290008,1.685720,"58bb13a8338812172d099a65af1b80d0a617cd018b89818da8f52a922a84a71b","17;24;34;301;308;312"
1197,-0.316973,0.261242,1.485139,"47a087918d74a80baaf38b11c4be5eeaa10779951d49bbc08936df478064b356","17;18;24;34;315;322"
1198,-0.329035,0.270518,1.528932,"42a1ae919df4b18feeb58e1094bc5e2aa15779911659b340dd079f478040b566","17;24;34;312;315;322"
1199,-0.486940,0.241726,1.530451,"1b786f6772d2fb7621cc5ea3399fb6242efd95cdcd9824ed636dba81278676ff","17;18;294;301;308"
1203,-0.637507,0.230142,1.447247,"3ecde2da5dd1cedc5705dc8269ed3f447bcbb7e7ca336efb3f4f8fa937fff4e0","18;294;301;308"
1204,-0.663968,0.236913,1.504546,"0ad7aa9e5dd7bffc1f4ddd076cef3b40fddb9fc3c2a37aff33778e8b1f5fbcdb","0;17;18;294;301;308"
1206,-0.595596,0.214576,1.350777,"b3df7bdd3cd7bffe1fecdce734bcb760efff9fc5efbb61fff21ebfba1d9834fd","0;17;18;34;44;294;301;308;312"
1213,-0.622354,0.102456,1.560144,"8d026ff964a86951755275d699cbb9697e28168e81b466c046c962807fe940a1","17;18;308;312;315"
1214,-0.452502,-0.253674,1.669424,"3c6af06c5d19d65853aeb42b0bc9d79419c8c56ace27c89b72cd213d77bf4e83","17;18;294;308;315;319"
1216,-0.564558,-0.322990,1.678533,"bd36e566f97f4ff873feb5fc4b6ddfbf1fc4d47eb966fd8a7edb65bcefffcaf5","17;24;44;294;308;312;315;319"
1217,-0.448497,-0.251787,1.666307,"20f0d940588de9472b25a91c92864410d9994210133ad2501d949668c900c6b0","17;18;24;34;44;294;301;308;312;315;319"
1032,0.079492,0.098742,1.413691,"009d3bebd6e5bbf21e4b7802b4ff6160ff7b135913be307ffd87ba68900b25fb","0;17;18;24;308;312;315"
1033,0.159937,-0.022799,1.522348,"1c0d52a33583ea525580fa03efc93100faa9079108b900eebadda640e78a708a","0;17;18;24;315;324"
1035,0.159261,-0.021769,1.472240,"380d4bec34826a71c480fa4273c330407aa40ea819bb019cf2eda240358a7000","17;18;24;312;315;322;324"
1037,0.042025,0.302458,1.393026,"409d18ca9487b7af4e2dcb06c4632c40d1020a20122919ff3cafae57984ad102","17;18;24;308;312;315;319;322"
1039,0.162127,-0.026795,1.495339,"de4897fe0b503c00ad128702ecd729ff62f1f9ca41459ae191f3ca1b12332d22","0;17;18;24;308;312;315;319;322;324"
1042,0.078464,0.097524,1.421550,"199d13c995f7eafe1f016c42fcf320e47c3a92b8139910ffafde02429a8b21b8","17;18;24;308;312;315;319"
1043,-0.372952,-0.089096,1.408897,"52ae97b289ac00c7ab1f8a5daee2405ea5e76c951e4f8a7399b65f7a8844a71d","17;18;44;294;301;312;319"
1044,0.082768,0.051041,1.465021,"c7828497ac37e81b1efb93d7c168decfdd457f9dbc54dfc08c3adff49cec9814","17;24;308;312;315;319;322;324"
1045,-0.002899,0.312040,1.441099,"f404dd629c6b43c85637adba5365497859d4e8323a677d16d9c7017df1eb0430","17;24;308;312"
1047,0.072901,0.125833,1.456991,"2f3f62d2fdb25e5189cef5a508fee7fcdebf97349c8baeca3a5d85fb8eeefad7","17;18;308"
1053,0.042786,0.260453,1.404630,"23df6f8ff6166f37054c5fe67124b2647ee696eef5982dee662faec02ffefcfd","17;18;24"
1056,-0.090403,0.291435,1.376848,"275a6aae6c06ef785446d3c761c8b7407eed37efccb75fef742feb887dbf70d4","17;18;24;34;301;308;312"
1057,-0.267483,-0.057745,1.388313,"5aba6bb873ed7957a54d76ad3f8f0250a6bbd7949a1a32f5dfff38c9a684267b","0;17;24;34;44;301;308;312;315;319;322;324"
1062,0.188349,0.227426,1.440640,"1b5c1eb324a43c528c9a1b72bd9be1e9e7311f0fc7cd02e1c4dbfa8088592909","0;17;18;24;308;312"
1063,0.146849,0.208756,1.467206,"6a31f1e2f5ddd95d4b6979089e9f7c30de9b17519a3a20d19bdd30f6d68ec617","17;18;308;312;315;324"
1065,0.185333,0.224461,1.421345,"0d4a98b2a4247e940e1b5f42fd237b48e7cb3fce8c000be0c2cffe8894dba109","0;17;18;308;312"
1068,0.170761,0.205115,1.329499,"6f9dc756d7f2a6a7db977e8e68e06eb639e7a2d2776abeef3f36854fcf77fc04","17;18;24;308;312;324"
1070,0.140903,0.217203,1.456061,"39076acdf417ef7d4548fec6110db6607e8817ecd9ba658c766da2807f8af0f8","17;18;308;312;315;319;324"
1074,0.050243,0.135169,1.420399,"dfa1f1e1b2165c9f73f18f929d8ed6f0579dbd9ddf5afdc2ebed8feca6e4a574","17;18;24"
1078,0.063785,0.022971,1.472904,"0a8f929e5da5bac69e054847acea2640ee2ba315061b0affbc341a0b905ead8f","0;17;18;24;308;312;319;322;324"
1079,0.044036,0.140514,1.428610,"5ee462c297d8fbec2b851f0b4bc95ec433cd9dbd52f1bcc4bbdd9fe7279efd04","17;18;24"
1083,0.136563,0.228852,1.482993,"00bd9df193c6b5b73ebb4a509c374869d35f131033d85967ed967f44885081bb","17;18;24;308;312;315;322;324"
1084,0.029417,0.025352,1.397621,"6bec60d3753debfa7be2becaa80fdcf47fcfdf8fe35eedff161e9ba227c563ad","17;18;312;315;319"
1088,0.001659,0.122570,1.443961,"6b0d525cfbf0506789c87eaa2ab6a4f7e6b6ae003d0b82ec3a78c08b9a44e81f","17;18;24;34"
1090,0.124146,-0.073328,1.489541,"10851aeb94a7d36f06055d02b4993a40d93b13191ab818b7e9858a41944ab58a","0;17;24;308;312;315;319;322"
1092,-0.654973,0.350332,1.352032,"5c79ff662b4a57b4e18ca6287b77013726f4fd6a48e3aa28f3eb651163b3266b","17;18;308"
1095,0.063666,0.196270,1.398292,"270d029dcda4ac679c8ad012a4fa3169e8eb138d34ab42ee3536de089179b186","0;17;18;24;308;315;319"
1100,0.058451,0.191224,1.367295,"00c69fbdf482aeef1e134a52d4ca7840fb4f23b342f68a773c269f44155ab182","0;17;18;24;308;319;322"
1101,-0.270918,-0.027154,1.407223,"385d7ded4647effc44467c827375b3235ef017eee8b2782c638be48077fb74f8","17;18;34;308"
1103,-0.403073,0.250546,1.348220,"5285234099f48967e925ae084a263cf4689668b8180bb1d5b9f48a5fc306a76c","17;18;34;294;301;308"
1107,-0.306839,-0.024452,1.560578,"83aaae92eeb1b8c7dedf95b78888f72bef23bb95b66daee01e19defbdd4db9cd","17;18;24;34;308;312;319;322"
1110,-0.433995,-0.141042,1.453878,"dc529679b9af4398761fc730dfd3695c11186c583a850b12c9f73754b2d18521","0;17;18;34;44;294;301;308;312;315;319"
926,0.325699,-0.104964,1.388379,"89dd18dbc995a5dec650cc44b0d2a3e4482a0accc70b7771673992381ad8a9ac","0;17;18;315;322"
931,-0.280008,0.254518,1.255004,"c15cffb5e222bd37e8c67aa7b52f835b2667378de0dca568742a7e8025f023f9","17;24;34;44;301;308;312"
939,-0.433005,0.252506,1.160601,"38bee87d92db53f273edfcad23edc310fdfec510aefee92afbe725f3e16d4edb","17;24;44;294;308"
940,0.180131,-0.096732,1.333552,"0b9ab3d971b5b917bf5b5774bc9ea66ca73bb311b79c32d74f3f3ac2928481f7","17;18;24"
942,0.312380,0.147772,1.252350,"155d53eaf2e26bf005c85fe255d7a16476b816fa01902cfe78acaac0be932031","17;18;315"
943,0.316260,0.152564,1.283368,"b54f6fea56866ff88484d7c651c7b9717ef817eee9873c1c70a9e78c35bb70f0","17;18;312"
948,0.300198,0.301405,1.400646,"c44c97df8de4a7829e8ac252f4f721cfc9763bda31edfbeaadb2ce1a80797520","17;18;312;315;319"
950,0.294583,-0.172713,1.334205,"ff7aec54eb5c9fb8a9feb5bd487cdf3f87d5f567e567bee0327b45bf6ff55e57","17;18;312;315;322"
952,0.365422,0.269867,1.335088,"e5e293baad2d45ccdfbfb158aef2699fc54b6c127b67cab399d2553ed079c225","17;18;324"
954,-0.365458,-0.081770,1.275888,"a55f0f4d5ccfa778544ef84cf2c4a16158e84a6ee9b77b3f3526a318513b74f0","17;24;44;319"
1222,-0.267909,0.242611,1.452747,"297c3d5f4dddc3f862ecac0c325407348830500acb2b3a3d711e013a523246ff","17;18;24;34;301;308;312;315;319;322"
1224,-0.303240,0.261962,1.605274,"3a23a101953fc85e03a588cf030c579c5c8cc1bd9efbd5849f549d74e38e5efc","17;18;24;34;301;319"
1225,-0.208324,0.272550,1.574050,"af336481a41fdc3f5dfa16ff983cd7afde04b735f5f875c82e5afdf68efcd8d5","17;18;24;34;301"
1230,-0.400821,0.254857,1.717174,"2e32ae90edf59dd38aff9c978cce724ecd7dbbb19447f2d04d11cbff9e6dbdf7","17;18;24;34;301;308"
1233,-0.413304,0.262224,1.583889,"25b53941fccdb7efce79391896994c20891a5238533878172d9c057ed048c3a3","17;18;34;308;319"
1239,-0.658138,-0.380190,1.764539,"3d866aead4b3cffa5743ff4653e9bd6079ea16bebbb32dbf7aefa744fffbf0a0","17;18;34;44;294;301;308;312;315"
1250,-0.567162,-0.218975,1.623791,"4ab2b2b2adf5b8cfaf5f943f8cce6ecfc51bff91164bbaf19f53dfff920cbd57","17;18;24;44;294;301;308;315"
1252,-0.617253,-0.224991,1.685079,"dadc3fff2dd49db69c5e9637fcfe276be773fdc3e4cd3befe3fb7e93103d257b","17;24;34;294;308;315"
1253,-0.408911,0.248542,1.551359,"1ddf53cb72dba7fc4c407a627f54a9e43658066ac3b02dfd24a42242779ba5ad","17;18;24;34;301;308;312;315;319"
1259,-0.403021,-0.365439,1.783573,"6f3af861f53ffb1269ec3faddb3dd7be9fecff7f94f0ed804edf21f7ceed5ad5","17;24;34;301;308;315;319"
1260,-0.399104,0.241285,1.507518,"199d5a89d797a6ff54406a46591832a43f8b12fdd7b815ff380f07467d0ea98c","17;18;34;44;301;312;315"
1264,-0.246872,-0.134689,1.679249,"d89f9ef6aae855b7b61787b9f7e74a5ba7f7ed90384d8b31dbe37f59a060a773","17;18;24;34;301;308;312;315;319;322;324"
1265,-0.375220,-0.358934,1.769262,"c95a3fed200e7f942cca76e4ff1783f39675fd6ee194e169e4f96a800ab12379","17;18;24;34;44;301;308;312;319;322;324"
1266,-0.524190,-0.410602,1.723745,"b24d668c7d96fe689d88f8026afa37c4f8e5bfe36ca30affb3fe8f9b173f708e","0;17;18;24;34;44;294;301;308;312;315;319"
1267,-0.343702,-0.291538,1.809434,"507997f622c43456a4caea65bdb72112a673edc041899268f1e3760a2850231b","0;17;18;24;34;44;301;312;315;319;322;324"
1274,-0.310830,-0.289346,1.808193,"65f2944b680f4098733ab15cd271dc3bdd446c3aa976d9100dba65b4583b4221","17;18;24;301;315;322"
1275,-0.312760,-0.261387,1.858153,"62e0d050d98d69c7ab31a4180a87441e81986b1c524fd2d11f1c147eca04c2be","17;18;24;34;301;308;315;319;322;324"
1277,-0.505786,0.057686,1.743250,"8d1a7f6f6cadea10c4ca7166f9dfb1eb6e3817ee81342a584689e2887feb60b1","17;24;44;294;308;315;319"
1288,-0.201597,-0.264095,1.993823,"df0346e611166e792524f3034b2a3ed1fc857fae4c9319ccb3f98b0563266a06","0;17;34;301;308;315;319;322;324"
773,-0.090878,0.313999,0.999140,"dd16efe5a6226f1934e2d7f65767916b77d53dbeb9d4ad0ad4efef84adf32171","17;18;24;34"
774,-0.446858,0.310828,0.950255,"2eb8f278c9fd50ca3b3564180e9f469c89bb8310127e9ab31fdc116fd2054e86","17;18;301"
893,0.216827,0.260654,1.275382,"89cf6afd34996ef6dd0c7ef6afc9b2e0de6a064ce6bc26ffe6ff22805698f98d","17;18;24;315"
1311,-0.326954,0.219765,0.964832,"94664ea5320b7ff834a4d6af434913017ee54fe7ecb70d0ef0c1a59565bf3843","18;24;34;44;294;308;312"
1313,-0.428018,0.296935,0.912423,"09b0913309fdb043ea71a118ae9c48a8811bca11176ffab18dd51b7ac00487a6","18;34;44;294;301"
1321,-0.058685,0.303056,1.076213,"2f4de54fec17cfbc51c27ce6f16d9fa45e62166fe9b26dad267ee5807fff50fc","0;18;24"
1323,-0.605004,-0.102409,0.999604,"be966cf1b77ff9bf3b7fb7bf4f3d9ebdbf97d5b5bffc7dd7dfdbfdd7efc49e77","18;24;34;44;62"
1329,-0.538862,0.288868,1.050072,"fed9ecbc8b50948d83f6848b4bbc531bc9d5f9c34c47ffa0d363df3fb7749e5e","18;24;34;294;301;312"
846,-0.463440,-0.051985,1.194801,"a29d7bed74e5ff771d4d5c36bd9fb660eebb178dabba70ffe7fdaa881d88f5fb","17;18;24;34;44;294;301;308;312;315"
850,-0.622493,-0.122897,1.136273,"eafc72f86ddffc7ffdeeb41bac9f16b5eebddfa3e07ff0dff7db5bbb478c6fdf","17;24;34;44;287;294;301"
826,-0.572618,0.317437,1.036640,"e55c1754a51f46b6fdfaa65c523185bf85e47a6ae1fd316e3fdb5512caf94a3d","17;18;44;62;287;294;301"
831,-0.555648,-0.114844,1.264001,"5d387ee5355e79506decf606db1f93747ef5fffc8cb5f5ccdfd9a38527a74f71","17;18;24;34;44;294;301;308;312;315"
833,-0.182748,0.258990,1.167308,"62f1f1466f5d966c49e0384e2efd5cb6b671536ac172baed371c413a4faa43be","17;24;301"
837,-0.313071,0.271050,1.103420,"de1803e522c6691024c052e29d1701dd66bd15e3099051c8c5a0aa802ca32531","17;18;24;44;294;301;308;312"
838,-0.263006,0.288441,1.130259,"f54cec4f1d3fc21855a0e60c5258176858e47a7eaca67d2a577e8110f97b5806","17;24;34"
1684,-0.595418,0.262649,0.767088,"5d3d5465120e42386080ea4c7371813232e44c6ec9b0152cb0ed210069f34201","24;44;62;287"
913,0.326572,-0.103891,1.374084,"3c92ccabcc2b52d81775b99f43694b1959c8e6f63e625f35dac3e17df9eb58d2","0;17;18;312;315;319;322;324"
915,0.328188,-0.103277,1.396136,"7d6de1668e1f4ffd01aabcca536dddb75cf64c6ec963f928bbc965bc67fbc239","0;17;18;312;315;319;322;324"
923,0.323923,-0.107595,1.379423,"191753ed12424f333488cee25337a17076bc1ca86998210ee1efa28022a22439","0;17;18;312;315;319;322;324"
924,0.329723,-0.108523,1.406887,"58054eee14064f35a5448f8777272a5072a65dee7889110ef3e7a2102ea2b07a","0;17;18;312;315;319;322;324"
789,-0.281349,0.271657,1.024343,"837f1351cab52cd7a44a4af48ca2e1ec272aea9cf59d864224043ecaaad4a99d","17;18;24;34;44;301;308"
791,-0.447021,0.311902,0.997240,"21a6694974a7e9d8567d7dd411439c305d0813bc93b67d574e0cb1e4dd8272f0","17;24;34;294;301"
794,-0.512262,0.315421,1.024153,"eccc754fec4e67bc7632e418d355093f19dc6e6a6974f93365ba651472f9c6a0","17;24;34;44;287;294;301"
796,-0.516244,-0.028308,1.084680,"1732a3bbeae02b503f4f5bf6dcc6da7c778d3f979790efc09c36bac6a44737f5","17;18;24;34;44;294"
799,-0.292745,0.277825,1.060011,"5dcc6745d2da6bb261446ea4592795f437f490eea1983d2f3eef8544efb76674","17;18;24;34;44;301;308"
800,-0.527347,0.321112,1.048612,"f4cafd550a4b77fcfbb6b6285351853f2bd46c6a6875e938f7aa651763b9c6ab","17;18;24;34;44;287;294"
6,-0.104962,0.222205,1.500396,"23b5b99afcedb8cf0e59d87bbcfe7c00cf1b1715932acaf32d1cbafe9c48919b","17;18;24;34;301;308;312;315;319;322;324"
8,0.295401,0.294717,1.385321,"a04c95df6deda5ae9e1a6050b43321cfc9722a4a21ac73bf05b25212105945a8","0;17;18;312;315;319"
9,0.250096,0.278410,1.312601,"58cd7ffeb6c27fa7b400de227d77286172f33de278892bfff1e7ee8134f2a52b","0;17;24;312;315;319;322;324"
13,-0.071689,-0.113416,1.514285,"09821aed7491e97b5c0c7466bdc3bae47e0816acc33a26df44edaa881f8879a9","0;17;18;24;34;308;315;322"
16,0.195040,0.184753,1.436987,"400eceb4342a7913e48646c39f2b314b26a52d8da0d905c8c0b3fa01a4e02500","0;17;18;24;308;322;324"
19,-0.052958,-0.062058,1.494170,"c88d1679999e50a7ed1dae158e33265780276c1c34ad41feabfe1453ca04c94f","0;17;24;34"
21,0.066714,0.023635,1.489954,"02ce9e9e7da1b8c69f0fd803acea2140cb73ab01262b4affb5369e1b90583d8b","0;18;24;324"
24,0.159219,0.168397,1.434010,"3bbde1cc7fd5daff534d9caf281d96a4de9b97cdff2bf0ff7b5dbcfb178cdeff","0;18;24"
25,0.045937,-0.024191,1.461307,"9f1f7282a7bfbed09d4ef7f70e9caf8deeb79767b5b520fab2581283cfdde955","0;17;24"
29,-0.317264,-0.292549,1.837867,"d064adb60c6c4c90f273821df36d195bc0d469832864db21c1a2c01000f15612","0;18;44;312;322;324"
34,-0.325357,-0.089000,1.439453,"b5c13c3f8c0fd4a85672f708d7781b29d8c57e63ece35f1dc1eb651575b95802","0;17;18;24;34;44;301;308;312;315;319;322"
35,-0.247617,-0.135995,1.702503,"d0bc9ffabae85196a61f8e31f7f7005ba7b76d903a49ab35d9e37a51a040a56b","0;17;18;24;34;301;308;312;315;319;322;324"
39,-0.499311,-0.189121,1.570846,"7ce9b77e1dcd43e8e795a408f3f74876c8f47a580a6bfa35dbf94579d20a666a","0;18;312;319"
40,-0.622655,-0.223766,1.692072,"0bdf7ffdbcd5fdb79f5d5ef7bdbfb661e733bf85f79833ffeffffec21edca5ff","0;17;24;34;44;294;301;308;312;315"
41,-0.457946,-0.275324,1.575665,"961a7e5b42927852fd0673f74dcaa67c66bd8e868499266816720a832da12f95","0;17;24;34;44;301"
42,-0.556770,-0.314524,1.655507,"2c60904359fd52ca7fb12d188ad04dbc99184218063278360fdc1177d25b4e86","0;18;24;44;294;308;312;319"
44,-0.503827,-0.027610,1.053061,"933a07bc4fb51848af5281c7adc637fdc6a9dfc78f07dedd9050cbba1e053b5c","17;18;34;294"
1679,-0.472004,0.290402,0.800628,"3c243376155f4769fd8aaf0872f52db599704c2a69a1380ebbdf051a427a4622","24;34;44;62;287;294"
1681,-0.477155,0.292525,0.808435,"7c647f6c3b4a5368f884e5287f752831b2f4cc6228a3280ffbe7211f61236623","24;34;44;62;287;294"
868,-0.278128,0.251705,1.204451,"c0b89cbb89cd15a7be1f6411b6b34259c13a6b10724cd337cdb3565b9000856a","17;24;301;308;319"
870,-0.279349,0.256963,1.251045,"96b66d838a43bfe9acfe99b75c5fce0b2711ffb7f6452fd45d02efd72587a5f3","17;24;34;308;312;315"
872,-0.081862,0.315718,1.226784,"ceccb7dfdffebfe69fb6c6126cff25efe177fb4260cdbaff3ffbdf03927d25ee","17;18;24;34;308;312;315"
873,-0.282715,0.267592,1.295852,"5753b5879c2f8b9c1ef9934ed43c1d6eb4453d7d995139feb91e8fd69c3b1175","17;24;34"
874,0.220895,-0.167327,1.354992,"03a4d1dbd7f368cf1f436e12acf36cec739bba98139863f70f5e9243924ca52e","0;17;24;308;312;315;319"
881,0.223991,-0.175266,1.402050,"18df7cab168753b8e4248e07f7432a4176b00ff3ea895d3df9c1ab543082257a","0;17;18;24;315;319;322"
45,-0.522131,-0.119540,1.206699,"d752ef8dae326d3974cad7f6d166936f76e57fafe9d7e7ca942beb802df03075","0;17;18;24;34;301;308"
46,-0.592500,-0.125624,1.190287,"ff9ff4feb777debf1bde3c3d6e7fbfb197f3b523fd6f3affabff6d9fdef4815f","0;17;18;287;312;315"
52,-0.359985,-0.429372,1.973337,"12ac3a9e7ae1bbee3e07daa36cde2a40ffbbef810a9fcbffd0269a9b150a27db","0;17;24;308;312;324"
53,-0.430710,-0.434246,1.923244,"03a6a49bf7b9bccf7e575bb7ace87e48ef0bb395b6f84ff30c16decbdd4cb9c7","0;18;24;44;319;322;324"
59,1.155934,-0.769974,3.945454,"9d5ffdeeec07dfff9ffa9c6e5deff323ff577fefe1632bdafadbefbc1efab1f1","0;17;18;319;322;324"
63,1.759182,-0.845666,4.634601,"318d4bee9683cfff5400dae673e1b06078ea16ead9bb0c3ff8aea7c03dfaf0a8","0;17;315;319;322;324"
67,-0.016172,-0.261347,1.934589,"34493a7e1dc457e2c40ce40832d92160c8f8024a4a2b7a3df3bd0039513b74aa","0;17;24;34;308;312;315;322;324"
72,1.662279,-1.618644,4.581087,"90cb5ffe12c03d77d400f6a23997a0616eb38ec06b8b26fdf1e3ba8935902529","0;17;18;315;319;322;324"
75,-0.165150,0.288956,1.120408,"18957a6f77ce77776d087e403f3f0070b6bfd528d9b8310ff7ef30006382e7bb","0;17;18;24;34;301;308;312"
77,-0.208022,0.244225,1.155398,"21bd9813d5bdb6df5e79681cb6f856a4994a4211977ada332d1e156ed85c9b8e","0;17;18;24;34;301;308;312;315;319;322"
79,-0.089010,0.295540,1.378011,"bb5446076416eefc7d6a76c7790abff57ec416efedb615ef367be2806fb77a9d","0;17;18;24;34;308;312;315;319;322;324"
81,-0.100703,0.274983,1.452183,"ed78ff62effe7b90e9fa376c5edfdfbfb775fd7a8165b8e857f965b6cef74673","0;17;24;34;308;315;319"
83,-0.170780,0.301553,0.914699,"f0f03d7e684e55b86032a6287357883391d46c62496ffb1dd9ab615040224623","0;18;24;34"
84,-0.198819,0.302468,0.893004,"3c247960d9ed434a6326ad0813d74d30199a402a1a36fb1553cd017c63c34622","0;17;18;24;34;44"
85,-0.189687,0.311062,1.062445,"427b039a3b81af45aec8cbeca4c2a444e2236ac5430b8efdb0308fba1816a13d","0;17;18;24;34;308"
87,-0.085336,0.307501,0.967692,"119f7bfcb683eff7d448dee639afb0606eeb1fccd9bb24fff8edaec03d88f1b9","0;17;18;24;34;301"
88,-0.063801,0.306974,1.100078,"22cd129edfd5b6e79f0548032cfe26c4e93b83c1463b02ff37349e2b131cad8e","0;17;18;24;34;301"
90,-0.317878,0.225136,1.036334,"54fb95201a0b02e8aab988e806a6c092a4d5ecd15b0bcb71b8842fff80238715","0;17;301;312"
91,-0.367092,0.257639,1.257705,"0532d17332afa8187e3971f4dd5acc289719161e97f47f510c882be4dd838385","0;18;301;308;312"
95,-0.432402,0.270347,1.035061,"50b49b79b0ce71373a03ea18b7b70870b13f6c103bdbf117fda73650c000a73a","0;17;18;24;34;44;294;301;308;312"
97,-0.286191,0.302704,0.880852,"201f6a45520aeb3335a4eec7c12f17507eec43a4a8b8554e6e2f830065a276fa","0;18;24;44"
99,-0.274007,0.269719,1.011465,"30a3fb44d2e853773305ec0833f700303aba40081abae00f7bac0469e1c0e6aa","0;17;18;24;34;44;301;308;312"
100,-0.331721,0.270256,0.953705,"f8a2b55289e91145ab35a5380687481e8196e8101a47ea11d9d0517fc2008662","0;17;18;24;34;44;294;301;308"
101,-0.291462,0.056164,1.496549,"1cb198a293e512df0ea9090b1cb76040b51b9511120a1af7f9c50f7f9042a103","0;18;24;44;301;308;312;315"
103,-0.261997,-0.015783,1.396855,"029f0a9bf282bfe3be0c5ae7a4ce3640fe2b13c7d69b02ff3c24bac2150eb1db","17;18;24;44;301;308;312;315;319;322;324"
105,-0.009999,0.097254,1.441665,"c7891bf8ecadffda8b1898689cdbf158c75b7f5b530b8af1d9982ffe18f9a121","17;18;24;34"
108,-0.326026,0.248220,1.505886,"100d975c5d9fa267e580ea4262b034e468ee6a4949bb15ed313682025128702c","0;17;18;34;44;315;322"
110,-0.402282,0.189961,1.633042,"a1942ddf1c66c93b565bd556f175b86959823f29bbec7b1f45abf2441d8870f1","0;17;18;301;308;315;319;322"
112,-0.459389,0.095919,1.693156,"0297909bd3adbecf1f2379d7acec2ec1bf1b830526381af724161a2bdd5f899d","0;17;18;24;34;44;308;312;315"
119,0.327085,0.302050,1.365232,"d75d47851216ae703de2dac6dd2695e476e57eefe59535ceb43e8f802db633dd","0;17;312;319;324"
121,0.423849,0.263771,1.469911,"da4edebc07b07e06bc86ca83adaa33cbe2e7adc32ccd07ead2e3da09a5752d0a","0;17;18;312;315;319;322;324"
133,0.006082,0.306323,1.406263,"b0c11cf90d8f54edd438d252961920c1c8020f21782d5395e1d3d4551808d802","0;17;18;24;308;312;315;319;322;324"
135,-0.003279,0.249219,1.433119,"a54909dc7ccfc7fcd608f462f2d1a160d8e80eea4b236a3df1aca7b8103b70ab","0;17;18;24;34;308;322"
137,0.157071,0.287970,1.286605,"50177b65324a33312ccc7ea47f17827036bdeca04198354cf5a5228024a2277b","0;17;18;308;315;322;324"
138,0.177638,0.257345,1.310115,"22a4e7fbcde9f9ef7f17f31be8fc1c08f99bf39132fedbf71d3edf43c54cf6ca","0;17;18;24;308;312;319;322;324"
147,0.949867,0.243783,2.689124,"5ae98eba899518e7ae518895acaa42d2a12bf995564992f5bb579e7b9804ab1a","0;17;18"
148,0.319267,0.144961,1.356026,"3c39e8e7e42d6b5047e57f029b23d37c7ace37188832f58057cda220a7fb54e0","0;17;18"
153,0.079705,0.002536,1.530339,"3ca1cae5550fe67117a07f035be9780078ee13ce58b89987ffcd876463aad082","0;17;18;24;308;319;322;324"
155,-0.223800,-0.407635,2.004290,"82cd029f5587be671e055813ecea36c4f82b938172ba18ff25368acb140eb5ce","0;17;18;24;34;301;308;312;315;319;322;324"
159,-0.066391,0.001241,1.487689,"a23bf399f4e1b85f5f4d70f7a8a8f748fe2b2715b7fa86d30c38baea9d4c75dd","0;17;18;24;34;301;312;315"
162,-0.068423,-0.030694,1.495705,"0eba3898cdf5b1da9e5f941f8cfe6f8dcd1b9391b76fbaf55f57df6f9a4dadd7","0;17;18;24;34;301;308;312"
164,-0.078949,-0.074804,1.580674,"db14fec53a36993b29e786bb5c3f86f6b795fdbdbcc7a5cedb7f5bd686e40774","0;17;24;34;315"
166,-0.044005,-0.104340,1.557270,"30a198a015cd514e232da80917994010c89944101a3bd211d995007d500ac682","0;17;18;24;324"
171,0.026824,0.237628,1.456715,"7612e6c60f329048cbbdbfaf48c87f0eee95eff38c23cfc0125cc3dfe7af7cc7","0;17;18;24"
174,1.171470,-0.784069,4.009336,"ddb7fde7ac075ff91ffa9deefd7fd963ffd77feef943ebeaffdbefbc1efab1f1","0;17;18;312;319;322;324"
175,0.017179,0.311873,1.033332,"388c3afe57f7fbe2d701cc0238dd3560f8bb13c90aab3aff73ed8a49330b74aa","0;17;18;24"
180,-0.656964,-0.380129,1.761337,"398f6bebd6a3ebff5541dee679e9b8607fee16bcb9bb2dbffaefa7c0bfdaf0b8","0;17;18;24;34;44;294;301;308;315"
181,-0.085753,-0.259879,1.983220,"188d1fe936e34b370405ca22f537206072321fa81a8921bde9e5aac0308aa42a","0;17;18;24;34;301;308;312;315;319;322;324"
182,-0.203781,-0.245988,1.947938,"0d717961744f7b187de87740db17d9301e5c567ac1b0f94867dd218442ab46f1","0;17;18;24;34;301;308;312;315;319;322;324"
187,1.711357,-0.823071,4.506893,"11cf4fee96824ffd4480dae67363b0607ae61eeed9bb0d3ff0ada7803dbaf028","0;17;315;319;322;324"
188,-0.444797,0.131375,1.752824,"4a9980ac5b50b967a0c5cca3bd3682f666b7db80550bf4cdd465da891604affc","24;44;312;315;319"
191,-0.432130,0.220500,1.643076,"5ac5a0bc8d711caf1f17cc8bafbf2ec4d99bbb814e0a53d3b3f7de5f965c9d4e","0;18;34;319"
195,1.743000,-1.710241,4.831042,"da0eeefc22a26b50b58ed6e769e7b34b6ee53f8ea88706ead2ebea882de12179","0;17;18;315;319;322;324"
197,-0.317215,0.246999,1.530861,"787b0aac38835270848ce82d62cf2110dcf9c5e2480bc23df8e5af3b503b6e9b","0;17;18;24;34;44;301;308;312;319;322;324"
198,-0.327375,0.171515,1.697466,"13516bcd7252ad756d4cdea2191eb6647e9d1fe9c19b25cdf028aa802582a5fd","0;17;312;315;319;322"
202,0.737538,0.602594,2.239628,"829d049f93e4bea71c035a93ac3e2841cf139381729819ffa5369ec3945ca51a","0;17;18;319"
209,-0.348685,-0.233257,1.742911,"01e196516d99e0c6ee316048a69044bb882862184778c2110dd8546a48084b8c","0;18;24;34;308;312;315;319;322"
215,-0.345338,-0.436575,2.021081,"0faac29bfc99a8df7f71f2f788c8dee47b8f7e9d97facff31e7c9fe4df8cf99d","0;18;34;301;308;315;319;324"
218,-0.172967,0.304090,0.921862,"74f07d646a4915bc62b6a6287757c83217d46c6a4966eb15d1af615c60b24660","0;18;24;34"
219,-0.199333,0.303601,0.897220,"ad7834406d5f66b87bf2640cda50ddbf99d8c27ae176fbde0f5a452e4abf42a4","0;17;18;24;34;44"
221,-0.247241,0.301978,1.052818,"35056b41d56f635975e0eb0253751d74788c52ba99b27d0e3fae8144e9eb52b0","0;18;24;34;44;301;308"
223,0.393126,0.224866,1.353521,"be266cc3d5bbf2ca5fb53d1f0a487f89798a8339bef04d9e1e4d8177e74d5c86","0;315;319;322;324"
224,-0.441240,-0.060673,1.182773,"935ee38d7692ef57394a5ae7bd2eb6e4766d178de59ca5eb262cbe802ff423fd","0;17;18;34"
225,-0.430037,-0.140052,1.453764,"01a09db94dcda04ece31a018b492600bc9096a11174fd2119d905a7e9808098e","0;17;18;24;34;44;294;301;308;312;315;319"
227,-0.269804,0.297547,0.882339,"4778ff5e7ad3b248efc0c5a04cfea6f63675fa428543aefc1e3a039b0ea76b95","0;17;294"
229,-0.276268,0.270929,1.015513,"b0a4775953efa16f7115e41833150c3538ba40383aea701d49881060638066ea","0;17;18;24;34;44;301;308;312"
231,-0.387568,0.308441,0.925683,"81241f7aa0af604bfd1b6310f6d3083ba11b4a0832e51a5581ba5040c041e3a0","0;17;18;24;34;44;294;301"
232,-0.450541,0.317908,1.003484,"5279af4402d4bd75e884860839b7967226f5f9c9c0d9b6487329ef8905b22778","0;17;18;24;294;301"
233,-0.428536,0.268711,1.023944,"58bd1b6fb0cf67b670006a08b7370070327e4c6879b8b13fe5a6340060d2872a","0;17;18;24;34;44;294;301;308;312"
234,-0.467551,0.284739,1.043747,"65751d67344e67b860e87b48d371893290447c6ac9b0f90ce5be251448fb4231","0;17;18;24;44;294;301;308;312"
237,-0.467787,-0.280155,1.605978,"131647176222ad313c4a73f4f5279477364d36afe1dc254fa42afa802de023f1","0;17;18;34;44;301;308"
240,-0.315152,0.214399,0.977479,"573385a5ba2208192ee98be5c562c8c21645fdb59dc0c748a830aff68c668b15","0;18;24;294;308"
241,-0.395803,0.243938,1.317827,"0387dd05ea0a3dbfac752ea0d4278a7326577b6cd1d867416c227e8424e087f9","0;17;18;24;34;294;301;308;319"
244,-0.463426,0.097163,1.702794,"068b9489db8fbecf8e3178c7ecec2c40ff4b835516381af52c161e66d95f899a","0;17;18;24;34;44;308;312;315"
249,0.898612,0.406200,2.494864,"52e9908219cd02ccabad8808aed24496a0c5ee515a0bda71b9140f7f10068f0e","0;17;18"
252,-0.491293,-0.026785,1.126035,"7aa52efc9dd5d7ebc72c9c0b6ad97605d8e2fbe1fe6bea9df3d9833b472cfc4e","0;18;24;34"
253,-0.528816,-0.028468,1.102840,"bb3800bc29b55a48af4a91cdadce23ddf6a9dfa78f07ded990518bbb3e253ad5","17;18;34;44"
256,-0.211295,0.249130,1.185179,"01fd352b9dcf97efee79a808b6f0282081335a115ba95a3fe9940572d85a836a","0;17;18;24;34;301;308;312"
261,-0.087889,0.282493,1.187980,"387cb8bf6dfd5ada176efc0f3fdf73d8ddf9b7838ef67bbbd7c739a970fb2cdb","0;17;301;308;312;315"
263,-0.146171,0.235483,1.109157,"f2206e4d4dafc04aef20e01b0299745be8bc6ba10aa7d3519718823b51097686","17;18;34;315;319;322"
266,-0.285956,-0.124999,1.517527,"5d9d1d65900e57bde0a0ae0c7773007314d67c6a79c1f92de1eb651428f2c23a","17;18;301;312;315;324"
270,0.004571,0.302950,1.394586,"041b97df2ca803109c0ecb62f6f3a14f40702e4a01a16b2980b66218107b2521","0;17;18;24;308;312;315;319;322;324"
271,0.145182,0.254032,1.342464,"34fdd9fbdec3eefc16a0f842f3ff692079ea06fa5bb25bbffdc7af6cf57bf4b2","0;17;312;315"
273,-0.059980,0.086672,1.499255,"330f6ede5492ee60d5c0ddc660eab7e578a893efedb32eee327fca823dff78ec","0;17;24;34;301;308;312;315"
275,0.326104,0.161995,1.335927,"53d3caaf06026e7c2140dbe7592fba4276c5bde7cd9395c1d26dea842db63859","0;17;18;312;322;324"
276,0.944445,0.242824,2.678306,"6aa188fad9a55907a31d8d1dae874210c19be9941a4bda71d9d51e7b9000a67a","0;17;18"
278,1.000766,0.068875,3.235775,"4fb69103973d32af4f710bcdce285eecb70faa159738ddf10e1615769a0e8954","0;18;322"
279,0.249226,0.279154,1.311791,"70cf1efe9c844fbdd504ea0261e3205170f228ea780b1abdf9e3c70931b3e428","0;17;24;312;315;319;322;324"
280,0.157391,0.288524,1.289807,"da12666533de7937214df6b5a91f12f7e6b5fda4a99cf1ccc7fbfac32f842f7b","0;17;18;24;308;315;324"
281,0.228554,0.272807,1.302951,"13dd53c832c73ff62548fae67dd7a06476f99fe2c38b38ffb9a42fca3b82a5b9","0;17;18;24;308;312;315;319;322"
282,0.180270,0.259576,1.324625,"0aa0a5bb4dc9a1ce7f13f31aeefd5cccf99bfb9112fecbd79d76db4fd70c75a2","0;17;18;24;308;312;315;319;322;324"
284,0.179897,0.040944,1.420656,"73cf6caf9c93ceaf46e49ec7e168974058e6fde7cc6bcfbdfa65afd91dbed85c","0;17;18;24;308;312;315;319;322;324"
286,0.124610,0.223470,1.400845,"b9436aec5652cf704480f6e253c9b7607eac17eac8b3248c72e9a2807fba70b0","0;17;18;24;312"
287,0.155679,0.119157,1.457134,"b5dc6bed54c2ef715442f796514db2607fac16eee9b4758f76afa2847da8f0f0","0;17;18;24;308;312;315;319;322;324"
292,-0.442205,0.225598,1.674415,"7a84a0ad5d51582f1775cc1baf3f0ad4d99bbf811e1af393dff5987fb20c9c5e","0;18;34;44"
295,0.017302,0.311233,1.037046,"28cd3af81dc5d3c6d705cc0220d92140c9ba83c10aab12bff3f79a0b111974aa","0;17;18;24"
296,0.045964,0.309748,1.207934,"ca54bcfc8d745d8f9fd78411dcff636bc133bb813d47f2d0cbfbdf1f927cbd5a","0;17;24;308;312"
304,-0.476816,-0.027043,1.129168,"fe68befc49f09dccbbb6a41b68df655be9f5fbc32847aaf0d3f3df3b1375366a","0;17;18;34;44;301"
305,-0.525969,-0.029402,1.101462,"d702a7996a73284bbdcbd1f7849eb67be6a57f95b507e7c29430fa8a9c44bbd5","17;18;34;44;294"
306,-0.540478,-0.110605,1.237915,"5736d9a3b26e7b983ff93ffddd66cf7e37dd5ffeb3d0edc28c9c2fe4ede30375","0;17;18;24;34;44;294;301;308;312"
311,-0.348021,-0.232084,1.740545,"81aa975b10aba0427e0b6270b41284bca138021823bc017b0c863240d80103ad","0;18;24;312;315;322"
317,-0.175009,0.304404,0.927318,"5433d825b20a1a1029a8bbed8f2fc110b6fdcd549480c148eae525b36ca70b13","0;17;18;24;34"
318,-0.242293,0.310342,0.999135,"383cfb7a73e953c23b056d383fd74918bbbbc5101a1eba33dbc5106be24307f3","0;17;18;24;34;44;301"
320,-0.242974,0.298263,1.035427,"2529815c5defc24857c8e008f2d8353cd8e8727e0ba25a3807bc0138d87b52a6","0;18;24;34;44"
321,-0.087478,0.312884,0.986582,"11df67fc3682eff7d448dae639efb0606eeb1fcce99b24fdf0ecaa803d98f039","0;17;18;24;34"
322,-0.063265,0.306429,1.099823,"22a8b0d8ddc1b0c79f17601bac9c660cc91b8311163e52d70f161a6bd30ca5ce","0;17;18;24;34;301"
324,0.611827,0.550406,1.850352,"105d1bee1fc677e68508fa227eff2140fafb1fc249ab12fdf1e5820b317b25ab","0;17;18"
325,0.737198,0.603823,2.236441,"02cd0cbf96849ea71c035a83e46e3040d573bbc5728819ff2926dec0145cb55a","0;17;18"
330,-0.296307,0.253374,1.589821,"bc557965424f477970eef72a53158331789cc42ae9b6710e75e9213463aa46f2","0;17;18;24;34;301;308;312;315;319;322;324"
333,-0.410947,0.191437,1.671219,"5a87dcbcdb78bc2f88178fb3ed2f2ac3e757eb21744987c9ffe35e13b46cad4a","0;17;18;24;34;44;301;308;312;315;319;322"
334,-0.317263,0.222880,1.029170,"e1927c45220a5131794e777cf6308e7316147c28f4dce50fc63a70926c80425d","0;17;301;308;312;315"
340,0.405734,0.250191,1.409312,"d84f84bf8d605c8e1507c2c7ef2b29cbc0e7add12e4cd3abe2f3fe19bcd93c1a","0;17;18;312;315;319;322;324"
344,-0.026912,0.096798,1.534216,"35cf4bebd48beff14500f8c61b49bd207aaa16fffbb24cfff4cda6807ddbf0b0","0;34;308;315;319;324"
345,-0.068910,0.000681,1.491338,"03a86b9956c7a9471e454097bd8c36647e2b131d13b834d70d1c9a60948cb1fc","0;17;18;24;301;312;315"
346,-0.317617,0.285476,0.929187,"e0307d754a4ea13a38f2a6f8d037003b0cb4712061fef30e55a27114412047fb","0;18;34"
348,-0.324600,0.266415,0.941842,"f4289b7289e910c0abbba13896d74d3b81f3ec123b67ea32dbd1157bc0518623","0;17;18;24;34;44;294;301;308"
352,-0.584991,0.084250,1.632775,"1bcf21ba1df78becc64cd842f1ec39e0dc2b1bef8f0b7fbfa146abb8141f157c","0;17;18;34;294;301;308;315"
358,-0.624649,0.031442,1.444130,"bf52e008cf37904a5bc7f01f08987788df8996b5ac2656d2125f5b6fdf3d7bc7","0;17;18;301"
359,-0.203172,0.242489,1.139871,"01bdb131b9edb1cffa5b6858b6f84038911b50111378d233cd9e1f7ec840839b","0;17;18;24;34;301;308;312;315;319"
360,-0.284917,0.293492,1.188843,"291d7145f44fe73b44e87e46d3119124584c166cd9b8750e648c25046da8d0b1","0;17;18;44;308"
364,-0.452394,0.317938,1.007458,"4229aece48d43d75e084ce08b897927660f779c9c88bb669f3399a890402b778","0;17;18;24;34;44;301"
365,-0.436189,0.272052,1.041213,"58fd136510ce67bf34016a08bfb70050317e48287a98913feda734406280872a","0;17;18;24;34;44;294;301;308"
367,0.132541,0.293963,1.316239,"0bf83b5965ddf157ef5d7425be9d36acac39d71087bd32d147d932cb520c6fff","0;18;24;308;312;315;319;322;324"
368,0.003686,0.300280,1.385614,"5cd6dee1867265bc3467cf365323ea4a71d4a8b869d5b1025eeff645aadaec38","0;17;18;24;312;315;319;322"
370,0.040561,0.262428,1.423330,"0fdf6b8ff496ffb5444c5fe6796cbe607ef697eff5902dee6e2fa6c027fff0e9","0;17;18;24"
371,-0.472986,-0.184157,1.504732,"61e929685ddd43ecc361ac0832d95630c8e85a5c4f2bfa35fb9d8579500a526e","0;17;18;24;294;301;308;315;319"
372,-0.510091,-0.165781,1.558136,"49531367300e6735e9887b64fe338074b6746c6ac1b9b16de5bc24006ab2c329","0;17;34;44;294;301;308;319"
374,-0.605065,-0.295447,1.691771,"cabee652e3f4b9d7b95fb7b52c9e569fafb3ff95b64fb2e31b53deeb8744af5f","0;18;34;44;294;301;308;315"
375,-0.154154,0.242659,1.152697,"286c12aacd29864f3423e91a068120ccd98eea13583bc332f5859279d25bfa02","0;17;18;34;312;315"
378,-0.270411,-0.058728,1.388208,"10bb7be972c67b702d4d7da73d9fa250b6b917d0829a105dffe5aac0348227fb","0;17;24;34;44;301;308;312;315;319;324"
380,-0.287224,-0.127888,1.541864,"fc68bd76095c548ca1bea6196ff7419b81f5ed426847ea20d3f3553f22750e6a","0;17;301;315;324"
381,-0.326124,-0.090087,1.448332,"74e919e99d4f47fa07b0ac0892154130d9d85a784b6a5b1df99c053cd23a5622","0;17;18;24;34;44;301;308;312;315;319;322"
384,0.920414,0.236739,2.646349,"28b5b97bd9ed598f3a35a91896a74818851bc1101a4afa37cfd5147dd04086f2","0;17;18;315;319;322;324"
385,0.247907,0.281669,1.302578,"148d0eaa9da75eef9600ca07e7632840d9e30bf27a8919bff9c78f55185bb90a","0;17;24;308;312;315;319"
390,0.177909,0.039887,1.399776,"23cfe48fbc9bceaf4ee09ac7e168978248e67edfdde8cfad2e7faf91cd7ed8dc","0;17;18;24;308;312;315;319;322;324"
394,0.235848,0.220852,1.389444,"8b1c0495253e6c361cfa0256bc3010efc5673a8ff5dc55ee8c7ede900e6d191c","0;18;24;308"
404,-0.514338,-0.404184,1.699361,"324d168e7dc2fe648d04fa036ef83540f8fdbfe34cab00fdb3368a9b153e7c8e","0;17;18;24;34;44;294;301;308;312;315;319"
405,-0.227550,-0.406350,2.010550,"828c029f1597bae59e07d913ecea3cc4f92b938372bf18ff25369ac3170eb18e","0;17;18;24;34;301;308;312;315;319;322;324"
412,1.693566,-1.665019,4.715262,"db16cebca6226c57b5cbd7f759abb24b6ea53fadbd9785cad26bfa80aff4b911","0;17;315;319;322;324"
416,0.874408,0.228997,2.545209,"0cb4d173f3e931ca7bb12d38de77483c331ac2103370fb76cf9e1567e24307a3","0;17;315;319;322;324"
418,0.348156,0.379646,1.470018,"8a993699cdf5b9679f575413ac9e66cdeb3bbb91366f32f54f53da6b920cadde","0;17;18;312;315"
424,-0.167785,0.288356,1.114825,"228d5b5870afeae6fd097a4012a13470e8ba063891bb105f3f3e0042d98062a0","0;17;18;24;34;301;308"
425,-0.240160,0.296354,1.029150,"9869397f0ecb176c76a06028b7d1013132ff4c626a7dad3ff5c125317198472a","0;17;18;24"
427,0.400790,0.232341,1.376733,"1c8755b3a75bf4ab5ef79bdfcf685a81bb03ef35f5f85d96aed77f75fd0cd942","0;18;315;319;322;324"
429,-0.444972,-0.166135,1.491566,"fc689776cd0e4404f1a2a2486231419f88e46c4249f7d32ab7f2553a6a795208","0;18;308"
430,-0.501924,-0.167031,1.539298,"398c424755be62f671436f1c63689eb438ae022cbdb8352f267f10406b8fda8c","0;17;18;24;34;44;294;301;312;315"
431,-0.455602,-0.253920,1.674845,"34b57148dfd997e942f4ac2a52dd44241b98c270532bfe1c7f04057f770a56e6","0;17;34;308;315;319"
440,-0.468326,0.097866,1.719984,"03c903881885aae58e28d8c7a4ca3480fc290bd546290a5528148ffc190aa988","0;17;18;24;34;44;308;319"
449,0.003613,0.299634,1.384321,"5d8cd4a707724bb235f7ef826b27435f61c6ac9a0ed869a9dae7d445a2e32c68","0;17;18;24;308;312;315"
450,0.136932,0.249185,1.311904,"224b3a8e4dd19268ce44f523a8dc2600c8a9ca434e236afd73118b3b531f7dd6","0;17;18;24;308;312;315;319;322;324"
452,0.315419,0.170473,1.358582,"31c46ffe0c43cf69d482e10273c938615aa03a6a69e72f9d71abc51875aaf020","0;17;18"
455,-0.295569,-0.065095,1.415249,"59695be5324b6f3024a066e8bf17813136bc4c6a4990710cf4e9210062a24328","0;17;24;301;315;322"
456,-0.248186,-0.134873,1.684949,"d8f49eb6aa085dbfb217a6bdffe74a5ba7d7ed907a4f9b23fbe37d3da070ae5a","0;17;18;24;34;301;308;312;315;319;322;324"
457,-0.325901,-0.087557,1.443808,"a9b69864fd3f403f5baabc5c9231c030990c4428e96ef91eafdf353cdae85a89","0;17;18;34;312;322"
458,-0.027377,0.089362,1.340453,"39cb6bed548bebfc5540fec67349b5207ee816ecc9ba65ad7ecda6807faa70a8","0;24;34;319"
462,-0.088819,0.287683,1.348392,"a3d46e8f6417eef47d4ad7c759c8bea57eec17efe5b71cdf363beb846fbefad5","0;17;18;24;34;301;308;312;315"
465,-0.120259,0.290834,1.476930,"f770ff46625e3f54e9eaf76e7adccf3bbef5fde2edf7b848736965826bb3667d","0;17;18;24;34;301;308;312;315;319;322;324"
468,0.976622,0.068894,3.148847,"62f4fe56eb5474eeeb5fb53f68fecebfafd7f382d46fbae13f7b55bf43f6eedf","0;17;18;322"
471,-0.631273,0.040747,1.574065,"86a6ac906c41b9ea8a9e11bbacee7e0bef59dbb322478ad15c12dfaf946d37d3","0;17;18"
472,0.249973,0.285581,1.328353,"20a599db9ded408f1e312918a6e74820d91aaa103a785b17ad96957f9008c42a","0;17;18;312;315;319;322;324"
473,0.162079,0.288048,1.291667,"63127b4864d47953294d7664189fb678eebd3788859ab0c0573cb2c2478066f7","0;17;18;24;312;315"
479,-0.132141,-0.043601,1.499166,"01ab18fbec89acff9e195c70bcc3e868c72b2e1c531842f5cc9ffee81c88a1a9","0;17;18;24;34;301;308;312;315;319;322;324"
481,0.171859,0.299841,1.217254,"35875be9348b6bf856287ae65343b9607e8c06fc9bb04d1ffc8ca3c43daa70a1","0;17;18;24;308;312"
482,0.043262,0.310855,1.212691,"7d52f9e12c0e499843f1b77cd305d97a97c47c3c8b64f902cafd2174beab5071","0;17;18;24"
485,-0.391611,0.184761,1.649446,"0b85c48d9b3ebcef8d339a97cc283ec7ef478ba5340905df3e765ed79ffea994","17;18;24;319;322"
488,-0.438306,0.274331,1.044070,"48a51348d19e62bf37016e583ef308b4319ec8283398905f3ff614446280a228","0;17;18;24;34;44;294;301;308"
489,-0.320352,0.223007,1.033632,"42f9b37eb3dcb797a84b68f5bcfe44b2877bf1515348b263a9f41ecac851a7fb","0;18;44;301;308;312"
491,-0.088790,0.311895,0.982806,"915e6ffe26826ff4944ad2e671c7b1636ee43feee9c7262ff0abea803db97039","0;17;18;24;34"
493,1.132113,-0.760059,3.871454,"fdf6fde6bc274fb853fabffedb6f99337fc47deeb967efaefaefe7bcaffbd071","0;17;18;312;315;319;322;324"
495,-0.493938,-0.389417,1.644862,"325d768e7d96fe65cd04fa0368f836c4f8f5bfe3cca310efb13c8a8b153ef4ce","0;17;18;24;34;44;294;301;308;312;315;319"
496,-0.238144,-0.425414,2.108363,"029d029f5587ba671e015a03ecea3240fd2b938132ba1aff2d369ac3150eb18a","0;17;18;24;34;301;308;312;315;319;322;324"
500,-0.090267,-0.283623,2.123041,"4eddb5869fd2bea98bdc9e03ec6e3dc6a367fde372410aefbb768fd70677bd57","0;17;18;24;34;319;322;324"
504,-0.469272,0.097727,1.711654,"aabef0d8ffe9b1431b15793a0c9564948b3a8310323e62d30f94106bd38c87a7","0;17;18;44;301;308;312;315;319"
512,1.265839,-1.494541,4.472417,"93d77fe936836bfd1c495ef6fd4fb860760b1fede3982ddff4efaac43d8af1f1","0;17;18;312;315;319;322;324"
516,-0.061756,0.093373,1.600966,"071495f5ec26bd17befb1b54dc37016ba7177b9cb1dc53424dba7e86887081b1","0;17;18;308;315;319;322;324"
520,0.326615,0.149036,1.319280,"d7046df1a42e6d1278fb1352dd3b916b73871dadb0d4e5cac5ebfb84a4f15120","0;17;18;312;315;319;322;324"
521,0.386211,0.155668,1.529206,"c754fdb5a46e7d17b9fb53f5dd7e9b6b8775352db5d473c0c6fb7f828cf59155","0;17;315;319"
525,0.315632,0.298427,1.348954,"52bebeb6ece2b5e7fe9fd633f4fa364be9f77f91b8ff836ad926fec38460b56b","0;18;312;315"
530,-0.099737,0.323019,1.214843,"03dc87dd5486eefe56485a46f0f03ce479ee32ffe1b819ff2d3edf40191971bc","0;18;34;301"
534,0.157589,0.117726,1.449257,"b00debfdd4c6e3467405ee1231f7306079fa12983ab8712e7daeb640f148f4ea","0;17;18;24;308;312;315;319;322;324"
539,-0.358417,-0.119192,1.577142,"a1ef0129fc2dc7bf5738b84ca340d135d94a466eca2a4b1f2cd8a5bc5afc5284","0;17;18;24;34;44;301;308;312;315;319"
540,-0.086754,0.302934,1.327474,"a1f93e5a5ddff6e6de68e40832d83621c868524bef3f3abf7f59053a5918fa8e","0;17;18;24;34;308;312"
541,-0.104780,0.252956,1.490737,"e38355eeec0c4cb92b1bb17cee6bbcd7d7877f2ffa63cbd594bafafc18cac321","0;17;308;312;319;322;324"
545,-0.167957,0.287409,1.114745,"210c5b5874a7e8477c097a4030883470c82b021803ba125f3c3e3240d908e3b8","0;17;18;24;301;308"
546,-0.284128,0.294144,1.192175,"5c7093e64b7c1048a9f2a51dded7699ea215e9020167bac093d1433fca770f73","0;18;24"
547,0.830798,0.107562,2.893180,"05a19b89fca068df4e015c429da3f868730b029c133aced22cbdbe6c9cdaa9a8","0;17;18;324"
548,1.209347,-0.036169,3.885487,"bf7e60e9bd37deda87ea9cf64b5dfba67fd0dfffed276dbefadfafb7bffd78f5","0;17;319;322;324"
556,0.301539,0.259639,1.599735,"7680e4868e535a690ff797bb4f6cfe5f3395fda72c430fd59a42cdbfb7ef3c57","17;18;312"
557,0.175510,0.257398,1.338836,"346b52a87e89a1483e20f2ea1f936158fa9d0e51023380d0d480ab6cbd093181","0;18;24;319;322;324"
562,-0.107700,0.219252,1.504648,"272f5881f4abeac20fa1b8ca9f8af508fbab17d116ba44febc9c8ff5d5095b88","0;17;18;24;34;301;308;312;315;319;322;324"
563,-0.424678,0.197455,1.737721,"5a8f94bf8b10bcaf891d5a836d2a0ac3e647efc5544983e5bef35ecb9354a90a","0;18;24;34;44;301;308;312;315;319"
566,-0.436597,0.271279,1.035117,"29a61258d1bf3067ef09ec480a9284b4b12eca1816bb02551efe10674a00eb8d","0;17;18;24;34;44;294;301;308"
572,-0.651537,-0.376534,1.744940,"39876bef5483eb7b5541ffc671e9b46078aa16acd9bb2d9ffaeda7c03f8af0a8","0;17;18;24;34;44;294;301;308;312;315"
578,-0.081939,-0.267438,1.990458,"a67ce09546728e0213e692b3a13ed78e5ffdb3832cd6edea0406dfb3a7fd1cd4","0;17;18;24;34;308;312;315;319;322;324"
579,-0.349215,-0.232861,1.748123,"7e4cd63cc9385e12a186ec886fe703df06f4ecea4c4792a8b3f1441ba2f52a1c","0;17;18;24;34;301;308;312;315;319;322"
580,0.260817,0.166810,1.364743,"848c1bf3b4afa3f61e215a56f5c32840712b021833b8193fcc86bf40980801a8","0;17;18;312;315;319;322"
581,0.154545,0.114912,1.427945,"189d1ffe348653b2a44cee45f7672050c4728c4a29a9513fe3f722501a8b681b","0;17;18;24;308;315;324"
584,0.014815,0.305098,1.034914,"20a419cbdded914b5e716d1896f16820d91a1210133a7a974f9c127fd04ad5a2","0;17;18;24"
585,0.086793,0.313484,1.329347,"829f7a99f692be671e455eb7acea2640f72b8385769817ff2e371ec39448adcf","0;17;24;308"
591,-0.430959,-0.094458,1.360574,"48bab3ba65ecb1523a1f5839bcfd7008a33bb711127882e14df77aebc64407ab","0;17;18;24;34;44;294;308;312;315"
594,-0.089008,-0.287985,2.130545,"a62fe497f43bea0216af1bfbc16ed7cf5fee97bdb4d04d8a0c16efb186fd1cd4","0;17;18;24;34;308;312;315;319;322;324"
600,-0.304233,0.209057,0.972466,"0f36e4a172337a1a27e54befc92e9b8a1f85eba58d905ddc86478b87ade71b54","0;17;18;24;44;301;312"
603,-0.061220,0.302593,1.080820,"bd5d6b467c77c7f850eafd4e537dbf2158c4156ee9b778ae73c9a5b46bfb72f3","0;17;18;24;34"
605,-0.097615,0.308954,1.159097,"23db8599fc97a6bedf49d864f4f0b4e4dc6a3e5dc7aa53f52c3ebfdad81cf19d","0;17;18;24;34;301"
607,0.399930,0.239782,1.378038,"59d5cdaf2c584cbe3b719aedff2698f3d7c7fc45eb58fdb1a4f77eb43cda1579","0;17;18;312;315;319;322;324"
609,0.129615,0.295394,1.316716,"02966a9b53f0b8673c475fb7acae2640ef3bb381169c32d7c7379acb9504addf","0;18;24;308;312;315"
610,0.043343,0.302437,1.395453,"408d18aad48f37b716256e07f7632a40d02b02745238193feda52744980a810a","0;17;18;24;308;312;315"
613,1.163388,-0.023567,3.749943,"3694ed9caf775ccf9fff98bf2e3c771befd7fda5fc6b73dabb56ddb7f57cf45f","0;17;322"
615,-0.538629,-0.113126,1.228293,"5d3a78e1365e7bb86decb7a6db5fdb7076d5fffe99d0fdccdfdf2fc5a7a76f71","0;17;18;24;34;44;294;301;308;312;315"
618,-0.105094,0.248839,1.453519,"7391d1efef0cfdfd3b7b715e5c3b4c54f78f372dd3139bd3bdbe5ffe194ac3b3","0;17;24;34;312;315;319;322"
619,-0.155678,0.315178,1.113888,"5832b860a979119eebbfb4398ebfc31e879fed101a6fa2c0dbd574ffc2c9876b","0;17;18;24;34"
622,-0.271860,0.290600,1.138965,"e1cc5864604c4fb66942a40c3f17133786c3544eeb0eb06ff3fb54384a916a78","0;17;18"
624,-0.311994,-0.067948,1.496158,"c8485be5228c7912ad026640bf13817026355d0800948048c6f9320022812329","0;17;18;24;34;301;308;315;322"
625,-0.258597,-0.126152,1.718242,"78b97868b9d9505f232cbc292b9747949abac5501a2bd09dfbdd057b73844e5b","0;17;18;24;34;301;308;312;315;319;322;324"
639,-0.215987,0.257039,1.219545,"f27bf4146b501ccdabbeb0bd2ccec79f86f5edc36c47aae1b2504dbb03348f5f","0;17;18;24;34;301;308;312"
645,-0.348737,-0.222080,1.745914,"f8d57d7e495e55bfb156a71d7b770a7331d6f9a86d0fff1ff3eb54117bf4e67a","0;18;24;34;301;308;312;315;319;322"
650,-0.652896,0.037348,1.612541,"cd57beb7a636b7b7b8d20fd5dd770b4b3746e82ef5f1b92aebeb7704eaf3a9db","0;17;34;44;294;301"
653,0.938311,0.113460,3.214755,"05efd3c3f4c9afd75e817842bdebf8207b6b12dc53ba8ce37c1caf689d9af3a0","0;17;18"
657,-0.140814,-0.205501,1.724180,"651b168c3d939268cdccd327ced827c4de65ee63442342fc9070031b1e2f2957","0;17;18;34;301;308;312;315;319;322"
659,-0.055708,0.307599,1.449803,"a9e92df9bc8d4fbf16791458b307d064cd4a7f5cfb4c6bb7efdfb5fc1298d0a9","0;17;18;308"
661,-0.121091,0.229647,1.587949,"32c741e3f40bec6d5da5fbebe3489d047b8b07b14ab24ddebcdcbe94fd9af489","0;17;18;24;34;308;312;315;319;322"
662,-0.440218,-0.148722,1.522069,"9cfa9471ab2d459837b60614cfc3cbdd374cec5a4ad4db11cad34534baf50c30","0;17;18;24;34;44;301;308;312;315;319"
663,-0.515548,-0.174377,1.592159,"afbae41bc9fdb5cadf5ff59da8cc7eafcd2af317b66efef30f1a54fbd35dd6d6","0;18;24;34;44;294;301;312;315"
678,0.245222,0.286503,1.328781,"6461d842ec4dd3d8cbf8b50cd6d94d1a98c84e7a4b63da30da99253cc8bb4a92","0;17;18"
681,0.044044,0.308322,1.412877,"90cd18ab148747bc14044e05f75322405068046a6ab8183fe9e52544389a80aa","17;18;24;308"
684,0.086281,0.050649,1.474039,"452488b3842f79083af30b1dd7f95b4ab14c791f1e54db02cd87db74886b1b52","0;18;24;308;312;315;319;322;324"
687,0.289179,0.292227,1.314243,"58bd9fe5b06a5eb734a74e95ff63005033ffbda078d8192febe73f81aef08d1a","0;17;18;312"
693,-0.436953,0.274747,1.036343,"283afa2870f95353760d7c2dafc8c210922a8610863ac633cec52069f0824ecb","0;17;18;24;44;294;301"
698,-0.432392,-0.094541,1.362330,"68bcafb46dedf907ba1f7819bdbd500b89377711327ed2634d337aa8c54857ea","0;17;18;24;34;44;294;301;308;312;315"
699,-0.527005,-0.122789,1.240615,"78d93aec3d5e5a74e5ccf600bf9f32f0c8fcff68c8abf08df3f9a219029e7c5a","0;17;24;34;44;294;301;308;312"
701,-0.063188,0.097849,1.640983,"0c9d9df7a26237b7369b4f30fd37486b2357399233d83b22eda77e40a050a53b","0;17;18;24;34;308;312;315;319;322;324"
703,0.248824,0.288726,1.364399,"757f7946fc0fc7fc49e8b84e5378dd329cc4446ec923f82abbdc253c6dfbd2b5","0;17;18;312"
704,-0.238420,0.251872,1.218643,"0f78aff38a443b98a6d4468771f7636a655f39dc83d8bb204fadafc0aaf32472","0;17;18;24;34;301;308"
712,0.129764,0.300450,1.322296,"12872ebfb2f2b867bc4ddfb3adee3a40ee3b9f85168925f5e365bac39444addb","0;17;18;24;308"
716,-0.433428,-0.151770,1.507414,"523ed041d2ab3a073fe36aff4c22c75437af6a94a69c855a3e2e1502afc4c30f","0;17;18;34;44;301;308;312;315;319"
717,-0.510700,-0.241914,1.673802,"ee3cf6d4ef78b40f8bfbb63e0cbcc7af8f57ff11876fe2c01e7a57bbcf7ccd5f","0;18;24;34;44;294;301;308;312;315"
719,0.209069,0.261875,1.276124,"2980a1eb3de74b585649d956d34138e0d9880e9c9bb67b97c5fdb2449a8b70f0","0;17;18;312;315"
724,-0.284679,0.304635,1.195988,"bd856541d55e6c397178f7105b2f9cb5798434acfdb8798e6ffac54463a6f064","0;17;18;34"
725,-0.291711,0.274729,1.030040,"0f3e9325e22ebe5238ea78dddd2ed1bbb77f5537a5d494ca847e6fa4ccf50b95","0;17;18;24;34;44;301"
735,-0.304193,-0.071192,1.415374,"c828535441fce006e903e618ab0215be28a2cc080dacb06217fc1203cb4567ae","0;17;18;24;34;301;308;312;315;319"
736,-0.252321,-0.126893,1.663745,"c3df7f1f629abf37b8465ee5ed4e86552677b567e594356f26327a822df4a3dd","0;17;34;301;308;312;315;319"
740,0.088908,0.304932,1.308425,"d34d07bf0946ad279c02c2d2fc3621e7e4773bef69cd13efa1b2de821c30b13c","0;17;18;24"
745,0.766130,0.089966,2.663578,"89ef5799f5dbecf7de5170d2bdc3b8a57b2a8278f3fc04ff2cd1a7603f8cf9a8","0;17;18;315;319;322"
748,-0.172512,0.293373,1.129040,"367e7a5a4ff197cedb1eb42b2add6f1d89fac742ee673aff735315bbf35d7ecf","0;18;24;34"
779,0.017039,0.306781,1.032719,"288d39f9ddc5556f57054c02b6992060c93a83005a2a72b7efd5966b1008f4aa","17;18;24"
784,-0.294901,0.277749,1.053942,"f77bfe4d621a7ff031e674ff591f973336e555eee4d7ad6a766b65846fb54ad5","17;18;24;34;44;301"
786,-0.257165,0.287675,1.008151,"a15d2ee75486ebf445c0f64673191723c8e257fda9fa71ec67b986004d9a70a8","17;18;34;301"
788,-0.320469,0.219434,1.012016,"764b2fec09574f6885c4c68b41cf33957cf5f9e74887348cb3e3cb9923b72670","17;24;44;301;308"
769,-0.348975,0.283492,0.942825,"d4727b6532464b3870ece7a4d3478b7036d44ceae996ed0cc1a1218460a32671","17;18;34;301"
766,-0.327256,0.268542,0.953035,"4c28917069ed0142abbba0489ed741be8539e8100347f2509d94113ac2200722","0;17;18;24;34;44;294;301"
853,-0.337471,0.260467,1.171577,"6cdb98fae8949eb88e18f065f4dac9d0dd7bbfd2cb42cab1aef5aeda1833281b","17;18;301"
860,0.043392,0.334251,1.293653,"37166dabae23cb78545fd9f7516cbf2b7f8217afade66f9d500eeb94f5ef74f5","17;18;312"
861,-0.242253,0.272638,1.200408,"3d5135fb852e549d575267135f7729f9d192b12e59b45b91e7ebd404bafaf032","17;18;24"
2535,-0.580110,-0.142686,1.383034,"bd5676ed2d3ffffcf54af6465bfdbfe97cf4bfeeedb5739ef7ebe3847fff7cd1","0;18;34;44;294;308"
2545,-0.684104,-0.139486,1.043708,"fbdf62edfd1f7eff75eefea70b3f97f57fd6dfaefcbb658ef7ffe796e7fcfeff","44;62;282;294;301;308;312"
2546,-0.711454,0.342768,1.282942,"218cd35ff4efe7a77c636a10f27108645b6e320c33b8592f6dbe1440c84ad0a8","34;44;62;294;301"
2565,-0.241252,0.260097,1.582828,"22a36248f3d1ebc70b4d7caf088cf694fe8b8394963aa4d73e1c84efd786e6dd","17;34;312;322;324"
2568,-0.300415,0.259913,1.638774,"48b095e139ad5137af0b2a5cbe3340968537ed18130cd3d7cdf610728284872b","0;34;301"
2572,-0.253497,0.292284,1.807415,"790b6625349ee8376ded7e672b2896d4e8acac0d8cb825cd92ffb2806784784d","18;34;324"
2573,-0.610315,0.068539,1.390712,"5d943b78d3f6397770534f125df73a7177bf93b9b39e3cd67b6b3a44a744a7e3","34;44;301;312"
2583,-0.641102,0.088321,1.445080,"b09d10fe13e412ee3f0de8112efb2550e4b3a5002a2b12f7d3fd124bf241250b","34;44;294;308"
2585,-0.487484,-0.238799,1.631596,"cb9d3eb8abe41db79f5f0415bcbf225b87333d05f34d32d5f3fb7e8a1840a15b","34;44;294;312;315;319"
2591,-0.361841,0.219445,1.646847,"01a17b4d548ba1677e017a02b0a8b460782a028893ba345d3d2c92405508f5ac","0;34;44"
2609,-0.616304,-0.230811,1.709309,"5e11bebd8f769903afdf8f13ccfe264ae537fb911441b3c0c373dadb926dad57","17;18;24;34;44;294;301;308"
2610,-0.586088,-0.285286,1.635141,"dabae650a3f57957b9ffb6b508be56bfa7b7fd91b4dfb0e25b5b5ee3e744ef5f","18;34;44;294;301;308"
2620,-0.412457,0.191392,1.683018,"435a859d2e98a838efd892e6ecc2d7ee66657e8dc745e7c98436fb9a1ea4097d","34;44;301;308;312;315"
2637,-0.199382,-0.249576,1.940806,"181756e5325a7a702dac7fe75f1f8b50369ddf62e0b105cef6ed228726a70f91","17;34;301;308;315;319;322"
2641,-0.389989,0.128023,1.755616,"79519de5cc0eec2d2ab8b24adf3350e368c57ce9597ad3c8bdabef044d3af928","34;44;322"
2647,-0.339707,-0.626817,1.957677,"9e4d74e3a6206e9661137e125b29956a6fc715dbf8bc0de2eefbf6c4a7d7f000","34;44;324"
2655,-0.414135,-0.439335,1.916253,"666ea6848d3fbac89ffe920fceac578eddcdef772c63cbea9d12cfbfc77f17ce","0;34;322"
4488,-0.433274,0.108607,-0.362325,"39cd6accd4d3cff7d400fe0231e9b56078ea17e8c8ab24bf73afa68877baf0a8","80;91;241;248;259;266;413;426;428"
4489,-0.439057,0.126789,-0.361879,"21993be8f5c5b3ef4e495802bc9d3460dc3b13d1d3ba12dd7d1d8e4a1d0af1bb","80;91;241;248;259;413;426"
1724,-0.605603,0.004102,0.926351,"df36c016ab3c7c93bbffb7fdcf26cfdfa7c7ec96ad54ef429ef375bfaa758a57","24;34;44;62;287;294;301"
1730,-0.619078,-0.004473,0.942663,"a9a89073c1ed608776336018b3d348b8910e70183bdcdb33cfdf51608a40ca82","34;44;308"
1733,-0.484297,0.301674,0.873783,"19eb696f72034f3874c05fe67341987036ac15eec9906d1f642da5803fa252f9","24;44;287"
1734,-0.734570,-0.081718,0.866898,"e5b49d63ac6f45996a7ba318d771483b9104783a3960f910cddb6574c86ad222","24;34;44;68;282;287;294;301"
1735,-0.734750,-0.083307,0.863846,"d8be9c77abe91187ab3fa639ee374a1b8777ed10324dcb21cbd35433c050870b","24;34;44;62;68;282;287;294;301;308"
1736,-0.600013,0.333626,0.884405,"d3362f9c7af7b97bbcceddf67cf6ae75f639ffa5b183b2dfb036ebce0826a7f5","24;34;44;62;287;294"
1739,-0.593109,0.330699,0.872379,"d2b7069c1bd2a169b4cec7a7e4c62a4570a8eaa165c7b64f9122eb8b29243776","24;44;62;287;294"
1412,0.185752,-0.115750,1.482824,"a3d9635c47d0aef4cd4874e228dcb5e56ae812eac5ba26fd3638c28a5fbd78bd","18;24;324"
1413,0.296421,0.297060,1.385231,"dc57dee5b02277bf34aa6e30d3f3a95b51762c7a78d4890eebaf6704a0f3e403","0;17;18;312;315;319;322;324"
1417,-0.428515,-0.091014,1.343375,"ee605454495855bcf9f225184ad7cfbf01d4e84a6947eac0177a512f42b54e26","0;18;44;294;301;308;312;315"
1418,-0.414945,-0.084607,1.297761,"5e2494b6092c1002abb38b19ceb341da8157e9000445db00d1f75b3b82750b02","18;24;34;44;301;308;315;319"
1419,0.182303,-0.098779,1.355578,"0b94bbd973f4b917bf4d5c34bcff2e64a73b9390b39832d74f373ac29240a5ff","17;18;24;324"
1422,0.073325,0.304764,1.359628,"129bc29ad291bef79f0558e72deeb6c47ebb97d5969b06ff38248ecbbf86a9dd","18;24;308;312;315;319;322"
1436,0.144962,0.264642,1.396851,"39ec51ed5d836ae9578070027bc331e47ba812ac6bbe4d9f3cee87243fae70a8","0;18;308;312;319;324"
1437,0.255344,0.160397,1.411960,"192c6ae106abe9533da25e82990bb3696aab17ad88b825dcc7cfba8027c871e8","18;24;308"
1445,0.221022,0.129287,1.408338,"0ddbece1ee13edb94ff114e6d92fde6f6fc537ded77aeff14edbefe4bfbff1f5","0;18;24;315;319;322;324"
1458,-0.110281,0.371577,1.604327,"28dc3fbe6fcdb7e6de4efc023ed92321e838c24167af32bf73f7522b501875ea","0;18;24;34"
1461,0.243138,0.229552,1.410534,"b5c60489dc37cefe56a6d8d7c168bbc559c20aafec264f9f34068f1cbdfdf8c4","17;18;24;308"
1951,-0.538231,0.273806,0.917460,"e1bcb973f8f972277f4b7738b67c90b88b3bfc113ffce33fef9f3451c048ce7b","34;44;287;294"
1969,-0.861489,-0.206663,1.108641,"0eb0f69bedddb949bf7ff717ccfe7edeefbfff9396fafbd09f73dbe7d60fadd7","24;44;62;287;294"
1980,-0.029679,0.161701,1.391391,"fdb5b1e3953f47b950ea1f5edb79d9a09dc6157ff9f879aaebcd25e4ebebd073","24;34;312;315;319"
1994,-0.320707,-0.070865,1.368899,"255df945e45fceb265e8fe48933d95b0dcdc7668cdb2718c27ffc5044dfb5ab4","24;34;44;301;322"
2006,-0.881760,-0.214589,1.137737,"ca10f69ffdffb849bf7bf732ccfe3efdffbfff81b4fffbf79f7bdbebd70dadd7","24;44;62;294"
2013,-0.061699,-0.149322,1.473996,"0b9661dde770bd3b1d4f5df6893e9ee47f9b97adf79e65c7667fbaca3fccadf5","24;34;308"
2016,-0.015147,-0.144979,1.526204,"3ca968685fd1d3c84704fc0b12dd6e10589883f05a2a6eb57b0d817d730f76c2","24;34;308"
2017,-0.073402,-0.036138,1.576198,"6ba1f0d8cdb9f8cf8bb1ac88bdf974bfcb9bf31d126bd6d05f595f3fd6cccaa8","0;24;312"
2020,-0.043647,-0.124530,1.592381,"18081aad248c61162406e600b7832150c028280848985309c3f1520130a8680a","24;34;308;319;322"
2022,-0.101644,0.171324,1.416142,"b64d43ee5d42ce685582fb026be93dc4f8fd1fe368b709eeb3fe8313377b7486","0;24;34;301;312;315"
2025,-0.464524,0.242960,1.315650,"08ff96bfadfdb5e78eff9c35aeb0a2868123ee0176e963b3e8d77e93925c9ddf","24;44;294;301;308;315"
2032,-0.116685,0.284039,1.447977,"49971344303e6f3368c87f6c7f7380f4b6665c2ef199b10ea0ef21804ae6eb31","24;34;308;312"
2034,-0.119490,0.281290,1.428029,"163eefe53272fb5229e69ae7492fd50a3ef5fdf788d1a5cad25cab85a7f52771","0;24;34;301;308;312;315;319"
2038,-0.416462,-0.127022,1.560363,"3c5eeeff8e6a5d9e10b6feb3532d235b6fd7b5a328f5692af1ab7485f5f9e47a","24;44;294;301"
2039,-0.143514,-0.107958,1.536121,"3e4950e9358b6ae00da0fa83cf0b35c0faa11fe34cb249fcbed98bc7378f7906","24;34;301;308;312;315"
2041,-0.196317,-0.054118,1.585543,"9b1170e967d578510d4cfcb38f1fb6e4ee9197a58c3634d5d7f9aa83378c6dd7","24;34;322;324"
2043,-0.197502,-0.053825,1.589543,"2b1272e875ddd9512d4c74a5bf9fb6b4ae9997858e3a30d5c7fd2a8357846fff","0;24;34;322;324"
2044,-0.114983,0.260041,1.494672,"17b1db81f62bbf793ae1fbf65cf2ec703fcd16bfd193bdc69c8c2be6ada3a3f1","24;34;308;312"
2061,-0.475771,-0.227178,1.565045,"ee18f5d4cd74f086cbf3b61a48bf65aec9d7f3101167fbe01f7ad53fc37dfcf6","0;24;34;44;294;301;308;312;315"
1480,0.037817,0.306206,1.403188,"a88771cbdd874f3f570d5d1260633c44598a03287a3a69976fbc824d328af4a8","18;24;308;312;315;322"
1489,0.181287,0.219396,1.419422,"67bfa214f390b6e65bcb787f28fcc6a4ed6ba295b6faaeef3e369fcbcb74efdf","18;24;324"
1493,-0.278513,-0.068934,1.406488,"58811bed128269312480ca02b783304072b57de84899914de5e1aa0020822128","17;18;24;301;308;315;319;322"
1496,-0.711825,-0.030174,1.293266,"2d575347e40f6f7d61487fee53619c347ece166ed9b26d4c36ac24846ffae2a5","18;24;34;44;287;294;301;308;312"
1506,-0.713003,0.234069,1.296657,"feac97be99f716efbfd38819cefe27bfd9f3fb037d4fdafebb76df3b9275bf46","18;24;34;44;62;287;294;301;308;312"
1513,0.061752,0.206280,1.419980,"a30c428e6d25ae6a9c42f8c7ac8a37c5ea839ba7652754ffb4348a1a1d7d31dc","18;24;308;319;322;324"
1523,-0.282502,-0.019839,1.451048,"0a5d33fc77d4b567ad0cca022cbf20c4e43b8380408b12ed33740a0b120425eb","17;18;24;34;308;315;319;322"
1526,-0.257969,-0.093451,1.468669,"22acfafbf4bbf9cf6f337c8329ff7e7cfbbb379c1abaebf15ffe9663f7caf6ae","18;34;301;308;319;322"
1527,0.503388,0.285244,1.584469,"1f5ac2a61336aa503dc043c74dca37cc76ed9bef859515ea906c8b802fb72994","0;18;312;315;319;322"
1528,-0.009230,0.177085,1.522503,"979d315695df97f4dfee340e6a7c3625b972da6af5693cff2b5e0577536cddf6","17;18;24;34;308;312"
1541,-0.073863,0.282651,1.430615,"3d094de93cabca7a0f20dac29b0b91606aa95ff99ba8459dcccdabf43da95080","18;34;301;308;315;322;324"
1548,0.041170,-0.084270,1.592509,"3527e941bc2feadc47a1bf4e5329d52638cc4e789b70cd9a7ecda574efeb5220","0;18;24;319;322;324"
1550,-0.052722,0.145614,1.433895,"d8d32fa72ccc3ff484ccd6e7fdc7abc376f7bfe7e99d3beff0e1ae802a9e2579","17;18;34;301"
1556,-0.052011,0.132560,1.470534,"37be68e9f6b2bafa5e4cf8e758ccf640ffc917b5df2b0dd61e2dabeefd2b78d7","18;24;301;319"
1565,-0.053139,-0.061585,1.465188,"ca98169ecbd4b465e95263106cf62cffe137ea00654f9af71172524b1a242f8e","18;24;34"
1566,-0.051010,-0.146269,1.570445,"b2cb6ade5fd196659304f4ab20cc364448ea83c34e2b26ff327584bb771efcce","18;34;308;319"
1569,-0.089126,0.310942,1.563856,"9e0f2fed48266b58b4cedfc651e7b1ef7cfd3ffea9d33fecd5ebeb80a3f324f0","18;34;308;312"
1571,-0.057170,0.123717,1.530424,"2178fc45643fe5526beafe4e3e38d73eaaec761d85f2f5e8167f6590cdfd53dd","18;34;308;315;319;322"
1575,-0.069019,0.000883,1.496802,"23a50b9adde5a84f8e51681b30dc7424e9ab139d173bb2f3151c9a69d148f3ce","17;18;24;34;312"
1583,-0.099142,0.245610,1.455959,"db5b7efc2e165d35ad5a96e7ff6fb677e6f5fdefeccd27edf2fbea932fb4b95d","18;24;34;301;308;312;315;319;324"
1587,-0.132463,-0.040806,1.543100,"03ab1fb9fc85b9f79e195872bc9bf040cf3b3711931802f52c1cbeea9c08a1a9","18;34;301;308;312;315;319;322;324"
1588,-0.132218,-0.042186,1.516405,"81ab1fbbfc85adff9e195856bcd3f040c72b321d735802f56c903ee89c88a1a9","18;24;34;301;308;312;315;319;322;324"
1608,-0.629895,0.051740,1.455649,"0293345b8be1b1ae8f156c20ec332c4ec313ab00122873f54d365a4fd24285af","18;24;34"
1614,-0.496538,-0.189347,1.570617,"2569e1414c1fcacc53e0b4ce1308d7bc19ec52de8d72fd182e0c8534efbf5aec","18;24;294;301;308;315;319"
1626,-0.467454,-0.280094,1.599446,"9d5ffff5a02e5f3030ca56f5d73f937b367515eee9d4350ee2eb6d80acf10771","18;34;44;294;301"
1637,-0.549453,-0.314411,1.631491,"bf76e545ed7fdf9873feb7fc4a7ddfbf1fc4f43ead76edca0e5b65b6effd5a75","18;24;44;294;301"
1642,-0.468037,0.230367,1.488073,"8b9dbadef7f5bbf29b6f7d133cbf3624ef7b938fb63b38ff7b5f1aeb974dadf7","18;24;34;44;294;301;308;312;315"
1644,-0.607662,-0.298995,1.697044,"4ab4a69aebf1b8cfbb5f15bfacfe7e8faf33ff91b64fbaf31f57dfeb8745afdf","18;34;44;301;312"
1647,-0.333536,-0.217961,1.720091,"88de5c3daa7b3cbfb43656b1a537828b0717a62064dc431546e3748336f0898b","18;24;301;308;315;319"
1649,-0.379431,-0.342960,1.678928,"69353165ed5d453761edbc0caa3156b4c886d408c96af18cefdd34334bccda7e","18;24;34;44;301"
1653,-0.367158,-0.351138,1.722353,"cb50f6ed211c7c1669ca7664bf1f97fea675fd4ca594b1cbe7f972832ef46b7d","18;24;34;44;301;308;312;315;319;322"
1654,-0.593038,0.082544,1.676955,"250d684f54bfe36854405d06f0c9b764582a126f93b87dff660c80005d8b588c","0;18;294"
1655,-0.331419,-0.285104,1.764847,"21a56f6530cf6d3770edfa2db33590110ca65d0c79f8f10fe6bf349048c8c258","17;18;24;34;44;301;308;312;319;322;324"
813,-0.156614,0.318244,1.114169,"fd18bd642c6e4330e0eab6085735913b00f47c6a6965f108d3eb611468a95663","17;18;24;34;301"
816,-0.550435,-0.120769,1.141577,"6eb8fcfdfd7fd8c81fbfb51bccff4f1bfffdff913a67fbfddfdbdfff976d4fd3","17;18;24;34;44;301;308;312"
822,-0.621516,-0.127353,1.088447,"8a7c7eff6dddfbf8cfeefc23efdd7722fff1ffe7c237eafbd7ddabab57bf75fb","17;18;24;34;44;62;287;294;301;308;312"
2066,-0.663547,0.236559,1.532670,"3edea29abdd5d7fe975fdc2668ecba44f9cbb7e3c3232af7bb57afaf1f5fb4d7","24;34;44"
2070,-0.642004,0.038630,1.593781,"92f8a8b11d879a8e96258217959b4240cd097b953e0c51b3cdc59f7598099952","0;24;294;308"
2076,-0.408331,-0.378191,1.835705,"7b79f2e5353cf81669cc7e0daf1d17b6aee7dd5d8cb8b1e8c7fd1283e7d74bcf","24;34;301;308;312;315;319"
2077,-0.418662,0.247070,1.567943,"2eab8a9af8c9aac99e5d51bfe0ccee08dd7ba35356430ae14c16bfe9940dbdd0","17;24;34;44;301;319"
2083,-0.381655,0.256427,1.630218,"b8487347475ba76855a4708a6b0d35843af8826b40353cbb33c8413177bb55ea","24;34;301;308;312"
2097,-0.621427,0.084368,1.730840,"1bd408ab3fd152ac07619da2f75cbae451189e630f005fbfa2d58bfb3e1e181e","24;34;294"
2107,-0.448299,0.183373,1.500455,"a83693ac5de9504e870df8392e9d6090c89be7111e2bc2b797d5107bd20c4ecb","0;24;312"
2108,-0.431522,0.117025,1.693183,"a55f4b895685a3d84448f86630d0bd207ca812efc3371c7f740cabac5d1b73b1","24;34;44;301;308"
2109,-0.448641,0.125784,1.761485,"29103aca7096b858324975603c93b270fea9179c869a24dd566dbac81a862ba1","24;34;308;312"
2113,-0.303825,0.141630,1.615697,"b2526eac7816585c1d4cd6bf278b3650fead37c5ac9f13dfd2f3ba921d8c38db","24;34;301;324"
2117,-0.338075,-0.438941,2.007861,"97a2ea99cc9fe8c87ee7d3d780c8ff48fd8d7e95a6f7cfd21c08bfe4cd0d79c4","0;24;301;308;322;324"
2119,-0.322338,-0.693168,2.139243,"4280b49c6d91b8288b9c940becca76869e319fb1004302dd1c12cbbf162c2dc7","17;24;34;324"
2130,-0.332325,-0.608688,2.116431,"478e90947c10b8eb9a9a1047ecea7b038f611fa5e6498acf0c16dfae9424298d","24;34;324"
2703,-0.519711,0.310307,0.616507,"0bb66b4173777afa2d687ce5583f97b4b619d7ef85983dff475f21c64f872afd","44;62;282"
2708,-0.553356,0.315466,0.622370,"7730ad224a6d5b582af48d8d57465b3a3ec5557f8903fe00d18969bce17307f2","44;62;282"
2712,-0.814779,0.251605,0.427757,"9a006d65226a6b103de44690db2d947032dd3dad09d0750ec6ff888424f05470","44;62;68;80;275;282"
2716,-0.425715,0.309339,0.735597,"78e148ac328a5b3520a4ce8997c3025052ac597c5a9ad50cfae5847924829652","44;62;287"
2721,-0.829831,0.207289,0.529952,"2921796534cf633569282e08b3118430b03c5c68c1b8f11de7d92170408242a8","44;62;68;275;282;287"
2723,-0.750611,0.193413,0.479188,"443e9c35a82a109ebabfb2fdd723431b87d76d112845cb00cca37db5c8710b13","44;62;68;275;282;287;294;301"
2724,-0.749322,0.191923,0.478343,"49b13b6130cc711b2b696e08bed74070b23c7d181398b355cddc21420202077b","44;62;68;275;282;287;294"
2728,-0.846952,0.190549,0.403215,"7a27660c5d1be66aedb6fe0f6ae897d779e4ee2dece3cfcf3672451f47ee76cc","44;68;80;266;282;287"
2729,-0.769276,0.196786,0.496182,"49b9bf35a9cc7197aaf90e0cfef74272a3777c1c93d8bb00cdff75508840877b","44;62;68;275;282;287;294"
1683,-0.588660,0.259359,0.760478,"5d6e8567300f46b420aaba68f321913010e44c6ee9b0c92ea4cf259068b34229","24;34;44;62;282;287;294"
1763,-0.682535,-0.116014,0.979153,"786e4c4715da673470aeff4cfb01929478e44c6a69b4e12fe6afa0116b93de28","24;34;294"
1767,-0.711202,-0.120427,1.017010,"ed7f7e67b47ef7b0e8ce7fecfb7d9fb7dc7ee66eedb0fdae66f927824bffcef5","24;34;44"
1769,-0.734964,-0.127977,1.052567,"5fd77a66b55e7ff87dcc7faddffdbfb4bedfdd67cdb1bdeefbfd25876effcf77","24;34;44;62;282"
1773,-0.677982,-0.123551,1.005231,"4fdd7efafddc7fbaaf5c7ea5efffb77487f3fdcfc709baffffff2fcb3ef7ed77","24;34;44;62;287;294;301;308"
1775,-0.678796,-0.121709,0.972272,"5ef57e66a75efff8adccffaffbfd9fa6befffd67cca1beedfbf9ed9367ffdf77","24;34;44;62"
1780,-0.750493,-0.136813,0.929751,"6da1d14ffc4b450d5b297128d3118cb51a0c44385b30e9182ef82534528ac2a5","24;34;44;62;68;282;287;294"
1783,-0.732688,-0.135694,0.915373,"7ff0ee727bddd998ab7d97bf4bdcdebebf91dd958f67fed5db5fb9ffef875e77","24;34;62;282;287;294;301;308"
1791,-0.439790,0.305822,0.987556,"27e861484cd1eac84e70b1c281ccd52c588852ffcf266e501c188b7c550b72a4","24;34;294"
1792,-0.453443,0.314467,1.018371,"8dc31c9baa103cbd3e1b57f5cd63ea4b374baefef6540f75eef37fc5bed5a985","24;34;44"
1795,-0.705965,-0.131897,1.010284,"af79f8f72d5f5ff0dbecf7adebbddfb79efff54fcdf2fde8e7fb65b36fbfdeff","24;34;44;62;294"
1798,-0.676742,-0.123513,0.976091,"5b9d72ecb5de5ff7adccfea7efffb7f4feffdde3ddabb0fefbfdaf8b57f6ff7f","24;34;44;62;287;294;308"
1800,-0.624778,-0.099708,0.981756,"2abd72fafff5bdf79b5f7d3dacfffea4cf3bf791f76bfaf76fdfbeebd6c4afff","24;34;62;287;308"
1807,-0.759850,-0.144840,1.031952,"687f7a66fd59dff589ecbcad7fedb2909ef7df6fdc2bf0aefbdd24b946fededb","24;34;44;62;287;294;301;308"
1809,-0.735622,-0.141014,1.001318,"7ab77aeeff5ddf73a94cbdaf6fed3e94be33df27d52b308ff3fd20bb67eecfdf","24;34;44;62;282;287;294;301;308"
1823,-0.523432,0.307333,1.022367,"716c7a485dbf5342e124ec08029817b488a4c0780c33743e3bfd017bc30b4e66","24;34;44;294"
1826,-0.808663,-0.182782,0.972427,"bbb57c71b5565d3f7bfc76373b3dd7b5ffdf95bdfffcf9de6bd9f5e7efd4feff","24;34;44;62;68;282;294;308"
1833,-0.575424,0.325410,1.061219,"6d109c67a87e551963fbaf6cd775cb7e0554fc3a9d40fb00cff765b4eaf24a11","24;34;294"
1834,-0.199310,0.246534,1.139289,"c3349455a93c541ffbfba25c8e3247ff85477c0cb54cf3408eba543e88608b0d","24;34;312;315"
1836,-0.001962,0.291553,1.113841,"534db7d692e62d47b4c34a027cb7216e64ff3b881199b06ab1aede008172a128","0;17;24"
961,-0.667122,0.354968,1.334819,"71f9fe3ccb9c54e7e114ac0d2fba4212a6e3f945cc6bb221f3f9543b6136eaca","17;18;44"
962,-0.612431,0.325700,1.228608,"70ebfe2c4b8c5567e994ac0d2fbb6212a2e36d454c6bb221f3c9443b6112e7cb","17;18;24;34"
968,0.201168,-0.186733,1.443768,"02997bb8fec1ade78e4158e7bd9f3440e23b13c1531816f56d30aae81c08a5fa","0;17;18;24;308;315;319;322;324"
969,0.203204,-0.188549,1.453178,"88d913b936c0aff61c0050e2bd87b040723b17c9439812f5e4a1aac03c98a1b8","17;18;24;308;312;315;319;322;324"
972,0.209977,-0.192021,1.540591,"da5236f724047d34351ed6125d17294f67943f4ee89401c2d7fafa802ab83439","17;24;312;315;319;322"
973,0.294463,0.087546,1.376862,"1e5977f037d550d0cd7cb6679edfae2ceeb19f539fa130d4f3d923d3b39dc577","17;18;322"
974,-0.701982,0.242822,1.271334,"d76403be99f79e6bbdc2c91bccfe3df4f9ebfba76d479adeb1768f3b1277bb46","17;18;24;34;44;62;287;294;301;308;312"
975,0.382748,0.287871,1.401831,"462897dbcdeca9caae13831294de496aebdf7b911345dbf19d36da689051a3a2","17;18;315"
977,0.279709,0.087791,1.407754,"42a916987dc9e907af159400ac8a64c6e223df19422932d185b01a7b1408858f","0;17;18;319;324"
980,0.298082,-0.176543,1.402462,"f47e9d63ac2b479876be9360d361c90b53d46c7a28556922f886e594a4f3d621","0;17;18;315;319;322;324"
981,-0.710584,0.246247,1.287459,"576103a41b162e68adc0d3c7ccce3dc4feedffe7cd839eceb0748b9e0f372bd4","17;18;24;287;294;301;308"
983,0.168125,-0.040414,1.429451,"1ccd62ed979eeef55d04fe861b0930607ee417efe8b934eef7ed86007fbef1b8","0;17;18;24;322;324"
985,-0.663904,-0.032081,1.192860,"3d517147744e6f3865e87742531595347edc566ac9b07d0c67a8a5846fbb42b1","17;287;301;308"
987,0.236769,-0.000940,1.441438,"099f12b9f7b5bd578c0b5e46bcb3e2c4e72b1298539832f1edd5bec09a5ca9ab","17;18;24;308;319"
992,-0.498653,0.240948,1.275424,"a2f77f5e6addbd75dd4cf42dbeddb6318e33d701e72f62df665924bb578cc7ff","17;18;24;44;294;301;308;312"
993,0.299866,-0.181945,1.427273,"bdcc043d9d2ec7afb8a2a810d7331153c166592b690d593ee9eecf349870d38a","17;18;312;315;319;322;324"
995,0.301056,0.243445,1.510784,"87fa68b97e959bd81f7f15b79dcefa68df1997d5a7167cd3ce15bbf49c8d1df1","17;18;312;322"
1001,0.217132,0.125779,1.356981,"41296df7e4abec336ca05aceb329d12b6aae37cd91f8c5ec4488faa025c951a8","17;18;24;308"
1002,0.296583,0.237805,1.495447,"c6819e92ca41b5e98e17c13374fe684bfb9b23b372478a5159024f6f914aa583","17;18;312;315;319;322;324"
1005,0.262312,0.172558,1.406153,"189d17e9948f273704a04a40f73320c0323b0a685198113ce9c72f40388aa128","17;18;312;315;319;322;324"
1009,0.157610,-0.018538,1.415545,"3c8d7aed94026ff94400ff025363b84078d60eea58bb69bffaefa34437abf820","0;17;18;24;315"
1010,0.239876,0.162256,1.421747,"cb9939f122943937ad7916f4bd1fc264c633bf8cd39821f5c6d93ac00e848579","0;17;18;24;312"
1015,0.216326,0.128514,1.374107,"712f69e5442be9324de0beceb309d5236ae65fedc978e5dcd689abb42de95028","17;18;24;308;322"
1018,0.167999,0.113015,1.434133,"ae997af0e487fb711d6875321ddfb420feb997fef0ba28d6dfd9a3e45789e3f1","0;17;18;24;324"
1023,0.167353,0.041033,1.380494,"61890cbc2c8d5e3185f8820df7e91243c0e67d4fcc4bd3bde1f9cd38082c581a","0;17;18;24;308;312;315;319;322;324"
1024,0.160712,-0.024326,1.459255,"d8d917ad04066f352c00e242be1320d1e0a53deb59b911cdf1b88a000802a128","0;17;18;24;312;315;319;324"
1306,-0.344317,0.278812,0.933440,"7c446f64006e4910e0aeaf08535711725cb47daa8885700cd3a9e11062a34662","17;18;24;34;301"
801,-0.566885,-0.029928,1.098152,"1960ed73f40e69947461f782db0798797ecc76dc99f8752cc7ebf240ef9bc2a0","17;18;62;301"
802,-0.523728,0.314256,1.035695,"44389a6409ad7302bbaea708b6b3411ca1366c181029904addbe1130c8614732","17;18;24;34;44;294;301"
803,-0.200303,0.317005,1.084363,"f3ad02b89b955eefbb05a81d2eca26d4f8abcdc57e0b92ffb1d41a3b1004ab4e","0;17;18;24;34;301"
805,-0.315433,0.267103,1.043461,"4436fd61a43bb19a7bff3ffdda7cdf0a9756ed1194f0ef02ce5e75f6c4fdd7f7","17;18;34;44"
808,-0.619680,-0.029796,1.351087,"0310ac99433eb8137e7346979cbe566ce70fbb8d97dc77d1063edac28e042994","17;18;24;34;44;312;315"
809,-0.151876,0.309975,1.063441,"21df5945740eef376ce87a44f3219470164e166ec1b8650d64af24804ca2d2a9","18;24;301"
1331,-0.310956,0.221555,1.016281,"15fb0105128b2bb02eec42ccd3c2c114346c6ceec390fd3d84a423b428a30370","17;18;301;308;312;315;319"
1333,-0.140723,0.304924,1.031703,"4a32deb0aa383816a9ffb6fd8dafca9ba735ed14944582c0c2d37abf8ef48f53","18;24;34"
1348,-0.641864,-0.133028,1.122099,"ca3cf6fd6d7ff85a9ffef61fecfe374beffdffa1a467f3da97fbdbbf967d65d7","18;24;34;44;62;287;294;301;308;312"
1353,-0.617643,-0.120428,1.120660,"7bf9f4ee7dd7dafd8bfdbc2f6eff4eb6ffd5ff55c76bfbffbbdd0fff560e6bdf","17;18;24;34;44;294;301;308"
1355,-0.617988,-0.119981,1.189926,"6ab4f0ec7ffc785b3f6dfe3baede5674febfff91930bf3d397fd0adb068c275f","17;18;24;34;44;294;308;312"
1358,-0.323105,0.279699,1.139488,"53db3bec72d63f792c4c5ce47cdfba70f63917efc193305df32d2a8a14a2a7fb","18;24;34;44;301;308;312"
1359,-0.230200,0.268856,1.170660,"904f6ffd34c26937344c56e23307b0616cba17e9e99c250fe4a9a28035887479","18;34;301"
1365,-0.611295,-0.113587,1.163215,"7bb9b2e53fdd5a512fedde2b2e9f46f6eeffff959e9bf3c19bfd8fd3272e3f5f","24;34;44;62;308"
1367,0.165691,0.282637,1.260916,"ed513d652c5f47396ce8b66cd21483319c147c6ae9b0710ce5fb619448285671","18;24;308;315;322"
1372,-0.085352,0.316446,1.234001,"4a0cb7de4ff2bc63bd96ce026cfe25efe177fb8120ddbaed1f72df03a37c25ee","18;24;301;308;312"
1376,-0.337471,0.253198,1.181655,"1681d686c3263ee8a9164b834de7295837dd23e600911ee15326cf04a3f72790","18;34;44;301;308"
1748,-0.306646,0.249992,0.889510,"a1335a667af93050e90835683e93c733a6bbc6402773a249d69920ab48004b8b","24;34;44;294"
1751,-0.674572,-0.095657,0.909876,"cdbce85bf2f8af9f76e75fb4e9e7dbfc176eee9cb794ff336e4fb7a9aef79ff5","24;44;62;282;287;294;301;308"
1752,-0.565848,-0.022073,0.880599,"79a4de05577be02f74a3ee084a2006b539ee6a2c2df8e54c1eae55016320ca8c","24;34;301"
1753,-0.603756,-0.026164,0.945468,"18ade61517bab46774a56e026b2806b53aeeea2034f9054d1e6357036764ee8e","24;34;44"
1298,-0.088166,0.311517,0.948801,"b1df6bfe7e83cff4d440fce633cdb6607eea17efebab2ebf72cdae887d9b70f9","18;24;34"
3993,-0.564111,0.052836,-0.109519,"5a32fff96afc7957ab5fb6bdbdbf865ba797ff84824fa2c1d7fb7abb86c427fb","68;80;91;248;259;266;275;282;413"
3996,-0.583211,0.036346,-0.112284,"80acc79fdaa3a8eb9e13c2d2f5e220497beb2a9132da4f7f2c26df409540a188","68;80;91;248;259;266;275"
3998,-0.569632,0.034601,-0.117201,"018605999eaba0eb163342d2f1618849790e2a3c32dc4f1d0c82f354b0c8d1a0","68;80;248;259;266;275;413"
4004,-0.572425,0.035890,-0.112865,"02ae63db52a3aae73f03d0d368ee3465ffbb1390a2df0cff3d3e9fc29580a7bc","68;80;91;248;259;266;275;282;413"
4007,-0.580476,0.037028,-0.109196,"dabaf2da63f0b9c63f46f6bb2defe6bc7ffbb780225faef31ff79babe7c42fff","68;80;266;275;413"
4008,-0.581156,0.008794,-0.128192,"84ed86bfbc0bbeec3eb3dad1f7e209937f7efe6266f9cbbffce767b5ccfb9992","68;80;91;241;275"
4010,-0.508640,0.174307,-0.003534,"4b32b2b8ab34385aae59d6f59cb6e2eae717ff948543b7c0da737a8a9ac42bd5","68;80;266;275;413"
4013,-0.581278,0.026050,-0.109594,"23ace55bec9dc8df5f1bf058e268dc2ccd6a7619bf6e7ff70e5ad7faddd8d28c","68;80;91;259;266;275;413"
4016,-0.511691,0.174979,-0.001911,"5b38b7312b341812af59d2f5cebed6ffa797fd858fd1a3c19af97a828ec42955","68;80;259;266;275"
4017,-0.512235,0.175285,-0.001325,"d1b93f71b20ea9b23c09f274d43780f0b7d77d8981d8d175d5ab6ac00820a121","68;80;259;266;275"
4018,-0.510658,0.175713,0.007747,"38323cf1348f5136363cf62df33d0210dc9ad5108afa411dcbcb31d1e0885e5b","68;80;259;266;275;413"
4019,-0.510141,0.175720,0.007699,"28b2fc79f8cf51de163df429139dc210dd9ed5108afae3114fcd31f1618856fb","68;80;259;266;413"
4020,-0.584128,0.025784,-0.109591,"a0a08599ccabe0cb5e33605ac4e05809790e6a1932fccf510c025774d548d180","68;80;248;266;275"
4021,-0.512127,0.177050,0.008828,"303e6c7928cf5152576cfc29535d1610ddbcf5018af2691d43eb21b1618856f3","68;80;275;413"
4022,-0.510367,0.185178,0.014144,"ffd1e454895c4cade3f2a5184a9c5ebfc9d4fcc2cd67fe8093fad53f4bb4ca14","68;80;413"
4026,-0.585136,0.021253,-0.106088,"e8b0bdfbed6d519f577f3518fef5481bc15a7f183a6efb31cffb757cd2c8d66b","68;91;266;282;413"
4033,-0.602871,-0.045621,-0.126612,"6ab9bcba89ed14878b37ac19aebf429a89f3e9111e4bdab1cbd75c7bd2548e4a","68;80;91"
4034,-0.582524,0.014591,-0.099059,"6320f470691cd850ab3ab0589b9ec43eaf957d888c47e2c097d8d2ba43804325","68;80;91;248;259;266;275;282;413"
4035,-0.593984,0.015005,-0.099902,"7220d4404d884848eb91a00803cb541fc88568900e63d2c093d8c13f61806a06","68;80;91;248;259;266;275;282;413"
4041,-0.582692,0.015220,-0.097404,"5830fd742a4c1118ebfab738df1fc23ba6d5fc108965bb00dbeb759960a00673","68;80;248;259;266;275;282;413"
4042,-0.604856,-0.046047,-0.118156,"b1ce4b2f60866ffc344a7ae67147b8317ee817eee9960d6f70aaaa802db262b9","68;80;91;241;248;259;266;275;282;413"
4043,-0.601366,-0.046147,-0.119563,"55554de584264f3824eafb44d373917374e45ceee9907d2ce1abe19028f36231","68;91;241;248;259;266;275;413"
4044,-0.581542,0.014868,-0.098440,"d832fd742a481912abdeb6bd9f9fc21aa6b5fd80884da240d3f1709b60a0077b","68;80;91;248;259;266;275;282;413"
4045,-0.589013,-0.007703,-0.106936,"6b24705c69fc594ae320ec081adb04b6c8f4fa880e63fad117f9813b72c06226","68;80;248;266;275;282;413"
4048,-0.599427,-0.018444,-0.112383,"58a816f889d550cb8715a419aedb60d2c9b3e9000a6bdab19bd1177f520cae0a","68;80;248;259;266;275;282;413"
4049,-0.602360,-0.006304,-0.105159,"38283a780dcdf042e200e00b2fdb2410e8b3eb0108eb9230d3e9123961086f8a","68;80;91;248;259;266;275;282;413"
4050,-0.604357,0.002527,-0.104490,"786912ec0d895240a72ca00b2ed960d6e8b4ec400e2b82b193f0013b720e6a0a","68;80;91;248;266;275;413"
4052,-0.588562,-0.007249,-0.105030,"58347ce1335a7910390cf6a8df17805536d5fda0a8f2f1c4f7f162836a802673","68;80;248;266;282;413"
4053,-0.592552,-0.007157,-0.105082,"6f39705ae93e5a9871c8f4085b5f9737ced57ecea963f9e057f9011e63e56a06","68;80;248;259;275;282;413"
4055,-0.600125,-0.056608,-0.129915,"fcbc16fa8bc516eebf12a9186efb6892a1f3f9432b6fdaf3bbd1057bdb1f2f0a","68;80;266;413"
4061,-0.596204,-0.035685,-0.115119,"11824a891683636f76254696d162b240798e228c3998651f6ca7b7403988f8a8","68;80;266;275;413"
4063,-0.607431,-0.035416,-0.112400,"11870e99d283a54f36014ad2f1e2304079ae2298339a0f5f3c26bf40b940e180","68;80;248;259;266;275;282;413"
4064,-0.604396,-0.035162,-0.111557,"222af75361d8b947bb17749028cfe4bdaf3be38012fba2e117da52234380e7ac","68;80;91;248;259;266;275;282;413"
4065,-0.607975,-0.035133,-0.112008,"02a8525ac2a1a0c7be11609220ca64087b2b229112fb8a711c029a4bc100a38e","68;80;91;248;259;266;275;413"
4070,-0.601414,-0.057560,-0.110859,"05875de5b42f6fbe74a87a40d7739030374e162c81b04d0eec8f25c4e8f2c3a1","68;80;91;266;275;413"
4071,-0.599801,-0.057497,-0.112264,"194f1165b40f6f3774a87e40d72390f0164e042c99b8410eeced2580eaf2c129","68;80;91;259;266;275;413"
4072,-0.604979,-0.056697,-0.109597,"24b6f947e86ff39a2aea3c68d675cc301f5e671881b0fb524f9e25b4c3fb46b1","68;80;241;259;275;282;413"
4074,-0.508703,0.177410,0.057366,"a08cc75fc8ab67beb7936a5070e1241a0166600831f80b3f2e2e5500e1f1c020","68;80;266"
4081,-0.604139,-0.099531,-0.129480,"56617b8c3c4b87e8efe4b90956d87f50faed7fe34ce3cb5db9340b3e503b2306","68;80;248"
4083,-0.611508,-0.073270,-0.107837,"108c0fbfb887ceeeb69bf251f7e33049d9e77fad38cb4b7fa9aeffc0d060a0a0","68;80;91;259;266;275;282;413"
3055,-0.753376,-0.136982,0.934533,"2f2dd245577be24063e87f2a4ab197b478ec826a9db2dcfe3e5c01266b6f5a86","24;44;62;287;294"
3058,-0.757225,-0.136625,0.944644,"7f7570e4af575ff809eebcae5b7ddfb6fed5ddefcd2779eaf3ddadb767fffe77","24;34;44;287;294;301;308"
3067,-0.884221,-0.105007,0.681138,"89f67df1747e793e79fa76749f1e9cf9d71d143ce5d4618e86fbfec40cd0d0fd","44;68;282;287;294"
3068,-0.958342,-0.126094,0.759268,"4d9ffcf3a27ebdb73c7f7ef7bd3f8779a75fbf0eb1d839efe7ef7e82aed18dfb","44;62;68;275;282;287;294"
3070,-0.971143,-0.207815,0.803208,"1abd3bfabbc7bffebf4cfc06fcde2760fe7bffe3c38b3afffbf10fca180f25fb","44;68;275;282;287;301"
3073,-1.044869,-0.120721,0.807489,"c3b5fd41e62eed9f7bfb3e5e9835dc2f3756773cb1fcb5c26f1a75c4efe0c3f1","44;62;68;275;282;287;294"
3076,-0.940746,-0.167468,0.835771,"4b12e1cd7754f91973cc56e769cd97e43ea897ad8530b4ca577da38b2fa47cf5","44;62;68;287;294"
3077,-0.683550,-0.133110,0.928658,"7f5174e6af575ef88dfcbfaf4b5f9ff7fed5ffe7cdf369ecf3fbef977fbffe77","44;62;282;287;294"
3078,-0.876936,-0.160095,0.883758,"0c99bd57e456bdb7ee5d5620f8359a6ac556b35993f83be14f3ffec28250f5fb","44;62;68;282;287;294;301"
3083,-0.827512,-0.147455,0.890275,"23fb396878c59b5a0a68b8ed349df5309e395755c30be05d301c29fa5c8002fb","44;62;68;282;287"
3098,-1.010309,-0.223241,0.889179,"2faec6dffd99eaf22f3f7fe6e8e89ec46feee65ec6faeff53e7e16e2c78ffaed","44;62;282;287;294;301"
3106,-0.813814,-0.184164,0.974571,"abf874f36dfdf8b2ff7ff6bfaf1fd6bfcfbdf79dbefef3f54fdbfac3c7855fff","24;44;68"
3116,-0.959845,-0.176872,0.766964,"df177fec3776f9717dccff6659dfb760febdbfa9a9b721cef3ffe3822fa66573","34;44;62;68;275;282;287;294;301"
3117,-0.388688,-0.095356,1.426341,"8b8627bd05a4e933bc5b5354a9ea30cdc52b3b8db3dc96c78d7afac88804b1e4","0;44;312"
3119,-0.369746,-0.091450,1.386900,"44bbaa33facc3391ba7dc62db4f7c270a53f7f1d9659aa71df253fe98002af73","18;44;294;301;319"
3120,-0.362307,-0.087405,1.357316,"5ab6722133da386f3f644ea52f8ee6d4b61dbda1e698a59fbef51bc72e842d5f","18;44;301;319"
3123,-1.010327,-0.232531,0.904724,"2fffe29bff9dfffe7f6dfcaf68ecfec4ffebbfddc63aeeff3e5d8feb5fdefbdd","44;62;68;275;282;287;301"
3125,-1.063556,-0.202527,0.862315,"1d5ceeef341eef74f5caffe67bedb7647eec3feee9b17dcef6ffe7806ffa70f1","34;44;62;68;275;282;294;301"
3128,-1.206430,-0.194708,0.947036,"db74fde5257e7f3f3deebe5ddf3f9232b6d5fdadedf461cef3ff67946ee5c773","44;62;68;275;282;287;301"
3130,-0.348076,-0.086029,1.297028,"d21e720d32ba18673d64dae72f0e86d5b6bfdd85ac9805df92761a932d842f5d","18;44;315"
3133,-0.874100,-0.218642,0.982385,"1af072ed7fdffafd7fedf62f6fdf76e4ffbdff81c6bbb9dfffdd9fef678eeddf","44;62;68;282;287;294"
3148,-1.013380,-0.232047,0.911913,"3fb06a897d9ffaf85f6cf5af68ccfee0fe8997e78fb3ecdf3e5fabef5f8e7ad5","44;62;275;282;287;294;301"
3153,-1.008778,-0.255947,1.117842,"3efd76ffedfb7efd3fb4ffa36fff1f55ffffffc2cef16bfdbefbc7c777f7e6df","44;68;301"
3155,-1.182410,-0.204348,0.868306,"cff6fc93ac58fdb9affe97beddcfde6be7d5fff3e345eff1fe7beffe0eb78751","44;62;68;275;282;287;294"
3156,-1.164562,-0.199731,0.851195,"cf96f6b7ae32bc97bffb56f6dd3ede6b6757bf95b5dca7e26e7bfec68ed4a159","34;44;62;68;275;282;287;294;301"
3159,-1.128593,-0.197262,0.822206,"cef3fcb7fe1cffbdaffd9737cdfede63e757ffd7f34debf1fe7beffe8697ad53","44;62;68;275;282;287;294;301"
3167,-0.964322,-0.253703,1.006377,"de5d369e6dd7bee8bfced323ecfe3741ffffffe3ecc72bffb273ef8b167f35df","34;44;62;68;282;287;294;301"
3179,-0.363413,-0.120013,1.568224,"04977d4332cbab307c2c7fe8df058c30361d467af1b86d5e6d9d21c4648307e1","17;44;301;312"
3194,-0.391656,-0.217766,1.610965,"d9f1692392422fbc206446a751079a7136d555eff9987d2cede1aec42592a7f0","17;44;308"
3318,-0.686204,0.236947,0.307285,"68e8a84a2cd193ccc6958c28b2d5d222c970f959ca6bee31db0d0f7b100a366a","62;68;275;287"
3358,-0.715803,0.243494,0.346433,"ddb09437ab7ab489aaf3237cde7a48bba357f82235459b008ed35d37c8638b13","62;68;80;282"
1689,-0.560881,0.256525,0.777769,"1d95a757915607a874c6ee0072740ba51976f86a69e07b2e792f4506e3762676","24;34;44;62;287;294;301"
1690,-0.430306,0.313420,0.825671,"a9ae5b61709f62577909685cb30294b0322e441cb7bec44f6edd3060ca80cb89","24;44;287;294"
2215,-0.867045,-0.045300,0.712754,"40710b0c58472348a6e8c36c90842140d40c6a624103931c7121233c182327f1","34;44;62;68;275;282;287;294"
2216,-0.632879,0.334055,0.796282,"30f54bcd5283aeff3601e8c230c120007ebb02a16bba545f75269a007d1ab3a8","34;44;62;282;287"
2222,-0.627068,0.330171,0.791017,"32ec7a5277dbf7e479447cab2ac8b614baeac65e66bf24ef36dc0403679c6ece","34;44;62;282;287;294"
2224,-0.638869,0.334910,0.804299,"20fe6b2956c3a6e73c00f8e331cd34107abb038142be547f7504a608751ae7ba","34;44;62;282;287"
2225,-0.654599,0.327172,0.787058,"01a0dd53acb9694befb5ab10a6e0d63a832a6a1c16e9ef518e9c1770c0c04184","34;62;282;287"
2233,-0.389650,0.307292,0.929288,"44b49579ca2f249f663b2b70d63348dba1576a3813504b508d827746f871a323","34;44;294"
2235,-0.263121,0.292306,1.021951,"a1d967cf748eeffdcd08f24672413c674862176fe9b9716d6538e6004d9af028","18;34;44"
2240,-0.248290,0.316655,1.033447,"14ad5958faeb10cb3f01b8b81f578c39bfb3c6b03b0b4a7fbfd7315ff1c1a721","24;34;44"
2251,-0.825255,-0.057829,0.810428,"4db3af7fec1b6bf87ffc77ecdfe09bf19f4c6e7ed1f1af7cceff65eccea65bf1","34;44;62;68;282;287;294"
2252,-0.809033,-0.056478,0.797388,"4deeb73fecbb67bcffffb7edcfe0db7b93666e5eb361ef71eedf75fccaf7c3f1","34;44;282"
2255,-0.635768,0.355947,0.918945,"2e166c6d7f7bda3857fc5fef4b7d97a55fdcf7b7acf06f9f4e5be5d77faf5cd3","34;44;62"
2259,-0.798243,-0.085996,0.820065,"eabf943b89ad1487bf1f287daeea0c9f8163e811364c5b37aef65c7bda548f0e","34;44;62;68;282;287;294;301"
2261,-0.792629,-0.087100,0.812283,"66fd953a898d14a6bf17205de6ea4c9b8173e8537748da35adf25c7ad855831e","34;44;62;68;282;287;294;301"
2262,-0.899920,-0.114745,0.788839,"46a8d6d2cf886880afb32201c9eb755fc3f57b520275cae00ffac747a6e26b8e","34;62;68;282;294;301"
2263,-0.805156,-0.088104,0.827617,"42e9953b89cd3486bf1f0819a6f6409f8163e8555748da71ad165d7bd054835e","34;44;62;68;282;287;294;301"
2267,-0.788005,-0.088209,0.806641,"e8a0bd7519ed110bfbb52518a6d5403a813ee010326cfb134fd3557bc200c66a","34;44;68"
2275,-0.943204,-0.122761,0.776794,"92476fa7340aef7424cc5be7630dbb013ec4dfefe991050df021aa802d9f1479","34;44;62;68;275;282;287;294;301"
2278,-0.943460,-0.123253,0.772138,"767eea27d2d3bf6512ecd9af61ecd7007fedb787cc5aecba7e27afa3ed3e9ede","34;44;62;68;282;294"
1844,0.224197,0.284441,1.280172,"2b3bfa5fd79fbed67fe17e8628f8b6a47f6ab25c95bab4ea3e7f176bcfdefbdc","0;24;312;315"
1845,0.047793,0.312786,1.215671,"8edca6ba8df4bcca9d57c617ccfe3bcbed53bba727453ae3d373da4b9e7d3d56","0;24;312;315"
1876,-0.456313,-0.027667,1.193972,"38c11aed1dcf477d650cee00b3932a50788a4e684aab511ff7ed2011728aee0a","0;17;24;44;308"
1877,-0.472064,-0.029926,1.238096,"08f9fbed7c8f7ff66ee8fe60b79fb1706e7c7f4ac1b9a17d77ed278064b267b9","24;44;312"
1915,0.075435,0.093337,1.389057,"a79979f8ec84ebfb1b4b7057b49f6440dfdb37c5f31ebaf7ddbebaec1809e1f3","17;24;312"
1933,-0.611889,0.315413,1.059969,"108f1aedb2a23fff360d7ae375e3285037df05a41a98097ff8a62fc4e1c2a509","24;34;44;287"
1685,-0.587870,0.258957,0.759197,"4ab6b3b0bbec115fabfd187d8cb6c81a8717ed119749b24099d43fff88448773","24;34;44;62"
1692,-0.583219,0.256993,0.750805,"d5315744220a633068a0236c5773813332f46c6a21e1b50c90aa61146ca34230","24;34;44;62;282;287;294;301"
1693,-0.401609,0.308974,0.827277,"287d5a6470cf7371a9a86f0817932110b23c466a4090100ce7ed210060b246a3","24;34;44;294"
1694,-0.406950,0.313616,0.839839,"58731b20124a36612900eae82f9701d0369dcce24193804ef1e5222320022f1b","24;34;44;294"
1699,-0.200444,0.304134,0.901295,"babd6c0d9f5bd56f53f6ac8f032c5611598ecd35ee6bf51ffb4b8577776c5e5e","24;34;44"
1656,-0.635363,0.001254,1.875991,"0f1b8ebaa0b0ba10bf5c57e5edcab7cde669bfdf96c10ee0c671ea8b9e973955","0;18;319"
2154,-0.692365,0.262759,0.630216,"09670765340f663d6da81a4cd361990414244c6cc9b0411eaddc25144abad021","34;62;282;287"
2155,-0.695646,0.266688,0.633637,"25ea8e77448f63907238664893c1912958ec664e48f4cc35c48ae1246abb52a0","34;62;282;287"
2158,-0.664111,0.260577,0.636071,"f0e91e2248cd5240a314a10937d3401388b14c624e039a1df1c101396002268a","34;62;282;287;294"
2159,-0.663905,0.258232,0.633531,"541dd74c2a4206b8a080eae87b77817336f57ce249c3ae6d30a2658869f32231","34;44;68;282;287;294"
2161,-0.673160,0.263359,0.645994,"d8621eb8098d1041a21ca019a792409b80b9ed416e478211d1c1683b00002e02","34;44;62;68;282;287;294"
2162,-0.673447,0.263946,0.643611,"51c91657b08e64b7780b6254fe338070a7666c0871d8832fa0ae7440e8d08b09","34;44;62;68;282;287;294"
2163,-0.705302,0.271889,0.678947,"cf3ab331a0fc3d11abfb137d9cd6d23b87257d1fb5d4aa408c592fe28ce48375","34;44;62;68;282;287;294"
2164,-0.669421,0.264556,0.645174,"78e91b2259cd52c8a330a00937d74292a8a1ccc24e2b9a31f3c1017960020e4a","34;44;62;68;287;294"
2166,-0.694775,0.290536,0.640370,"39bd3b6ed3d7b7f6754c7c2738dfa630fcfb97c0c7ba307f7bcd248b7b1666fb","34;62;68;287"
1686,-0.578526,0.255747,0.747939,"756fc865800a6fbd30a2c2ccd321d13318cc74ea69d0cd0aeca0e5a469f292a8","24;44;62;282;287;294"
2280,-0.693778,-0.068875,0.898358,"0b9957bbbaa1bdf7be534eb5bcf7a24ca733fb9493c933f5ecb75ec29ec4a5f9","34;44;62;287;294"
2282,-0.689389,-0.068823,0.890471,"0bc977db9bd53da7af51c682bdf732e467737bdc12c93ff5afff5ec1b684a16c","34;44;287;294"
2288,-0.614208,0.342407,0.914104,"93b76bed3a06bbb83468dfe7d11f9a615e555fe7e993f50fe7edaa842da235f3","34;44;62;287;294"
2289,-0.588764,0.330910,0.880827,"419569ed366e7f3a3562ca85d53f18605ed57baee994f5cfe5be8b042ca31070","34;44;62"
2294,-0.727319,-0.083943,0.852399,"47b696968bf8148fbef78bbdece64a9fa767e815374bce6098365f7b88548f5d","34;44;62;68;282;287;294;301;308"
2295,-0.776391,-0.091275,0.912945,"46eb841388800ea8afb99afdc4e2dc5e81477dd79e49cf71a836fffe88778b1d","34;44;62;282;287;294;301"
2296,-0.774861,-0.089532,0.903953,"47bb841ab8890a88aef993ece4e2dc9687477dd7c743cf71b834affe08260b15","34;44;62;282;287;294;301"
2299,-0.763813,-0.090136,0.891743,"4977e545305e6b3877ec5ee4d92492e4164cf46ce1d8ed1e2c7fe5842ea65ef5","34;44;282;287;294;301"
2300,-0.599519,0.001689,0.912228,"47b2e111e27cb9d27bffb4fd8ebede3ea7c7fc158754fe429e7e7faece4487f5","34;44;62;287;294;301;308"
2302,-1.066618,-0.143347,0.790771,"b8c47ceb75375e7d552efd1a7b591ab15e9a97abecb6689ff3dba0b577ddfa8a","34;44;62;68;275;282;287"
2305,-0.982381,-0.216830,0.846949,"2bfce29fcf91bee6df77fcafa8ba76c4efdffbd3c67bfff13e5fdfab9f5ebbce","62;68;275;282;287;294;301"
2307,-0.954715,-0.208192,0.805290,"3edd7abef7d3bbfc1f4cfca77cfe2760fefb97e3ffbb2afffbf7af8b371f2ddf","34;44;68;287"
2308,-0.938375,-0.202023,0.791081,"0eeea69eed1ffeceefdffc076ce87f48ff6ba757d6fb2ae0fe575fafd77fbfcf","44;62;301"
2310,-0.673318,-0.095018,0.903472,"97bf472fb6ebaebf7ceb5af6f16c9d6177ef17f5b5986d3f2c6eafc4edf2d1dd","34;44;62;282;287;294;308"
2313,-0.676955,-0.096853,0.918513,"0daee47fa23a6e9a77e75fe4c9e99ecc176eec9e96d0efbf4eefb5c5aff7d845","34;44;282;287;294;301;308"
2316,-1.060575,-0.123446,0.824130,"43b0ff41e66eed9779fb3e46183ddc2f2756739c91f8b1e04f3a74c4cfd0c3b9","34;44;62;68;287"
2327,-0.602135,-0.035896,1.003558,"9e6e5ef1027a38e235b277b34d0f83db27d5ffb264d505ced6e3fbc527e52d13","34;44;301;308"
2329,-0.567767,0.313876,0.957013,"1794e7839736ac65bdc3cbd648fe3eeefde73bb5b59535ce3d3e8ec2af66b1d4","34;62;287;294"
2342,-0.909416,-0.173677,0.858990,"0e5d73faf4e9ffc6bc43b1f3bd1db528afd35f53f3290cf6751e3a98d5dbd7f9","34;44;62;287"
2344,-0.779737,-0.141621,0.974479,"eaa3245eedd9d46fdb7c74adaaccd6b7882ae605d76ae6d12f5954bb528cdedd","34;62;287;294;301;308"
2348,-1.069526,-0.154981,0.839723,"d8f9386e295d5fbcee7eb408ff970b728656fd6aca0ffb37f3f967b95293076b","34;44;62;68;275;282;294;301"
2353,-0.906190,-0.184193,0.868700,"b83630e9dff5315f876ded1e8f8742844c9eca98bf2ff196d7f5927b3b0caeff","34;44;68;275"
2361,-0.829584,-0.157559,0.885928,"50991ebcaaca5537a40c4625f7370250a2b76d605819132ff0a37e892800255b","34;62;68;287"
2367,-1.035826,-0.177363,0.851742,"4bbef34772fabb537b4d7fedcdecdeb4377dd68785b0acc3667d238366e62fd5","34;62;68;275;282;287;301"
2682,-0.694807,0.237714,0.333799,"dea097308b7c114bb3b3ab18cfb648baa1d7e8903f47ba0299d75f7fc0648766","44;62;68;80;275;282;287"
3286,-0.624666,-0.240357,0.134923,"5f576207b3127e3035eedfe7496e9ff436e5bdeeed912dceb26fa5852ff72c55","62;68;80;266;275;282;287;413"
3288,-0.625436,-0.237348,0.138040,"68adb9751dcd412772adae18b7b7403088be780879faf307efdd10704000c66a","68;80;266;275;282;287;413"
3289,-0.633272,-0.239807,0.141875,"60a83b753dcd4127f2ada618b7b5403188be6c083afaf205cfdb30704008c66a","68;80;266;275;282;287;413"
3261,-0.503655,0.178256,0.090376,"7ee09422890956c82333a1196fe2489f91c3ec721e43cb3198d0457fe2578206","62;68;80;266;413"
2140,-0.787401,0.142407,0.530263,"f8b8b9702ddc5113eb59b4183f9d4032a596fd188a6bb201dbf9303962804f7b","34;44;62;68;275;287;294"
3265,-0.500494,0.177822,0.090193,"c0ac841688a824adbeb30358f4e2c87b0166681832498b730c227f7880428320","62;68;80;266;413"
3266,-0.494868,0.177635,0.109186,"f0e4ff75386b45fc36a6e61853e7801139fc6c2828f7e90ffdef751461e04668","62;80;275;282;413"
3268,-0.492318,0.176967,0.106486,"3024ff7db86b657b36a7e618536780787bfe6f2838f0e90efdaf7500e1e0c660","62;80;266"
3272,-0.645159,-0.222767,0.016352,"0f777ce7765effb83dec5fa5dd7f9fe4b65dffefc590edce67fd2f8606b70ff5","68;80;248;259;266;275;282;287;413"
3278,-0.612558,-0.214260,0.053308,"0f73f965725ebfb83dec5fe5dd3f9fe4965dff6fc590fdcc667f2f860eb70df5","62;68;80;266;287;413"
3262,-0.499407,0.176572,0.090524,"dc209e3488285113b2b7a31917a3415b81d76d103a4f8200d9e37579a0618602","62;68;80;266;275;282;413"
2732,-0.822119,0.207335,0.531716,"39615369348f635064086d481311913030a854780bb2301df38d20206a8342a0","44;62;68;275;282;287"
2738,-0.769160,0.246591,0.456823,"41efca57b49a4ea67b0e7eb4eb689694b16e6c4efcf8ad7faa7e3581cafdda0c","44;62;68;282;287;294"
2739,-0.798714,0.254721,0.476956,"68afe33dd4e9e5a73e67ea8da3ec161059eeeb117ab8f73f6c37b411454cd6da","44;62;68;275;282;287"
2740,-0.793892,0.254083,0.471984,"68bfe13df5e9e7373a675ecdabad1094192ec31512b8d59f6d779c21c74ed6f8","44;62;68;275;282;287"
2741,-0.823594,0.261971,0.492229,"bbe068586bd9d94c0375f4ba0b8cd6bc4e99f7ddcf7ee6d1dad998fb778c0efc","44;62;68;275;282;287"
2744,-0.782269,0.272283,0.460620,"990af653a3fa79067d576f158b029edd27aeac1c9e9c65e1c6f91043e2c7c84c","44;62;275;287"
2746,-0.795299,0.166733,0.494660,"40f99972b9cd5796ebbda418beb3403285776c505a6bfa71fbd9157ec010872b","44;62;282;287;294"
2747,-0.790212,0.164433,0.490817,"c0fc3b72b8cd57c6aa11a818b6d74032a17378524249ba73fb99147a4011872a","44;62;275;282"
2751,-0.785106,0.162177,0.487106,"ece59063fd4d46887b39a918c271489e914e407a7a70d933afdf0577ca7bca82","44;62;68;275;282;287;294"
2753,-0.781578,0.161159,0.485020,"5cad1a7e19cd53e8b680a908f6d36910b1f868420a439a3ff985053960232722","44;62;275;282;287;294"
2754,-0.780908,0.160666,0.484238,"eced9c61bd1f479c7bbca40cc271499b99446c7a7a74d932eedb4575ca7bca02","44;62;68;275;282;287;294"
2758,-0.779715,0.164480,0.510319,"588c9f77a82a45bff09aa658f773007b01d66c2a78cd4b2dc1e37510e2f0c629","44;62;68;275;282;287"
2764,-0.805126,0.138615,0.496826,"6931bd64684d7110a8fc250c9f17483b84157d4a8160f200c7d9613c48204673","44;62;68;275;282;287;294"
2765,-0.795651,0.136409,0.490714,"64611167744c631868283948d71309329054546a4130c808e598212c40b342a3","44;62;68;275;282;287;294"
2769,-0.806997,0.138984,0.498213,"e4211963604d711868b821089717483b801c544a4170fa00c799612c40a347a2","44;62;68;275;282;287;294"
2772,-0.775412,0.144846,0.507877,"559e8d37a82e4dbfb0fe86f5d7678a5b07c67daeb9cdef2dcaa375d4a0e08671","44;62;68;275;282;287"
2774,-0.904668,0.054965,0.438305,"419e3f6534ae7b377c497a74f73b9070b6277c2db5b8216fe4bf22c04c80c319","44;62;68;80;266;275;282;287;294"
2775,-0.761486,0.137497,0.506425,"f8b83f7028cc5116e31ea418b79f403b85b77d082a6ff221d3f970386000466b","44;62;68;275;282;287;294;301"
2787,-0.911190,0.060552,0.445738,"0196ecb534af693774e97ef4f32992605eae7e2dbdfc451fceffb0c0ed885819","44;62;68;80;266;275;282;287"
2798,-0.903339,0.096036,0.437795,"0b1ec53534ae69373d6d56f5ab0392dc7e2e1f9cb8dc458fc4febac0ae8450d9","44;62;68;80;266;282;287;294"
2803,-0.925705,0.081849,0.449113,"019f3f67b42eef377c4d7a44f32d9470b466362cb1b8312f65be228040e2c379","44;62;68;80;266;275;282;287"
2806,-0.910330,0.080550,0.441099,"018e7b4534beeb377c497ee4f3269470163e362cb1b8654f26bf32c044c2c179","44;62;68;80;266;275;282;287;294"
2810,-0.896875,0.098055,0.432018,"019e4b9174aa6b373c4972f4f5039050172e379cb39c556f442eb2c08c80d1b9","44;62;68;266;282;294"
2685,-0.754578,0.212779,0.323494,"fc20bc768d7c5998e3b6a518db695b1b89c4fd7a2867fb80d3dbc13dc2f55e62","44;62;282"
2686,-0.771866,0.203235,0.333474,"19bf0c2f989f9ebda6d48a85e76c1a029d73cd67eea95d3deae72d157cae995a","44;68;275"
2687,-0.788246,0.210898,0.343506,"19972e4838df13b996cc1eed7bd5a2749630dc6cfd893d1febcd25df5a8e0c7b","44;62;68;80;275;282"
4585,-0.529312,0.142506,-0.208330,"7a20ec140fd95040e375a79b0b8c56bf68a4ed958e6ff7801379d13be78c5e5e","80;91;241;248;259;266;413;426"
4586,-0.524678,0.189803,-0.132589,"5424cee79c4e6fa83eb2a702d763595b31c569ea28d1d948dde3cf15a0734722","80;91;259;413"
4593,-0.524283,0.182776,-0.119714,"dea4dc61886e789f3bb72719df374a1ab7977d303254d942dfdf5577a0c08f53","80;91;248;259;266"
4595,-0.523257,0.183319,-0.120715,"50a09861886d799f2b3fa8199737481aa1976d101a78d911dfdf3575e040870a","80;91;248;259;413"
4599,-0.529748,0.183724,-0.118804,"6cb69161f02e611923b97b68d733c818959c643819f2d900cdde3564c8e2c2a1","80;91;248"
4609,-0.530750,0.179340,-0.138134,"eca48530ad7d448fdbbba118c6e159bf89c668183e67cb128fd3557dc278de06","80;91;248;259;266"
4613,-0.529554,0.172265,-0.138782,"35cfcb4f94274ffc75e2ebc673e2bd747fee3aeeedb27d2fb8ae87047dfb706c","80;91;248;259;266;413"
4616,-0.520683,0.161581,-0.119018,"d8411ea5300a6e2034a0c201d703105172857deb6895010ef0ebeb0028a02102","80;91;248;259;413"
13591,-0.238562,0.049950,-0.673770,"58b83bf809dc51d6eb59a4083edf607ba5b3fd000b4fb2f1d3f9523a5200677b","426;428;433;436;440"
2176,-0.489289,0.324855,0.780962,"2beb60027d9df2c0cbe4b40f2ac8d7b4c8a8c25ec62beef11e59017b478f5ecc","34;44;62;287"
2178,-0.476063,0.294219,0.793824,"e5730da268044b18a0ec975dd5429b5bccc57fefcd47fd00d429ebb808b31a51","34;44;287"
2189,-0.515328,0.307339,0.824891,"27b3b557ec5fa7f95bfb756c50f4cc2edd5e662ed1f2ffe02c1e75aecbfed2f5","34;44;62;287;294"
2196,-0.342165,0.307449,0.844783,"fd73a345f41ee81970e8f34452109dbc5c8454bce9f0f10c74aea584cba27231","34;44;294"
2201,-0.594258,0.263516,0.765447,"0b36668d3212bb383fec56e5ccec9644974df5a5a4d0afde667f2f872ea60f55","34;62;287"
2203,-0.480016,0.293614,0.812123,"e7524a22480c4a10a168b3cdd3570b5bdc857df68d07d940d220e8d028330a13","34;44;287;294"
2207,-0.239218,0.304004,0.955634,"7864faf249f55943b31fad192fdf631aa9bbcd900a479a92dbc530f9b3c50ec2","17;34;44"
2815,-0.980580,0.000693,0.502822,"d978bfe4012e599221eaa6049f17017be4f57dcca9ddb1e8d3f9d200a8b1627a","44;62;275;282;294"
2816,-0.912167,0.000989,0.461417,"f0b09df829cc550feb1ba1189e1b085b81936c007a6eda11d3f9507f5800c602","44;62;68;80;275;282;287;294"
2817,-0.920613,0.004231,0.473648,"54327f25220a731868ec736dd71d0b5036c54d6f80b0810cc4aa210464b34773","44;68;294"
2821,-0.675992,0.262106,0.641467,"43b2bb40a2fd31d6ebff167c9c96ce3aa717fd11934db071db593df68044877f","44;62;68;282;287"
2822,-0.674708,0.261840,0.649201,"78a998be89e85087a295a809b7f3425281f7ed111e4bc221dbe53479a0408e4a","44;68;282;287;294"
2823,-0.903373,0.003061,0.458618,"d9583ff405cc5436ed88e600bf9b1173c0f77d4869adb2ecf3fb52024291622a","44;62;68;80;275;294"
2830,-0.912391,0.018199,0.466656,"e8b09878a9fd511fa33fa4191a97461fc986fd181b4ff211dbd9d17fca40ce73","44;62;68;294"
2831,-0.932420,-0.022095,0.458428,"98799af5200f755030a6e608b717411ba4fc4c4a48f0b008d3c9602160b0462a","44;68;266;282;287"
2833,-0.874527,0.020171,0.433538,"c4a89ffa88e13143ae9ba050b4f3600b893b6a90324f8260d9807e688040a7a2","44;62;68;80;275;282;287;294"
2837,-0.964342,0.018479,0.497033,"e1b0bd70ed7dd11feb7bb51c9e994e3b8d925d10bf6ffa91dbd9517ecac8c277","44;62;68;282;294"
2844,-0.889841,0.016748,0.446622,"ed28b7f0cdedf143eab3a1189ed9703ba9255b1b32679ac0ddd9577cc068c3a2","44;62;80;282;287;294"
2849,-0.681581,0.332435,0.652838,"5bb74123f28b7e7f336929fd4fe74a90b78fd4b45f5a8957bec52df528c68b51","44;62;68;282"
2850,-0.935608,-0.045419,0.418907,"6465296adc4dcf9d606ebd09d35d5f38dd9053efda22f955779da13c51d3d662","44;62;282;287;294"
2852,-0.911815,0.015391,0.460998,"c4b89ff0cdedf143ea3b21189e9b601ba1335a18336f9a51ddd9537ec84883a2","44;62;80;282;287"
2853,-0.922977,0.029655,0.461035,"81a09bfb8ced610ffe136210b7936879e10b6a18135c9311cd9852609848c12a","44;62;68;275;282;287"
2854,-0.685270,0.333826,0.656973,"6bb503a0d08f6eff336169cd5de608b0b68f57e5d79a9c5fbec5ade4288682d8","44;62;68;282"
2856,-0.941542,-0.048450,0.422257,"3e78745a49f5d8c0a75db59d0adf6ebfccb2c6d21e677af113d9507bd395eed6","44;62;275;294;413"
2858,-0.616042,0.333100,0.725635,"766bafa60a049c698bb6898b64ef551becd579e74c43cbc89b32cf3f05733642","44;62;282"
2867,-0.948680,-0.040790,0.520945,"d579bd540a4e95f2fafe242816b5c33b265d7563e16fb200512a653e613107f3","44;62;68;282;294"
2884,-1.004028,-0.120483,0.487055,"eb737ce82d7dd91f8b5cbd3dbeddfe3e8611fd57df27faf1c3f920ff569fc777","44;62;68;80;266;275;282;287;294;413"
2888,-0.960886,-0.087492,0.488903,"7a95be7e93961c671301efbb5eff0cd0b7b7b99078cb91cffbef1c53e344af0b","44;62;68;80;266;275;282"
2891,-0.970523,-0.110642,0.489845,"4bbff873b15d7db7397f3ebdbf3f9eb78753dd0df7d8f1e5efdf7cf386c4c77f","44;62;80;266;275;282;287"
2892,-0.980403,-0.113002,0.493070,"caf87cf37cdcf9b4bb5d37bfbd1f1633a6b1ffc5a66cbaf5cffbfaf304810fdb","44;62;80;282;287"
2901,-0.968477,-0.125647,0.479491,"7eb0f4f1e55cf9f83bfdb68fcd7f5effffd5ffb19a52fbc0dfdbcfe7a7a47ff7","44;62;68;80;266;275;282;294"
2905,-0.967946,-0.125186,0.456452,"8c78fcfbac7dfd9ebe7fb4359fdf5b6ba7537f53e265fbf3c7db7ffd149985f3","44;62;80;275;282;287;294"
2906,-0.341635,0.277298,0.931411,"7811fee00f6e5157a115ae0b0fbb231aa096fd10188b9280d3e94013e3c0666a","17;24;44"
2909,-0.989074,-0.117624,0.501432,"cf72fca52adc3918abfc14edfddfd3b2067dfd758744e7c8ced929af2ea40775","44;62;68;275;282;287;294"
2917,-0.922661,-0.096200,0.484223,"4bb3fcf3b3dd3917af7d15b59d9fd6fc871bbd159748baf1cfdf3eeb9e848d7f","44;62;80;282;287;294"
2921,-0.979110,-0.128867,0.494285,"5a35f4e5a57efc572defbe378d3f5652efd7ff91d0fbf1c2fff99ed787dce7db","44;62;68;80;275;282;287;294"
2371,-1.031306,-0.178950,0.847426,"df1c73e737d6fb507d4cd7e6dddfbf647efd9fefe995bdcff7f9ab842fa72175","34;44;62;68;275;282;287;294;301"
2377,-1.015614,-0.178140,0.833421,"8b97e387f692fa3139495fe75d6e9ef536ffd7edb5d0adcd367dab802fa6fbf5","34;44;62;68;275;282;294;301"
2378,-1.013995,-0.177105,0.832262,"0b9377a5a21abc7dad5a57e7dd5f9ea33615ffefd5dd25cd667b6ec64f86abd5","34;44;62;68;275;282;287;294;301"
2380,-1.035778,-0.179920,0.853074,"1bdbe3e73616fff03f68d7e6ddbebe6476fd7fefc191bdebf6fdab842fb7317d","34;44;62;68;275;282;287;294;301"
2381,-0.879495,-0.196883,0.968786,"3e7a6ee76dd77bf0a7fcf46769dff796ecfdf7c2cdf3baf85fd9e5a37fb77eff","34;44;62;68;287"
2384,-1.019266,-0.175338,0.812220,"5d5ed1a5263a7ebe3eea5ae7dd2fd1c837c5bfafc5d0cddaa6efef84aff60951","34;44;62;275;282;287;294;301"
2385,-0.958486,-0.200010,0.968013,"cb367ba5b27e3d3b3dee97fcdf068a71b797dd27e5d5f54ef6f12b940ce48f75","34;44;62;68;282;287;294;301"
2386,-0.597889,-0.096159,1.035698,"ebf0f6f5eddcfc17bbdfb637acbe76efefb7ff95b6edf3c25f7bde83875cfd7f","34;62;287;294;308;312"
2388,-0.962301,-0.270574,0.851781,"0ebdeedffdd7fffd1feddda7e8fcfee4ffffb7f3f6fa7bff7f5fafe797fffcd7","34;44;62;68;275;282;287;294;301"
2391,-1.063057,-0.194413,0.859752,"1d53ffc52416ff7c6ce8df66d9ffbc647ee53feec1b129cef7efef80affaf1f1","34;44;62;68;282;287;294;301"
2396,-0.912772,-0.192766,0.915639,"5ab3eae5225ef9382d7cd6a79d1fd676b69dffed8598a5c0dff9eb8727a627fd","34;44;62;68;282;287;294;301"
2401,-0.899933,-0.190915,0.920489,"5e5bd9ac3a491a182fc8dbedfff683d0b67dfde38d02c1daf0f52b9bbcb72f53","34;44;68;282;287;301"
2402,-1.104979,-0.204226,0.874284,"bd176fcf7e12ef7954c6fff6516dbe607ee43feef9b76dce7eafa7c46dabf0f1","34;44;68;275"
2404,-0.450134,-0.060831,1.159793,"13506fcd0656bf390cce5f87597dbf62767537efc59435c8672bea843dfe35f1","34;44;308;312;315"
2405,-0.545911,-0.103745,1.091417,"98baae3f1dd371df774dc637ebe79aec79eeef889edeffb7cfe7d343238cfcfe","0;34;62;287;315"
2406,-0.222849,0.244588,1.242190,"7525ab261462431870c0cf087375097258ec587a29c3f92af1ac811ca0f37662","0;34;308"
2408,-1.020789,-0.229031,0.904348,"2baee6df7d99eaf06f1d7fe6e8ecbee4ffeaf71ec6faeff53e7fb6e3478e7bcd","34;44;62;68;275;282;287;294;301"
2409,-0.756456,-0.143431,1.039227,"3e5b68eabf575fd81becbdaf5f5f9fb4fed5d5f7cd3379fef3ddafb77fbf6e73","24;34;44;62;282;287;294;301;308"
2410,-0.468491,-0.052837,1.194774,"82191abc27c4bc679d0d5203ac9f2041e63b9b01509910cd85301a031008ad8b","17;34;44;294;301;308;315"
2416,-0.974685,-0.230170,0.989288,"ff5c7be636567ff4754af7367b5fbf71fedd95ebe9b73deef3e9aa8027b37673","34;44;62;68;275;282;287;294;301"
2419,-0.661079,-0.126976,1.082902,"8abcf4f1fdfdf8d6bf7fb4b3acbf56ceeffbff91b67df2f38f5f1eeb86c52fdf","34;62;287;308"
2420,-0.974358,-0.235878,0.998824,"9f54fefd6676ff793dcef7b75dff3e53fef5bfa7e4f73bcef7ebef8525fbe9d3","34;62;68;282;287;294"
2421,-0.534495,-0.119586,1.225567,"5d76eee7e6766f1474cfdff6d9379b7a7ecc7faf89d5e5ca562fbe80a7f3f6f1","34;44;301"
2429,-0.035406,0.246291,1.423772,"0b9b179ffbd7b977be4956e6bc96a0e4663bb381d39833f50c273ec21e04adf9","18;34;312"
2436,-0.982366,-0.277466,0.873654,"0add428f75f3be571f495d87ecee3ec0fe3b978106b828ff27358a83175eb5df","34;44;62;68;275;282;287;294;301"
2437,-0.982597,-0.278388,0.873484,"0eddb2dbf5f7bedc1f4d5d07ecfe2ec4ff5b97d312b038f72f748fc7975fbdf7","34;44;62;68;275;282;287;294;301"
2448,-0.010333,-0.028597,1.511809,"56d773ea2e059ffccf18f86358fd3d40fed33fe3c2210af931382e8e557b212b","0;34;324"
2449,-0.995800,-0.282334,0.888982,"0a4c228f75e5ba461d4d5c03acce32c0dc2b938106b800ff27749a83175eb5cf","34;44;62;68;275;282;287;294"
2452,-0.020684,0.008137,1.342205,"0b17ebc7e27abf131de65fa7f93fb36c767f978f919035e8467ffa802fef95f9","18;34;322"
2473,-0.037888,-0.167271,1.539910,"4b36f2e477347852abcb7bf3bc9fd47ea735b794861482c0d7fc9a8a86e463b7","17;24;34;301"
2481,-0.275195,-0.081901,1.464507,"3c3413e814a743580408fd4e1753215058b8062a09b2501ed1c5a0303a8b74a3","17;34;308;315;319;322"
2489,-0.949487,-0.248997,0.988797,"0ebfa697fdd3bee89feddba6ecee7ec4ff7fbff3f6d9abff3f7e8fc7877ff5d7","34;44;62;68;282;287;294;301"
2491,-0.699338,-0.032965,1.261205,"e1597b65244e6d1261ea76689313813c1ef47c6ac9b4f10ac7ff60806fb94239","17;24;34;44;62;287;294;301;312"
2493,-0.917968,-0.235230,1.015395,"5cbff6b3f5fb7eff3ffbfe22efeed7f0fbdfbfd37efaebffbfffdfc3a7dfec5f","34;44;62;68;282;287;294;301"
2494,-0.022439,-0.171585,1.563831,"089533bbf6e5bd771c4f5bb3bdbf28487f3b138113981297c5c7bac09448b5fb","18;34;322"
2496,-0.914139,-0.233973,1.013024,"3efdf6ebfddffeee2ffdfc23eafe5fe0ffdfffd0debafbffbffd8fe7b7fffedf","34;44;62;68;282;287;301"
2499,-0.322964,-0.087261,1.451009,"a922dd456c1b401b7bb23558d301d43b9b0c443ca974ed184edb7574caa842a0","24;308;312;315;319"
2501,-0.922781,-0.242804,0.959745,"1a5e36be7dd7ff7abdced6a76dfe3345ffffffa3e8f72bfff7f7ef8b17fd3ddb","34;44;62;282;301"
2506,-0.619713,0.316611,1.202583,"4bb8b411cb3d900f9fb7007d8c38468f8707fb15b64cdfd00e525df6de4c8bdf","34;44;294"
2513,-0.845102,-0.188980,1.145045,"0e79f68f6d5dfec8affcf50fcede7fdefeddfff3ce67fbf0b759cfbf573f2fd7","34;44;62;282;287;294;301;308"
2516,-0.688227,-0.030862,1.238255,"31517f45244e673065e8f64a531595317ef45c6ac9b2750cf7e9611069bb4231","34;62;287;301;308;312"
2925,-1.001473,-0.132233,0.516178,"4ab5f4e5f55efd772dfdbe378c3e56d6ef97ff91f4faf1c6ffff9ec387ccefdb","44;62;68;80;275;282;287;294"
2927,-0.987175,-0.113454,0.529498,"87366181323fab183cee17f4dd069fa5360ddfafa59425de845cab840ea50375","44;62;68;80;266;275;282;287;294"
2929,-0.990671,-0.113809,0.529184,"cf166981b27fbf173c6f17f49d1e97ed3715dfadb59465dec65fbac48ed58d75","44;62;68;80;266;275;282;287;294"
2933,-0.574453,0.338909,0.810405,"07b1ebdbf3f5b9cd3f5545939cdf7f68f71bb39596183ef14f5e9e6f9487a5f6","44;62;287"
2939,-0.541373,0.322727,0.843982,"c5fcbd7eb8645fbef3fe1c3cf7ffdb7397d77d6ee947ba3efbfb6dbcacf18773","44;62;287;294"
2946,-0.976555,-0.119809,0.626873,"aaf8a25aeddd90cf8b5db43f2adc7ebfcd9bf7119e6ffaf11b5959ffd30cfedf","44;62;68;275;282;287;294"
2948,-0.948811,-0.112507,0.603560,"0bb5535ef3d46c777d097c6038f7acf436bb9688539aa2df3fbc164a5b86ebad","44;62;287"
2950,-0.975849,-0.120685,0.626158,"6abce216ddf9f0479b67bd9f2aac5e94a9aad3151e6bf6f71f57947bc74cdede","44;62;68;275;282;287;294"
2953,-0.962506,-0.117637,0.615397,"aafae21a4dfdf0ceff5ff49f2acc7e9ce98be315be6fbef31f56107fd30cfede","44;62;68;275;282;287;294"
2954,-0.982267,-0.044838,0.660381,"6c332b097a470358246dcfed5095a260441c7b74939bf3145d2120ec888b34f1","44;62;68;275;282;301"
2957,-0.993509,-0.122453,0.665125,"6ef0f45ae9fcdc98ab5fb53decdc5fbf87f3fd538667faf15b7b5dffd675cf57","44;68;275;287;301"
2958,-1.007361,-0.119932,0.655575,"ea7870da7dddda4ccbfdb51b2c9d56be8ef1d7d3866ffaf01f591bfb571fcfdf","62;68;275;282;287;294"
2963,-0.933836,-0.051908,0.812440,"3e650acc5b574e68fd80cd0a4ae23f5078edcbeb68831acef1a78b1921773a86","44;62;68;282;287;294;301"
2966,-0.594525,0.334944,0.853647,"3e976e5e975bd7f9574efdaf4b6cbea55dda95e7eff27d9f7b4fe59777fedc77","44;62;287;294"
2967,-0.893909,-0.050441,0.788563,"5f656a0c1a1b2e683ca0cf88dfc239f036cd5b6f4893554ef02d0b3c04b72b00","44;275;282;294"
2979,-0.721190,0.357594,0.746416,"9fdf0632af919ee7fe7b9bf7cde8de83af63fc97ffe90ef6ba53ffd7cd54b917","44;62;68;282"
2981,-0.992820,-0.113160,0.701746,"d7bee797a2e42db6bbff12f6edfed67fa7f77d97b7dcafe38c72ffc28c55a77d","44;62;282"
2982,-0.939177,-0.106537,0.665374,"da168eb483263843b08ed2b70da7235be6e5ed8538dd90c8d0e3fa83a865ad5b","44;62;282;294;301"
2984,-0.718481,0.357838,0.749032,"f2142d6c30ee5b12b94bb2fd765d147085b75d35b98d315ff13e38d2c8050673","44;62;68"
2990,-0.717635,0.356977,0.746262,"89726d61221a3919247857e49917d260361cb5bdc394a510c6e929c42e8685f1","44;62;282;287"
2998,-0.811760,-0.059778,0.798598,"0d616aec5d5b6b48ef806d0a59cd7f7078cc736e40b3bfdc77cd832d77a767e0","44;62;68;287;294"
3000,-0.252761,0.281033,1.156578,"0088bafd34e47997be054e01bd9f3248e73b3f81029812fdc7bf1a419400250a","17;44;315"
3005,-0.840346,-0.095199,0.872324,"f566d944c25246f870e2e2d85366cd3039dc64ea69d6ed0a38ae653469f342a4","44;62;294"
3010,-0.721210,-0.107894,0.911700,"acffdb57e20227bf749a7ef2716389f177de26eae2f4ad2b6eefe58427f0e4a9","44;62;287"
3014,-0.729521,-0.088713,0.856720,"610f5d65340a663f60a0eac8d321917052c46c6c49b8450ce4ee250468fa4228","44;62;68;282;287;308"
3017,-0.800608,0.371345,0.847274,"f47e7a6c2a835f79108ef4af33c7e3117efc4de66847e20ef3c1a5b961b0667b","44;62;68;282"
3024,-0.654191,-0.075956,1.005777,"ba9ab2f8fdf599d79f7ff43f0edd7eeccf9bb791be2f3af3db5f9affd70dfcd7","44;62;287;301;308"
3029,-0.631312,-0.099529,0.988988,"0abef0fafffd997b9f5f9dbfacfff6accf3bff11b74ffad7dfdf3bffd6cc8fd7","34;44;62;287;294"
3030,-0.609651,-0.102500,1.006337,"beb76c61d77f7159737d7ff75b3dde393f9dd5b1bff06d164fcf25c5e786def3","34;44;62;294"
3031,-0.926356,-0.131292,0.801458,"42bc0390e9a4b8c6ae1b58731cde654aed39b391131f92d21d14bfee895033bb","34;44;62;68;275;282;294;301"
3033,-0.779498,-0.116407,0.941697,"7d9fe965b75e5fb851eebeef5b3d97b61fd4b56eedf0fd8e6eff6594effe5e79","44;62;282;287;294;301"
3034,-0.545890,0.289710,0.995051,"3c0cfefee5775d71d5c675127b7d3329da38132a28b23a8c43ebc001f7fb64e2","18;44;62;287;294"
3035,-0.558659,0.295842,1.014899,"05c9bd5f0d6de7e8ce5bbd02f27d3d2e79527a4a03217bb1479fc314537b55ea","44;62;287"
3036,-1.011600,-0.154885,0.836633,"1c7e7aaf720e3b78384e75e7dd5fa371365d97e7c19429ecc6eb2b842da327f1","44;68;275;287;294"
3041,-0.574971,0.318477,1.037714,"dddc3563a96f47b9e5f2af18de77087701d47c6a69e5791efdda45546af3c432","24;44;62;287;301"
3468,-0.824965,0.252936,0.419007,"2b47724d361e7a387d087f606b1995f436b517eee0b001df26fe20826fa74805","62;68;275;282;287"
3470,-0.792894,0.332643,0.463748,"a1b5955fdd3dc4bf5f5b6d5cf2781cb5d94a521cff6a7b3f2fde5478da58daac","62;68;275"
3471,-0.792791,0.333674,0.463983,"25b5bd73bd3fd4bb7efb2b1cd6785a3b9146781db778fb13cddf5574c868da02","62;68;275"
3472,-0.773937,0.167739,0.509986,"68b57965b02e773770ae6e08f337003014f66c2e78f8f12eefef250062e2c67a","62;68;275;282;287;294"
3489,-0.674826,0.260368,0.617563,"52b2e41dcbb4781bbbd71eb769ccd65e27effd958654bed316729b87afc4fe57","62;68;282"
3495,-0.746622,0.260582,0.596605,"75a2875d180322f876aa426073e09961516c682ee9d3ef0c082e650c60a07088","62;68;287;294"
3510,-0.684433,0.332343,0.655617,"03ad4711d0cfeff7bd68fa4430b71035292e52ec71d9317f2d1e85c04b80e2e8","62;68;282"
3511,-0.664708,0.258195,0.712432,"4d343f0c295717f89eca846cdcf623f19430f822a143ba1cb31361be18220773","62;68;294;301"
3516,-0.516268,0.241676,0.827877,"aabaef5afdd9b0dfdf5fb4fd289cf6988f9bc711b66f2ef35e5f30fbd70cdedf","24;44;62;294"
3526,-0.896067,0.057232,0.434418,"019e7eb534be69377c697674f7289270362e7e0db5bc450fceff32c0cc88d919","62;68;80;266;275;282;287;294"
3529,-0.903362,0.042374,0.429488,"d8589f76284e5534a09aa638f777017b20f46c6a68c58328f1a3641020b0272b","62;68;80;275;282;287"
3530,-0.551849,0.321220,0.909026,"38732aac7c0bd67d000cfdef43c93a10f88947e7dca3401df045a9fd7d0ffad3","34;44;62;287;294;301"
3533,-0.894284,0.060002,0.387554,"78e93a7a19dd53e4e314a4093bdf6230a8fadd524a2bbab5fbdd057b720f466a","62;68;80;266;275;282;287"
3542,-0.936726,0.046804,0.412987,"6ebcacbbcdfd94ee9ff7ac99eefd4b9bc9fbfb133e6fdbb3dfd3dd7fd25d9eda","62;68;266;275;282;287;413"
3544,-0.918102,0.057669,0.405363,"a0f17961fccd55ff623d2428361548301b1a46785a2a70156f89347d7088c6ab","62;68;80;275;287"
3555,-0.964732,0.032396,0.490073,"188c15eb92eb238726010a00f773004023376d381a89493fe9e63250b0c28528","62;68;80;275"
3564,-0.597458,0.334731,0.847801,"3f74e5675f3ffb1857e47f8f5b4d5fa83fddf3ff8df07d9c6f4f85166fff56f6","44;62;287"
3566,-0.952839,-0.020186,0.485794,"1c749ef213ed73d2a7b327185fd7691ba3b059122a651a22dbcd152de2d14622","62;68;80;275;282;287"
3574,-0.914669,-0.021593,0.439553,"70443f6c584c4770a004ed08b737003348f4406a48b3f00df1a9401860a246aa","62;68;275;282;287;294"
3579,-0.979680,-0.037377,0.500284,"095a470d241e6eb075ea5ae4f30095e4166c34efcd94752da67ae1802eb6581d","62;68;80;266;282"
3580,-0.647527,0.347114,0.892506,"5d4c7be5435a7ff075e666825f77b3f532dcfa6e6591a5ccf7fb470526b52d64","34;62;287"
3586,-0.988638,-0.038107,0.513050,"415d7fe4566cfbb6e8c02e08f73f1133a6d5716ba1a9b06ef1ac000061f36768","62;68;80;275;282;287"
3592,-1.005885,-0.045966,0.457960,"2959d145741fce3545e87a4cf33995a05cec166acdba558826fda5104fba5a89","62;68;80;266;275;282;287"
3595,-0.978958,-0.046897,0.444158,"2d796565e45f6fb865ea7a48d33d95b05cdc16eac9b27d8c67dfe584cffb52f1","62;68;80;266;275;282;287"
3601,-0.886469,-0.016920,0.368081,"491c136530ae6b373d097a48bf3380f4943e540831b8d10fa7fe30404a824229","68;80;266;275;282;287;413"
3602,-0.874879,-0.017586,0.359439,"0894376570ee63377c496a50ff370070943e5d0891b8310fe7ff3040c280463b","62;68;80;266;275;282;287"
3603,-0.951691,-0.040455,0.427380,"6aa0e11c5d55c16857f0400a6ac874a459a8a2298f7afedd1d12c16f572c76e6","62;68;80;275;282;287"
3604,-0.974117,-0.062495,0.514081,"87765305721eaa307ce263d4dd0487b5362dc22ee5f4154e262e01006ea50b95","62;80;266;275;287"
3605,-0.976093,-0.062772,0.513110,"925b66041097ae70a444e2c769cc36853ef5cbefeca7146f30620a104fb62fdc","62;68;80;266;275;287"
3607,-0.976440,-0.063032,0.513551,"0b969795f236bd3f385b5ef5dc368aceb70736adb5dc31476c377ec688c4a9d5","62;68;80;275;287;294"
3612,-0.971398,-0.036093,0.453364,"257d3141742fc7b849a8f848d3119524d8dc566a89b2791ca59c213449bb52a0","62;68;266;275;282;287"
3626,-0.992471,-0.050482,0.494055,"233213a9748fb8503d6971e78c9eb480fe191775879400dd0418aae61d8613d5","62;68;80;266;275"
3630,-1.018769,-0.134477,0.520473,"fb35fde5e67efd5f69eebeb78f1fd772fed7ffb5edd7f5cafff9bf8727dcf77f","44;62;68;80;275;282;287;294"
3650,-0.796742,0.305569,0.454255,"5d00df67036e791029c26f00df77037a36b57d2e0190b100d7ef6100eae30352","62;68;275"
3651,-0.831723,0.320015,0.485161,"fd0cbb64016e6b5271eae71813b7333b38847daa28f7b10ad3e96001e3f16662","62;68;275"
3657,-0.650984,-0.078536,0.841484,"468be79b6a80abf8af3dd3e3e4e7ac4667777fd792d9ebf51c36ffc29482256d","24;62;282"
3659,-0.683123,-0.082617,0.885986,"0992cfbd760aa93936d852e7f5639040766c37ad81d04f5d4c2beb842ca021b1","24;62;282;308"
3661,-0.674255,-0.075569,0.866909,"09124dad744e691e3e6856e5fd179260760c372c81d8755d46fbf2802e8009f9","24;62;294"
3664,-0.992075,-0.112806,0.534655,"947f7a61f2cbbff028ac74eb1dcfc3113efdc7f2e0910c6c7c8125a565b327f3","62;80;266;275;282;287;294"
3670,-1.147504,-0.122285,0.629792,"9ffb72f23fd5fbd4af5d14a76cdffff4a699dfd7c641baf1fb592feb1796ad57","62;68;287"
3691,-0.644701,-0.076529,0.991523,"3a9428f8fdf5d17f5f5dfc3f2abc7ef4cd9b9791bf2f72d75b5f9affd30cfcff","44;62;287;301;308"
3700,-0.669861,-0.121566,1.002477,"4bdf7e7ab1fe7bb4bd4dffb4ffff9ef08677fd5fb389bbffe3ff3ad38e87ad79","34;62;287;294;301;308"
3701,-0.768453,0.357470,0.807230,"7e268eb2e9a35ad0a39fafbd48e76b1bbdf5edb63cc38a60dbc7e5fda2f3aed3","44;282;287"
3716,-1.005938,-0.107351,0.703838,"fe7d78eabd7c5fb4a16ebd1dcfff5bf685d6dd7ef807f8b2f3fd84fba2d7de73","62;68;275;282;287;294"
3727,-0.822236,-0.108668,0.908147,"f2a5d284cf41846b8bb2888a24fa6512faf14ba15863d2cbb900cf3f3578b382","62;68;282;287;301"
3732,-0.866600,-0.142825,1.023121,"4f3be300fa178bd88bec1dedccc6f7a6966df7ff8783aef828142ffe8ea72775","62;68;294"
3735,-0.803920,-0.138888,0.912731,"515b410f7498273060ccd2e6f34483f476ec0ec6cd94e52fb424a2802cb77b7d","62;68;282"
3736,-0.854468,-0.109259,0.824174,"00a0c41d180b602876a1e3c8f3e0005058ac6a2829fcc71d8ca6514468a06080","34;62;68;275;282;287;294;301"
3756,-0.914283,-0.117870,0.846302,"402510881989266fae208008a68240d1e880ca20620bc25db5041b3c1000830a","62;68;282;287"
3764,-1.005975,-0.121813,0.738546,"5cfff8f3a57e5fb677ffbf3ddf3d8af997d7fd2eb978f9beebff74b7aadfcc7b","62;68;282;287"
3765,-0.865848,-0.123269,0.902396,"9e4867fb66e8e9846d177293b90f15796a9b37df8ab465e345e89ac0679575ea","62;68;282"
3766,-0.873835,-0.142345,0.879447,"fb163d5cfb77997f19ef9c7f3c3cb6b59fb7d521a5cf71df5b7f79ff5f4c9e7f","34;62;68;282;294;301"
3779,-1.006996,-0.126264,0.786120,"6511fd4de466e91969c8ff44d8779d7e5c547f3891a0f3c847bee682cbe2f2f5","68;275;282;287;294;301"
3782,-0.944241,-0.192868,0.954325,"bc365a7372ab537031ea77fd5f578a11b7bdd562e9f6480ed2c921d66aa90a93","62;68;287"
3784,-1.160630,-0.250537,1.004003,"3adf7aff77d3bbfc1f4cfca76cdfa7e0fefb97c3efbb28fffbf7af833fbf25df","34;62;68;275;282;287;294;301"
3788,-0.928220,-0.194802,0.940619,"4b727fc7a27a3dbd3d7ed7eddd3f9af9b757ff2fd5d0e5e8e6fb7e978ef78f75","34;62;68;282;287;294;301"
3800,-1.081208,-0.149366,0.807722,"2c537c61ac7ffd3f54fff624db3d92295f34ff3898f0619c6fcf75d5dff8dcd3","62;68;275;282;287"
3802,-1.034427,-0.140395,0.771550,"d95efc65bc7e5b1a7deebf75df1dc2638754fd7eedfc7182eff925d06eac4c7b","62;68;275;282;287;294"
3803,-0.996203,-0.230336,1.029950,"5a12eeed6e56f9702dccf7a759bfb642febdbfc588fbe5c8d7fbea8127ae7df3","62;68;282;287;294;301"
3808,-1.011645,-0.215788,0.926044,"2fba60ce7d1dda785b68f5ee6bddbeb4fe9997cd8f32efd5165dabfa7f8e5a9d","62;68;275;282;287;294"
3819,-0.963470,-0.228084,0.972833,"bf5c7feee6767ff871caff325b7fbf797efd97ebe9f729eef3fbe7806ff376f1","34;62;68;282;287;294;301"
3822,-0.864323,-0.207344,0.873585,"3e54eefd6e76ff71bdeef7a759ffb743fef5bfe7e8d731cef7ebeb8125f9fdf3","62;68;282;287;294;301"
3827,-1.132716,-0.158855,0.513249,"b87c387e79cd53f2fb4cf4093fdf033184b9d54a6a2ffa3ff3d9213b62814efb","68;80;266;275;282"
3197,-0.477647,-0.287574,1.639583,"5d37bbe4f06e5fb231eb1e6d5f3fc13097d7d525b912a80afbef2d8ca0f3067b","18;44;294"
3210,-0.420247,0.244468,1.571132,"16f4918adb6596ce0b1fb8bb2cfe6c8eefdbd391370fdaf339141efbd15cafdf","17;34;44;301;312;315"
3217,-0.436046,0.225920,1.647859,"fc3078e07d75515802fda5085ad76b38dc9cff380a07fb90dbc9a17d128946e3","0;44;301"
3232,-0.362728,-0.389623,1.782475,"f84567e5140e6ffd75a2fa4a5b3b11717ac46ceae9b7598ef1ebe5146dfae020","17;44;301;322"
3883,-0.548139,0.122969,-0.141335,"f4edd57bfd6b77ef7fb3f918d6fa4c72dbdf7e027b77dbf3bdbe073ac873e282","68;80;91;248;259;266;275;413"
3891,-0.538314,0.140007,-0.120060,"0296b69bfbb1bcffbf1fdfb7ecee2e44f71beb91b6c90bf72e36dfcb9644addd","68;80;259;266;275"
3896,-0.555447,0.113495,-0.125991,"20ad3e9a9de596c7c6158c11a2fd2600c972cb103a2b5a3f6b17147bd058fc6a","68;80;259;266"
3898,-0.544342,0.111670,-0.122205,"728996fe0dc514ef9f16a009eef224d6c9f2e8000a6bdabdb3f2571b126c3c0e","68;91;259;266;275;413"
3902,-0.543022,0.129518,-0.112730,"6fd4957e29544eb86b5abc4cfa7e9cf7ddd3fceaed63fbf9a3fbe59e5af66a35","68;80;91;259;266;275;413"
3905,-0.533025,0.132739,-0.108101,"2b3178e97d1e5b38616cf40ddb191e14dc8cd5efccb2f1c8c7fda0954f8e7ad3","68;80;266;275;413"
3908,-0.546272,0.124770,-0.115723,"6d14c1c3ac7f4a981ffbb77cd375c9fc55dc7e7eb97479928fdfa5f49afbd031","68;80;91"
3909,-0.538781,0.128877,-0.112868,"dfc7375e09564ff8b58ea740e9e72cf77cf17ceee9c73befb3fac70a43f66774","68;80;91;259;266;275;282;413"
3910,-0.556522,0.103410,-0.133097,"15574167b00a66b874a26be4d361995076c40c6ee9b04d2ea4ae25046cfb4031","68;80;266;275;413"
3865,-0.534886,0.174628,-0.117138,"34b5f82bfc7f96c85a7fbd3b53fc5e18d9df47339e33e8333fcd257dd57bcec3","68;80;259"
3862,-0.535032,0.155821,-0.144032,"c6fcfff3eee87fdebff6ffbeddefdd5b6ff77fcff3d7fff3fcbb7f8ca4d3a771","68;80;91;248;259;266;413"
3952,-0.571399,0.058133,-0.128524,"c4ec9716dacb26ecbeb3ca18e4e36973117e6a02725fcb7fbd06557a9072870c","68;80;91;248;275;282;413"
3956,-0.566350,0.056926,-0.128159,"ecac961a89ed04efbe93a018eef2689f8173ea10324fda73b9965d7bd2558f0e","68;80;91"
3961,-0.565708,0.069965,-0.113856,"03b4fe55ea37bc7b7fdbf2f7f8fe5420ff7f7790b5fb9fce5e3e77c4cde0e3d3","68;91;259;266;275;282;413"
3962,-0.581803,-0.009138,-0.165168,"557d9d65b04e47b670aa2a48d733417290546c6a69d0f12cedaf651488f14331","68;80;259;266;275;413"
3967,-0.561334,0.068800,-0.115060,"03b0ffddeca7e85b7efbf256d0ead429ffef7f85b7fadff51c3affc8cdc0e395","68;80;91;248;259;266;275;282;413"
3968,-0.512864,0.174496,-0.031568,"4b357a5c7bdebb78bcc85e80ddffb370167dff6ec4c1b6cc677d2f8806b62771","68;80;266;275"
3972,-0.517288,0.175791,-0.029138,"1f227eeb2d16da18af40d787ddcf1e62c685fd8f8cc3dbd0c3f98b812f867bd5","68;80;259;266;413"
3974,-0.597206,-0.029260,-0.167388,"2d6b5165200f46b860a8324cd30381b414444c6ec9b0c908a488259468b34221","68;80;91;248;259;266;275;413"
3975,-0.572817,0.041530,-0.129508,"94cfc42f920a6fb836a2efc2d363995479ce6eee68d04d2feca6e504aff3e0a0","68;91;248;259;266;413"
3984,-0.556444,0.056227,-0.112438,"81aadff162a928073e117270b5b3c048272f6a0833dcc3510caa7e408cc0a3a9","68;91;413"
3989,-0.571354,0.054229,-0.107460,"58b0b6f5296d799eebfbb638bfbf4a3fa7d7ed188a6993e0dbf37532c2e0072b","68;80;275;282"
3864,-0.538266,0.163039,-0.136923,"bc8caebf966bb6ee76badbb3777d38497bf7ffa33cfb0fbff867ff85e579be83","68;91;266"
3365,-0.722042,0.246097,0.352493,"dfb095378b7c348debf3a358de364cbfa757f8103745fb408dd25f36c2648335","62;68;80;275;282"
3367,-0.719435,0.245026,0.352975,"6d799d32694c5111e3d8a408b697433b80387c5a4f4ad220cf9975394a230a1b","62;68;275;282"
3369,-0.711200,0.304544,0.371604,"2ca1f842fdf9d149cbf5bd189edd4e38991bc210166bfad05fdd157fd20acfe3","62;68;275"
3376,-0.745159,0.233200,0.324582,"5ca388288b285009a2968dadc7e7435a9195ed100e43cb10dac7053fb0662e52","62;68;80;275;282"
3387,-0.765132,0.197445,0.327674,"e0a49c3889ec148fab37a018a6f0481b81d7e8103a4bdb3199f2557fd040870a","62;68;80;266;282"
3402,-0.781343,0.207783,0.338096,"03fa9193ba89aa96be7908fda486c084874b50159758ca73ac143fea8c0083dd","62;68;275;282;287"
3422,-0.696358,0.328533,0.522175,"e9757165744b673869a87b68f3318d309254446a61b4f10f65fc200040ba46a9","62;68;275"
3424,-0.770976,0.245857,0.369013,"35666a21541bea9c74e472c5c3489f1038ec447facb4ed0e6e6ea504e5bf5ac4","62;68;275"
3425,-0.773178,0.245664,0.370624,"b4636f25144b670034e4c281f34d110038ec496fe8f44d0ee526a50465bb56e8","62;68;80;275"
3431,-0.739810,0.338082,0.560692,"e4151b6e59c64b383104ef1073d7085050fe69ea6982fb2ff1fc820802836672","62;68;275"
3439,-0.697257,0.318796,0.515744,"585d1a6610c67f34b084e70d7787035034f569ee688b904ef1af000820b2267a","62;68;275"
4092,-0.620717,-0.116424,-0.114849,"908d169e92a066e7f403ea1260e2285179e22aa27a8f0a7fb0a6d6093150a00a","68;80;259;266;275;413"
4094,-0.613238,-0.089578,-0.100696,"5abef6d6aab87997bb5fb6bd8fb7c23fa7d7fd9c3249a3e1defb76daa2c4a775","68;80;248;259;266;275;282;413"
4096,-0.610480,-0.089190,-0.101976,"cabef656eab87997bbdfb6fdadf7c67fa7f7ff9cb24fafe3defb77ea8ec4a75d","68;91;248;259;266;275;282;413"
4098,-0.617262,-0.085478,-0.102946,"80acdfb3eca9ecc7be33f2f9b5ebd01babeb7f953278ca73bc9e7f68ccd8c388","68;80;91;248;259;266;275;282;413"
4099,-0.613229,-0.090085,-0.101628,"43a8d7bbaa88ecc6ae13a050b5e2445ae3676a1912498a719cba5f688440a388","68;91;248;259;266;275;282;413"
4105,-0.616146,-0.111284,-0.108544,"d2a0d2be43a0384f3f03c2126dfb605873ff3b90025f8af399ae1b4ba100a382","68;80;91;241;248;259;266;275;282;413"
4107,-0.506255,0.178797,0.093667,"fce5d862882957d832b4ad0957e34b1b11d4ec7a7a43cb30fac1257de2f3ce02","68;80;266;275;413"
4108,-0.622598,-0.146460,-0.140937,"0f01a7a6cd76ef41e5c0cf0259fe3fe2f8e77bef1d83bbc0137dcf048377f0e6","68;80;91;241;248;259;426"
4109,-0.643434,-0.121849,-0.105608,"5dcf5f65b41e4fbc74e8fe44d361917076c60c6ee9b06d2ee2ef25946ef3d021","68;80;91;248;259;266;413"
4110,-0.509404,0.179743,0.093096,"74a5fc64982f57ff32a6ac085367c31219d46c28686bf11efbcf253de1f04e6a","68;80;266"
4113,-0.621719,-0.111490,-0.106504,"d3b4b6bcaab038cfbe13c6f37cf6e07ba77f7b90b2cd8bf39aea5eca84c0a18f","68;80;91;241;248;266;275;282;413"
4114,-0.630771,-0.146750,-0.137803,"dcf75a27f20a3ff931ac7fed4f4fca1036ddc576f0d28d4e7ea525e567b28ed1","68;80;91;241;248;259;266;275;413;426"
4115,-0.615189,-0.110663,-0.108414,"80aedbfbd2a26fc7360342d2f16390497bef029832dc4d7faca6bf40b5d0a188","68;80;91;259;266;275;413"
4117,-0.631820,-0.147795,-0.139403,"9f5e4737623e6ef83de277d75d6e9b993fcdd7afe5d43dee766b6b846ff52bd5","68;80;91;241;248;259;266;275;413;426"
4121,-0.626945,-0.146431,-0.139182,"9f574227721a7ef839ea77e75d4f9b9136cdd7efe5940dee766f23846fb70bd1","68;80;241;259;266;275;413;426"
4123,-0.639501,-0.181313,-0.134570,"5ff79021bb1c3c9f2bf9aafdcf2ece96b747fc35d758dd42bcf43dfeca148b55","68;80;91;241;248;259;266;275;413;426"
4126,-0.636996,-0.181327,-0.137106,"9b6c6737537b6fea3bf6679d7d3e1fbd37cfd3afe5d4bdff374b5d246fd503fc","68;80;91;241;248;259;266;275;413;426"
4127,-0.632998,-0.181176,-0.136795,"1e246676c773fceaf1f2c70269fe3fbf39dff3ab0cd73cfd135bdf07a7757eee","68;80;91;241;248;259;266;275;413;426"
4128,-0.640579,-0.182689,-0.137000,"3e29a6668df7f6c8e785af0048fa7fbee8f2fb831c03baf09b5fcf1fc377fec6","68;80;91;241;248;259;266;275;413"
4136,-0.634912,-0.185868,-0.106924,"258f49ebf48beffc56287aecd36199005eca076ef9b8493f6c8ea5f4dcbbd0a1","68;80;266;282;413"
4140,-0.633684,-0.190738,-0.102862,"a1aedb5ff4afefdf7e8b7074f1f39411df6b179cb3fec97f6cbe37e0c9d0e3a9","68;80;259;266;413"
4142,-0.636001,-0.171412,-0.092509,"cabebefaaaf83ddfbf5fb6b1acffc27fa7f7ff90324dabf3def37ffb82d4a77b","68;80;91;241;248;259;266;275;282;413"
4147,-0.641269,-0.207868,-0.099339,"8abefe5beab8bdd7bb1f74f5aceec61baf7be791b6dfa6f35e737eebc744afdf","68;80;91;241;248;259;266;275;413"
4153,-0.660915,-0.251392,-0.139509,"24617963744f437860246d08535109305898466a48b2793c678d213461bb46a2","68;80;91;241;248;259;266;275;413;426"
4164,-0.663680,-0.233096,-0.014629,"365613a7754f67f815eefb67427c8fd4f8cd86e3cdb359ceb4b6a786697b7ed7","68;80;259;266;275;282"
4165,-0.624797,-0.215206,-0.033202,"4f77bf4efb5f3fb83fee5feddcffcff6977dff66e5c3fbdfef7f6dbe0ef70f77","80;259;275;282"
4171,-0.639747,-0.220415,0.011032,"364753e7554ee6e875acfb4743691d50f8cd0ee349b359ceb5f68707693b7896","68;80;259;266;275;282;413"
4173,-0.640812,-0.221749,0.014107,"1e4572e7571a7e287da06b82c94b1d607add5bef44b0cdce77fd8b0527b76082","68;80;248;259;266;275;282;413"
4174,-0.639258,-0.221233,0.015407,"4f37ff6f735ebfb83bcc5fe5ddff9fe49655ff6785d0bbef6eff2f860ef70ff1","68;80;259;266;275;282;287;413"
4179,-0.647864,-0.249526,0.142683,"7f17620473f6fa703dccdfa7496ebef43ef5bfa7bc9135ce327f8b872fa77c57","68;80;266;275;282;287;413"
4181,-0.640224,-0.254595,0.143619,"df5fe667b3727fb031eedfa7496e97f437f5b5e7edd12dee7a7fed87aff76e55","68;80;266;275;282;287;413"
4217,-0.731524,0.229425,0.312163,"45bcd757d20227b8709262e071f3887337fe60aa21d2bf6f2cae650ce9f022a1","68;80;266;275"
4220,-0.705864,0.221547,0.296098,"51eb90083899828c6b31a8ed8f02c4d682c568d74e2bcf71b834077e58072b0c","68;80;275"
4251,-0.822026,0.254288,0.431436,"1b046565324a7b103de456a1df0f9d71365c3d2fa994650ee6ffa88426a75470","68;80;282;287"
4266,-0.785918,0.259406,0.532732,"49086a8c12d2bb70ecccd688fcd6b360363d5eee8193b44dd5292b80042327f1","44;68;275;287"
4269,-0.784567,0.165072,0.513408,"589edc7e282e45bea1afae6c7763805a13f66c081849cb29f2e77510e8f20239","44;62;68;275;282;287"
4290,-0.906564,0.046410,0.391433,"7ab120f84dddd0488fa4a409efdd6692d8f1fb410e63fa95d3d1893b520e1e52","68;266;275"
4292,-0.947874,0.048642,0.463020,"58789b6e68645796238eee2877f7415a32f46d8a48478220d1a67408a2f3262b","68;80;275;282;287"
4296,-0.896834,0.064152,0.409454,"7438fb60f26c731263ad2f2817f7413a37fc641a1172b800df8d216ce2e34623","68;80;275;282"
3861,-0.540167,0.156813,-0.143323,"c6feffdfe8697fde3f76ffb8eeefde7fe7dfff8fa0f7ebe2b6fe77aac6f1a7f3","68;80;413"
5870,-0.118965,0.050123,-0.776864,"1d04ec67903e7dbe75bb7f10db37997b27d735bcb8d83d2aefef74c4e7f1c021","119;145;433;436;440;447"
5881,-0.118514,0.045037,-0.769155,"df31c3a6b2066e7130c04bc75dc6d2f036ed15fddd98bc4afcedafc02da6a350","119;145;433;436;440;447"
5882,-0.083507,-0.061441,-0.809894,"f66892b2c9ad14ccbb97a11906c26d1ec9efea122e679a6299965f3fc0752e86","119;145;433;436;447;461"
5884,-0.116674,0.045501,-0.768734,"a32d439f51b6abd6b941e8c628e6b5f56cea13dca39a34ef243c8a8a9b9472fc","119;145;433;436;440"
5885,-0.088059,-0.063345,-0.815580,"ecbd903eb9ed16a79b1fa839aef34292897bc9527e4fda33ebd5557bd25d8e9b","119;145;433;436;440;447;450;461"
5891,-0.090175,-0.073964,-0.817985,"6cfd16feeddd56ecc38eac096af96f92d9f2ee624c635abdfbd7453f527fee0a","119;145;433;436;447;450;461"
5899,-0.137678,0.062520,-0.762709,"3340634b47736d4775674792292eb6fc7e8a178db99e35df377eda8237d4f6fc","119;145;433;436;440"
5902,-0.091416,-0.067666,-0.811674,"f084159e980846efbc13eb1ae66228d159826a227a0f4b3fb5a65619104a9408","145;433;436;440;447;450;461"
5905,-0.120457,-0.071307,-0.845820,"6eb4d472e97d5c9fbbbfad194e774e9fb797fd303a47dbd2ffdb55ffe2d4ce53","119;145;433;440;447;450;461"
5911,-0.104195,-0.073582,-0.819537,"e6fc943ee9fd16cc9b1fa11d6ef86e93c9ebea427e67dab3b3f0417f525fce16","119;433;450"
5931,-0.127316,-0.013270,-0.768618,"bdddfe6ebf5fdffe5d4ffc3cdf3dbbb21fd7d77bf8eb7da2fbff7cdde6ffc7fb","119;145;433;436;447"
5939,-0.101390,-0.127821,-0.814146,"363cfeed5f7ffa4a3feefe07ceee37c4ffedffa1adf379df9ffe0397e56f6ff7","119;145;433;436;440;450;461"
5942,-0.093832,-0.070593,-0.806012,"f2f8961e49cd10e89b1de11d66f82e9ec8c3ea434e6bda3191b2503b592dae06","119;145;433;436;440;450;461"
5956,-0.217556,0.157091,-0.664815,"7a2a669acbb0b84eaf17d4b76cee66deeff3ef851e4b8ef19232dbfb9744afcd","119;145;440;447"
5976,-0.143414,-0.076424,-0.772894,"a3bc953f6bc911cebb7b60bdaefc069f877bee05674cda7994725dbad84403dd","119;145;433;436;440;447"
5983,-0.149197,-0.076010,-0.774789,"cbbea41bebf9b88ebe7f44b8ace6c6bd273bfb1db64cee714c137bfb92440ffd","119;145;433;436;440;447;450"
5984,-0.134007,-0.093446,-0.805949,"20ac109ddded16af5e0b4808a6f02040c96aa200562e52bfad96157b1048dc8a","119;145;433;436;440;447;450;461"
5987,-0.145042,-0.076162,-0.769602,"8bbaa41bebb9bccfbf774499aceedebfa73bf395b65ebef30e125feb96548fdc","119;145;433;436;440;447;450"
5988,-0.137132,-0.096614,-0.811666,"28b491bbfdcdb0cf1e3d78198e986880991b8211123eda932d94147fd008878b","119;145;433;436;440;447;450"
6004,-0.176436,-0.009760,-0.755983,"d3e5a7a0994e4fde32fb92185fb65873bdd77dfdfb5fb9e2b9dbfff48051876b","119;145;436;450"
6029,-0.188774,-0.018886,-0.751222,"9cf66d63a867bfbc3effbff5dd7fca3b3f57ffa6e1c1797eef8fefc4c7f3a7f1","119;145;447"
4512,-0.444850,0.126752,-0.347381,"028d3a9d57c7ba671e015a83bcff3040fe3b938102b812ff25279ac21508319a","80;91;241;248;259;413"
4520,-0.458708,0.112325,-0.353252,"829a029b56b1b8621c0f51f3a8de24c0dc3b9381269e42ff0426ba8b150c3c8f","80;91;241;248;259;413;426;428"
4523,-0.448884,0.110573,-0.350486,"02d9029c57c7ba67960050032cde2240ec3b93c1429b10ff31248a8b150cb59b","80;91;241;248;259;266;413;426;428"
4529,-0.463560,0.068043,-0.371064,"0e05a495c53eb42b5dbb4e15c82816cfd146a225b4f853cc2f7f5747827cddc6","80;91;248;259;266;413"
4537,-0.468610,-0.022986,-0.386894,"0add629e77d0bee79d055ca32cfea6c46e3b9381769a06ff36779e8b1f5caddf","80;91;119;248;413"
4472,-0.424924,0.117760,-0.381427,"7361e8a5164aca0c02e096afb30cd7407ecc1dfdcb23c508f8adaff82d9a1818","80;119;241;248;259;413;426;428"
3867,-0.537526,0.163163,-0.121889,"98cf6f9e9d93afe6dc46ff1269603ec56d73eaeb61e92fffbb63c611579fac6c","68;80;266;413"
3868,-0.539861,0.145412,-0.136388,"fddf696e980e4fbc74eaeacc5763195015e67c6ee991dd3ffbaf259478f3c030","68;91;413"
3869,-0.535001,0.162458,-0.123134,"de8d269e8d938ee8dd12ce02eae83fe5d9e3ebe37ce94fffb372c75b523f7c06","68;91;266"
3871,-0.543933,0.144420,-0.136580,"b5cdc45fdc2b6eec77a2eb1271611cf579ee32ee79f65f3f3e2ed504fdfbfaa4","68;80;91;259;266;275"
3872,-0.533129,0.168360,-0.112785,"1073fa65725afe4078c47ea7598e9610bedd07e2c4b2a54a76ed278165b26fd3","68;80;91;248;259;266;413"
3873,-0.531889,0.156233,-0.124819,"2ded569bfd9b76eedf016c0a6af128c4db6a927866ab5abf7e5d056593deda8a","68;80;266;275"
3875,-0.531344,0.168203,-0.112002,"4c327147635e7730794e7768de778cb4365cc62aa1b0a9ea47fb208262a74761","68;80;91;248;259;266;413"
3876,-0.537109,0.138852,-0.137793,"b5ccc75f963be6ee7ea26bd263e8bda579ee22aef5f07d3f2c2e4504edfbf0a4","68;91;259;266;275;413"
3878,-0.541837,0.128489,-0.142580,"d6eefefe8ae935eebfb2dabaedff02736bf7ee82226fcfb3bef3779ba578850b","68;80;275;413"
3880,-0.532575,0.150131,-0.119496,"28a933dbd58dfee4bb0978082cd93810dc7b934262fa9af76fd6962a431ee6aa","68;80;248;259;266;275;413"
3881,-0.543993,0.122638,-0.141711,"77a4b45e896f45cfffb3a918d6ff5c76d9de7b0e2a67dbb3bbfa577e4070f222","68;80;91;266;413"
3882,-0.536507,0.151546,-0.118472,"62b8f25e79cdfbe63ba5fc092ebf4614f8fff7080a7ad2e7b7fc162a4300e6ab","68;80;91;248;259;266;275;413"
3830,-1.134333,-0.164862,0.887254,"d95c7de7b57e5f373dee3f7ddf3f927ba7d7fd2efdfcf1a6e7fb3494eed5c57b","62;282;287"
3836,-0.924969,-0.214066,0.898975,"4fb4fde5fe6ef9db6ffebeaedd3fdd7affd57fb9a173efc2ddffefe4ede977f3","62;68;301"
3840,-1.145913,-0.198094,0.834981,"0f9db497ef7ebcbfbfdf5f26ecfedfeba757bf8197d8fbe90f7bdf878e7489df","44;62;68;275;282;287;294;301"
3841,-1.052951,-0.250506,0.987142,"dd5cd7dfb6eb6f9e3f7bfa72d93799fd77d67e9abbdceff7a4eef7c0aed1e139","62;68;275;282;287;301"
3844,-1.036179,-0.245917,0.968549,"9914f5fd3c6f691f3fe95b76fda7906c374d3f9cb1dcfbdfcdfefbc4be800179","62;68;275;287;294;301"
3911,-0.537551,0.106237,-0.122476,"388806be1dc7d0e69714c20b66d920c5c8f2eb412a6b1abdd9f2c31b130c7c0a","68;80;91;248;259;266;275;413"
3914,-0.548221,0.107530,-0.120560,"3b2d624f57d7bf687fc0fc8379cc36a47eeb93efefa33cff736d8f2877f672c4","68;80;91;266;282"
3915,-0.551127,0.101865,-0.123661,"72c5e0ec4c0bceac0fa2facb43e9145079d47fe24833cfbfbdfe8f1e55fbf026","68;91;248;259;266;275;282;413"
3917,-0.546753,0.106843,-0.121378,"3bad625ed7f7eeef5780ec0269e834a479ea13af3eab1cff3b6d8f01f76efaa4","68;80;91;259;275;282;413"
3919,-0.552777,0.107266,-0.120607,"388d2eba9dc7d2eed615c00362f92001c9f2ebd12aeb5abff9c79f5bd1087c8a","68;80;91;248;259;266;275;413"
3922,-0.559321,0.090286,-0.134286,"f4e586bfd82266eff6b2eb1162e3295279ee6ae26ed7cb3fbca6c7150073ba82","68;80;248;259;275"
3932,-0.551276,0.119168,-0.109163,"5a2172e5035a7a602d80ea024b1b14f43ad5f9e24c91d1cc93fd820363a66b06","68;80;91;248;259;266;275;413"
3934,-0.561820,0.091865,-0.120751,"578c97fedba37eeabf92dae36cff206573e77a8525dfafffb9becfcb23e42107","68;80;266;275;413"
3935,-0.542719,0.118118,-0.107975,"41317964624e733069c8762c5e5d9630b6f47e6bc170f14c77b924824da24373","68;80;91;248;259;266;275;282;413"
3936,-0.541688,0.117693,-0.108860,"88317965624ab33068e87668df1f80b0361dff6181b0a148c7f922804fa207f3","68;80;91;248;259;266;275;282;413"
3937,-0.533466,0.115313,-0.110588,"1a6171e5235a7e302d80f680cf1f80f4b6ddfdea4190b1c8b7fd020266a60764","68;80;91;248;259;266;275;413"
3944,-0.524347,0.175878,-0.057069,"3d7438678d5fdeb85fe8bd08db7d5ca09ddcdf6a8d62f998e7d9853d5b7fda82","68;80;259;266"
3947,-0.560537,0.080866,-0.118404,"07a4d69aeaa1b8cebe93f8f3fcfa7c78fffb7f9117db8af31c3effcacd51a383","68;80;266;275;282;413"
5700,-0.097292,0.061176,-0.645018,"b8e7282c5d89d7ed52a4b48963c95a11d8e8c5676c67ce1ffbc1e53d713e5eca","119;145;433;436;440;447;450"
5706,-0.102170,0.069735,-0.655250,"78ec9b7c1bcc57aeaa8cac087ff30172b0f57ce2694bb22ff9ef25b92031062a","119;145;433;436;447"
5156,-0.317103,0.062512,-0.566507,"f63d6cc8ce6197ef8af698af103d570a89d3dba16823d3527902cdbfdd78d6da","91;119;241;426;428;433;436"
5171,-0.312277,0.079218,-0.540725,"3b5f2a6aabf517df074d5c2d0a9da6f4843ab556df1b32b1737d34cb7bd6bc7f","91;119;248;426;433;436"
5174,-0.319120,0.063199,-0.555346,"e76aec10ec319cc8dbfeb4bf00c8d71bcfcdf6f7ec67cef01e1aedbfddfd5ac5","119;241;248;426;428;433;436;440"
5175,-0.326649,0.132001,-0.514294,"32017ae85d57d06a0fa0f00b08983600d89993f11c2b539c1bd9897f55087c8a","91;119;241;428;433;436"
5177,-0.330421,0.133082,-0.515272,"22c1c08c5d53d86d1b80b10b487a3604d8c197e11c6b08dd391edbff172e7c86","91;119;426;428;433"
5212,-0.320701,0.026234,-0.568892,"9d9e737086db9661dce613facffce4a13735ec23fcbd2dbeb9c74557742e8545","91;119;428"
5219,-0.332280,-0.001189,-0.591004,"0980965930aa6116740972f4b71088fc762e261cb3bc450f04af32c0c880c9a9","91;119;241;426;433;436;440"
5229,-0.334407,0.098353,-0.516210,"170d63de56a7ef71d4c0dfc671e8b56478ea17ef89bb3cff312eaa803dfb70e4","91;119;241;426;428;433;436"
5233,-0.327786,-0.001055,-0.587949,"0902563d348aa116740173f0b71080e8562c220cb1fc450f042e72404c88c9a8","91;119;248;426"
5239,-0.336893,0.082833,-0.520325,"cd537de7285e5f3825feb7f5df778b7f1655fd6ee944ed88e2fb67942eb70771","91;119;241"
5246,-0.337203,0.098423,-0.510376,"93df439e1692eef6b440dae779eeb7e47eeb17cfed9b06ef302eaa803db739dd","91;119;241;248;426;428;433;436"
5247,-0.337057,0.082243,-0.520153,"7f72f8e7653e7b9869ee77ee5b7fdf3eb7ddf5eecdf4edc257ffe5a667f74675","91;241;248"
5248,-0.345763,0.099621,-0.513536,"93df439e1692aef6f4c0dae779eeb1e47eef3fcfed9b24ef302eae803db739dd","91;119;241;248;426;428;436"
4549,-0.515799,-0.091098,-0.358074,"39b2effd3e5be9fa77f9f6e67bed92617fec7ebca9fbef9ddeeff5d4efa870f9","80;91;248;259;266;413;426"
4555,-0.507375,0.168187,-0.232544,"ec7cbf65a44e7fb879ee7708df770b3394557d6ae9f4f92ee7fb651442f34673","80;91;241;248;259;426"
4557,-0.536201,-0.079262,-0.333577,"9f9ffffebeb3dfffdfdaddf679edbf617fff7ffff967aefffacfefecbffff171","80;91;241;248;259;413"
4559,-0.515473,0.170462,-0.230893,"cc753f67204e7f3079ee7708df770b3394747d6ae9f4f92ee7fb651042f34673","80;91;241;248;259;413;426"
4560,-0.512094,0.170111,-0.230253,"cc75bd67b04e77b079ee7e08df37013394d47d6ae9f0f90ee7ff651442f34673","80;91;241;248;259;413;426"
4565,-0.561431,-0.098392,-0.313256,"5b307ae0675df9502d4db6af9f1ed67cee91df91872bf1c0d7d9bad36f8c6f77","80;91;241;248;259;266;413;426;428"
4566,-0.551739,-0.097192,-0.312385,"4b307be16dddf951ad4df62f9d1fd67eee91df958733f0c0d7d99acb4f8c67f7","80;91;241;248;259;266;413;426;428"
4575,-0.559245,0.045594,-0.246439,"eeb4feffedfff9dabffff63affffde6fefffff91b377fbf2dffbffa3d7fde7f3","80;91;266"
4578,-0.532212,0.147618,-0.208122,"49b99145c55e663379ea6e4cde3344b4905cf26ad1f8f1ca27be45064a76c335","80;91;241;259;266;413;426"
4584,-0.529802,0.144865,-0.209372,"eb2ee4157d1ac8037be7b6bd6b28979e0be6ec0cacfee5ca1e7fd1b3c7ec5a4c","80;91;241;248;259;266;413;426"
5690,-0.093132,0.072802,-0.644145,"d42e9fb5a26a3912bcb603f1d5a7c15b27756d9220d58342dca27f85a4f12723","119;145;433;436;440;447"
5711,-0.096793,0.045018,-0.656460,"397d7345675ff57779ea76281a1d95343e9c5628c1be75ce77fd30026fb0c2bd","119;145;440"
5712,-0.098137,0.046415,-0.643119,"743fbb66ba7617d832aebb6856ff49bab5f7fd7299c3a92afb8f2595e1732673","119;145;428;433;436;440;450"
5715,-0.099349,0.061441,-0.646126,"3f68c80d1d1fcac843e0b8cf434857a0d8ecc26fcca7ddbab25d853c6d3f5a84","119;145;428;433;440;447;450"
5716,-0.098455,0.046254,-0.644613,"56b76c25d24a7fa928e42eaf532fc2123bd565e378d88d0efcc52da56db28752","119;145;433;436;440;447;450"
5724,-0.100218,0.045363,-0.650056,"0b4b67c5245a6e30ad4057c0cd6696f726e4ffeee59025cda67b4a8006a72f74","119;145;433;436;447;450"
5725,-0.099078,0.045418,-0.648925,"7fd1634c5d16cf68454cfd0f421c3ef4dc845feecda3799d337c8a1e513ff274","119;145;433;436;440;447;450"
5726,-0.097430,0.061502,-0.647814,"3df438633b7f13d847b0ad08d6d5cb349d5c787a0f72fb18ffdd057eca3b0a23","119;145;433;436;440;447;450"
5737,-0.094921,0.070146,-0.656771,"7ce59866994b578d32a4aa09d7f3495291de6c725863c92af9c7653de072c602","119;145;433;436;447;450"
5738,-0.101311,0.061224,-0.634929,"3066daac52221b4d3285e9a305c72b107e9d85b00a93810bf2e5a2ada5d2268a","119;145;428;433;436;440;447;450"
5744,-0.104835,0.061496,-0.637143,"58689af643c03140bb86e4292ed7631aa2fde5c000578260d3e7522ba032274b","119;145;433;440;450"
5746,-0.103427,0.074373,-0.628093,"fc6b7564284b47b823aea628d777811712d46c6a6863e928f1e2653c62b34623","119;145;433;440"
5747,-0.106192,0.072840,-0.628806,"547a98a56a2a56983baa23edd723415a37d56d660954c90ad4a665b428f30b13","119;145;433"
5748,-0.110920,0.074369,-0.635799,"e26ad3546b99b4c6fbaab0e8228ac5beaefce64044ff806a369e553b41b04e8d","119;145;433;436;440"
5749,-0.106409,0.062661,-0.636188,"3434ae739d7f5043797fbf39423d4f1b8916cd313ef3f9224bd77477c149de57","119;145;433;447"
5752,-0.105586,0.073423,-0.629561,"8d3fd711f2aa2a5238e267f41dd781bd366c027e31d4184e4ccb23c0ebe12b91","119;145;433;447"
5756,-0.107040,0.047181,-0.640173,"ef97f40afb3c3abceb5dbd5d6ceaceb7a7c7ee56b749bff33e7804decad7cb5d","119;145;433;436;440;447"
5762,-0.112157,0.064617,-0.641480,"6cfab772b96d1794bbbfbb3ddefd491e87576d539a61cb60f99665f6c27f8673","119;145;433;436;440;447"
5767,-0.107313,0.031883,-0.640557,"ce79aebac9c59ed8a2d8948df5de7b0bcde3fff7cf43daf0fb51efbd9c773bd3","119;145;436;440;447;450"
5771,-0.124341,0.074165,-0.624952,"f5edd9c6dc63c7fc50a2bd0a7379193659d65cea7963fdae398fc53c75fbf220","119;145;433;436;440;447"
5772,-0.106913,0.032082,-0.640477,"efb0e859ca94b8d97a53659c38d2def9370ab29cb756fe534e29736d9f84eb95","119;145;433;436;450"
5697,-0.114738,0.073735,-0.693855,"1d5dfbc5365e679275e87e421b11956472dc1eeac1b035ea77ed27046ff96021","119;145;440;447;450"
4632,-0.527172,0.166685,-0.114589,"1c677ae5324aff5034a4fe83550f13703efd17e688b0296ef5ed2f8165b327c3","80;91;248;259;266;413"
4634,-0.531071,0.167340,-0.114404,"90251ea7140a7f6424a0e303d74b08117ae54deb68b1490cf1e1af0121b22702","80;91;248;259;266;413"
4639,-0.565555,0.070304,-0.214825,"7ab4e65c1b77526f13efb6bf6a7c16b5fdf4fda1aceffd9f7b7fd597e76c7e5f","80;91;241;259;266;275;413;426"
4681,-0.577466,-0.059221,-0.272380,"0e9caebffdd7bfeb9fffd617ccfc7e4fdd7fbbb5b4f97bff6f5fdfef9e7cbdd7","80;91;241;248;259;266;413;426;428"
4686,-0.563530,0.076791,-0.216021,"25b5b143d56d43994be92d48d2755c34191a12389332f9122d9c057cdacad2b4","80;248;259;275;426"
4689,-0.587837,-0.059561,-0.271721,"7d7179e83d5d5b7843ecb50e3bdfd230de98dd6acb23f89df3dda1bc7faf7673","80;241;248;259;266;413;426;428"
4702,-0.579540,-0.060540,-0.271339,"4ab1b4ec6dddf9588ffc950beedd4ea6ccbdff518f63fbd1df798bff1e2e17f3","80;91;241;248;259;266;413;426;428"
4705,-0.560595,0.066138,-0.214536,"7a38e65c1b77507b17eff6bf6a7c16fdfdfffd81bcffff9f5b7fd5d7e72c7e5f","80;91;241;248;266;413"
4725,-0.562765,0.079391,-0.215351,"57a8869e5b93aee8bf90c3036ce27dc6f9ed7bd70ec39ff9b936cf3f81263b86","80;91;259;266;413;426"
4728,-0.576888,-0.062995,-0.270561,"b97b69ec74074bf85168f4ee535db3307e8817eee936741ff2c9a1bc7fab72f1","80;91;241;248;259;266;413;426;428"
4733,-0.590859,-0.089600,-0.271429,"23eb6a0a5f91bae44f045caf28c8f684fea983c7c63a0efd3e5d88eb551f7acf","80;91;241;248;259;266;413;426;428"
4747,-0.598367,-0.117450,-0.252525,"008e129f55a3a2629e885942e4e220c0f82a028332ba0aff1c268b09196a3988","80;91;241;248;259;428"
4749,-0.620928,-0.120956,-0.253710,"0d142a9f55f3bb5216454d96fce622e47e28829cb7b63cdf47278b419e0f3df4","80;91;241;248;259;266;426;428"
4757,-0.593638,-0.090221,-0.268677,"39597b6974cf6b3164487eee331d90307eb8176cc9ba740de7ed20c06d8a56f9","80;91;241;248;259;266;275;413;428"
4305,-0.919887,-0.021543,0.393050,"2db56d65fc4fe7b860ec7f0cd3759832185c766ac1f0fd0f6dc965a462fad6f1","68;80;266"
4318,-0.950193,-0.019379,0.457033,"383408245d4f526b52e6ac095239421019ecc0212c3ad11ef9c7053de12a5eca","68;80;275"
4319,-0.974335,-0.046386,0.441032,"bd746169355e4bb871eaf54cdb5d9bb51ccc546fe9b47d8ee7f921946fb74671","68;80;266;275;282"
4344,-0.946667,-0.039385,0.548358,"b8224e29039b40103531e611430102d9708ce80008d4c500c6e1704163807802","62;80;275;282"
4356,-0.996825,-0.110172,0.551819,"8f13edd7a27eb910397f57f4dd3e9fef275f97cda1d425c0c67bfa808ef527f5","68;80;287;294"
4419,-0.901086,-0.191524,0.919653,"de13d3ae3a5a1a18acccdbe5cde681f2b67dfd739501e5c8b8f52b9a2ea62575","34;68;282;301"
4424,-1.098441,-0.148084,0.821028,"ac866c69e57ffd79543ff51a5b79ba395998d7aab8b6699f67cfe1d5f7e8de83","62;68;275;282;287;294"
4427,-0.902865,-0.227620,0.942702,"bf7d678bffd3fffcedccdea749deb7e4fef9dfe7ecb36dfeb759af83773ff7d5","34;68;287"
4437,-1.070589,-0.205982,0.879560,"bd9febeff416ef7154cafff679efb6617eee17eee9b32def76eda7807ffaf0f1","62;68;275;282;287;294"
4456,-1.262698,-0.170357,0.589142,"58f9b872b9dc53b6ab3dac09bf9f429085fffd505a4bfab5fbdd377b42008f5b","68;266;275;282;413"
5075,-0.295712,0.069752,-0.588372,"cfc4e557c53ead8f78330212c8329cef23477a9db1dcf5e20d3ede0687549bac","91;241;248;426;428;440"
5079,-0.292502,0.069623,-0.578390,"965ea6b58826ac02b99e93d7cd2f518fa775fd97a0c583ea80f2ff80ad712531","91;119;241;248;436"
5081,-0.299342,0.079387,-0.577254,"148b96bf5b83a0e8f6b5c30265e228da7be56ac004db8f3d9ce2cf4fb02a2986","91;119;248;440"
5108,-0.312601,0.118576,-0.534888,"84ce9cb794e8a7a7ded70977f462cb4253622a52725c4a6f6c06ff45987b8d02","91;119;241;426;428;433"
5133,-0.308798,0.052489,-0.571238,"afd7a553b13f5e9f176b1ffc7a7c9fa4955a957eb7e079bf2b5f35b6dedf8c75","91;119;440"
5141,-0.314241,0.080526,-0.553656,"66bb96ba298d90cc8f99b06de6f86c1a8873ee51166b8a7198925f7bd80a0f1b","91;119;241;248;426;428;433;436;440"
5154,-0.309662,0.034577,-0.578996,"4b95ec9be2f83dbf3a5f5eb4fd669e6f275bb59d93587f756e3ffec0b6d6857d","91;241;248;428;440"
4767,-0.547638,0.084095,-0.133040,"d4ec8716c9e986eef6b78019e2e0688f19e66a127a4b8a3bb9065f3dd17d978a","80;91;248;259;282"
4768,-0.551924,0.079159,-0.121732,"01af8fbfc8a3acce3e93d0c2f5e230617bef6a8922facf7b3c2eff08ddf02388","80;91;248;259;266;282;413"
4769,-0.552317,0.079136,-0.121195,"018f496d348b6a3a76216ac0f32390605a2e2a2c0bb8453fecaca3406c8a50a0","80;91;248"
4772,-0.556755,0.035452,-0.114914,"9abaf2dc53d0b9423fcff4b729eee6d47fffa78036dfa6f35e779b8ba7c427d7","80;91;248;259;266;275;282;413"
4782,-0.574937,0.030449,-0.129031,"f7ae861ed913a6e832b7e89f62e03f97f9eeeab77e43dfbf3e67dd7fcd7efacc","91;241;248;266;275"
4783,-0.591483,-0.008551,-0.167196,"fbaee6501db95017e31fa69d2aa8d69e89a2ec1cbe6fa6c71a5b505be38cda4c","80;91;241;259;266;275;426"
4785,-0.598516,-0.009366,-0.167906,"7b326b682bdd5950837db5ed0a9dd6be8e91dd558f2bf290d3d930fb6f8d5e7f","80;91;241;248;259;266;275;413"
4787,-0.600064,-0.029347,-0.166430,"59326e790bd65112e75d96a50b9c82fe24a4fc9c8fc9b791c3f930d32a846c7f","80;91;241;248;259;266;275;413"
4801,-0.623867,-0.021635,-0.112363,"68a098f0a9e9110f8b3fa539ae974a1a8313ed101a4bc211dbd1507fd0488f0b","68;80;91;248;266;413"
4826,-0.620763,-0.131328,-0.106288,"419ed9e7e46a6fbf3aea7ae8f7f7d07037fe7e2fd19acd63bcae25a40cf2d339","80;91;241;248;259;266"
4829,-0.636403,-0.165657,-0.115100,"64f9130e598da7e8eec0e908e4f1691450786a4243239a7d3d34077a583323ae","91;248;259;266;275;426"
4848,-0.655951,-0.226417,-0.119988,"2fb6f861fc7ff91b7bffbdbddd7ddf3c9f19f73d9762ffd04fdf2fffdee44ff3","80;91;259;266;275;413;426"
4851,-0.666828,-0.240188,-0.137669,"5c7519ec184f57b8a6a8ab08d7f7095290756d624943fb1ff1a52f3c20330732","80;91;241;259;266;275;413;426"
4852,-0.667281,-0.241140,-0.137633,"dc7511e6b86f47b835aaeb18d777097011dc6c6a6997f90ef1a4253c22f30633","80;91;241;259;266;275;413;426"
4856,-0.667240,-0.253323,-0.137732,"2faee413ec3bcceb5fbfbd9de368df9f99cae60fb6764fb51e5ef5bdd7fddac5","80;91;241;248;259;266;275;413;426"
4858,-0.653204,-0.246640,-0.138815,"7eb9e006cdf9d68f6be5ac8f2bec569459c6e9111e2afeb19f55157fe75ede5e","80;91;241;248;259;266;275;413;426"
4864,-0.654467,-0.235463,-0.000596,"b6ed52fad62beee07d22e91ac76a3d117bcf5be378b349febcbe8f74f57bf380","80;91;248;266;275;282;413"
4866,-0.710831,-0.253055,0.010751,"b4cf869e9d4be6e85eb6eb4a62e029c6f9c66af268e34b7fb9a6cf1fd97b7a86","91;248;259;413"
4870,-0.666449,-0.227936,-0.016904,"1e6572ef370b7ee87da0fb8bcf7b1d747edd7fefecb24dceb6fe8f0727b77206","80;91;248;259;266;275;282;413"
4872,-0.674335,-0.270367,-0.173424,"19976be8b6a3eb7f5449dee679efb8607faa1fbc9bbb25dffaefbac0bdcaf0f9","80;91;241;248;259;266;275;413;426"
4874,-0.675756,-0.250703,-0.134520,"7ab6a04eeb7d57df03effd2f4afdceb4dddef7149f3afa935f5f15fff3cefeff","80;91;241;248;259;266;275;413;426"
4890,-0.687707,0.235137,0.278664,"78ea6821ac495d8e63f5b0a9830c56128bc7ed55ce7aed31fbc135f5659cd64a","68;80;266;275"
4933,-0.950235,-0.036435,0.477762,"85db4701f21e2ebd646852e4d10090e5364c7eeee5988d5d2c282fc42cb2899d","68;80;266;275;282"
4941,-0.953684,-0.035333,0.482972,"6914ff47725efb3479c87f4cfb3d957036745c78a1bc314e67ef20806fa34779","62;68;80;266;275;282;294"
4960,-1.004754,-0.125457,0.474372,"5838bcf8a8ed5913aeff9e29bfbf434a87377d118a49f310cbdf7f9990e00d5b","62;68;80;275;282"
4961,-0.977449,-0.132190,0.587289,"0ab8f6dc7dddf973ef4d7e27acfeb6e4ef3bff8586b9b2dd4f7f9a8b068c7dff","62;68;80;275;294"
5005,-1.845182,-0.539942,-0.272413,"b8146ae47476d37855cef7175b1dbb417c8c97aee8b6308e73c9a1856fa97cd3","80;91;248;413"
5026,-2.004833,-0.673087,-0.318012,"3e99f4e7355efab0439577026b7f5fc6eed7b5d18ef87be14ffbc7c7e7ae74da","80;91;248;413"
5031,-1.872681,-0.757503,-0.367906,"b85c7aec54577bf8544e74027b1dbb317ed897eae8b638bf77cba08567bb7cfb","80;91;413"
5038,-1.916467,-0.372452,-0.362972,"7b2107a85d576849ade0c30b189a72d2e88dfbf50f83d7d497798a790a0e38d6","91;259;266;413;426;428"
5057,-0.285067,0.103734,-0.577504,"b7bfe7febe03cff817baf2fe73eabd637fee7ffbe9f7cfffb8eeeff4bdfaf031","91;119;241;426;428"
5380,-0.367151,0.003598,-0.529967,"0ea6f9ebfce9fada3f31b9faddeedc38ff9b5f91973acfd7dedfbbfdd5cbdd81","91;119;241;426;428;433;436"
5389,-0.366083,-0.039774,-0.565616,"267039ca6d45ba408958992b0c9f6e26cc1197c3c623baf017588abb171f35d7","91;119;241;248;426;428;440"
5396,-0.379965,-0.016301,-0.535937,"2acd63def5d3efe75f485a2268eeb5e4f9fa97c8e7ba2cff332eae8117def4fd","91;119;241;248;426;428;433;436"
5397,-0.379086,-0.016024,-0.535614,"0a9f63def5d3ae775f485fe268eeb4e47ebb9783f7ba2cff367e8e83174efcbd","91;119;241;248;426;428;433;436"
5398,-0.387360,-0.015884,-0.541625,"03ce629e77b2bae65f05dea368eab660ff6b9381b69b2cff36368acb950f39cf","91;119;241;248;426;428;433;436"
5400,-0.378809,-0.014266,-0.536446,"02ce629e5683aae7de0558a360e8b6447bab93d5a6bf0eff3c268ac1950eb5cc","91;119;241;248;426;428;433;436"
5401,-0.377120,-0.016400,-0.533342,"164c6bdeb4d34ff4d74edea27bc7b5e47bea1ffeeb8d2cffb2bea781369b746c","91;119;241;248;426;428"
5402,-0.379456,-0.016543,-0.535248,"174d63def4d36ff6d7c2de8268e7b5e47aea1fcaef9f2cff323e8f8037bf747c","91;119;241;248;426;428;433;436;440"
5408,-0.377183,0.104544,-0.446318,"3bdb629c3c90ccf6c440d0e73188b2e06eaa17cdcf8b06fd3228ba883f9cf89c","91;119;241;248;259;426;428;433"
5409,-0.379559,0.104566,-0.447783,"3348639c0c90cef6c440d0463188b5e048e217cdcf8b16bd3028ba883d9c788c","91;119;241;248;259;426;428;433"
5412,-0.387575,0.105640,-0.451073,"314942de5c94c672d408d0423198b5e448ea12cbcdab06af302caa083db9788c","91;119;241;248;426;428;433"
5414,-0.391658,0.106394,-0.454038,"b287049a9dd1c46f9715d9b300e83ec5498283817e0a4a973b729a7f170cfc46","91;119;241;426;428"
5417,-0.365973,-0.102663,-0.576327,"3c9ebdfe9f5797f817ffd4667afcafe5fdfebfa2e9e3fbbffbe7e79fbb7c7473","91;119;248;426;428;433;436;440"
5421,-0.373682,-0.104855,-0.580128,"38b2fffd3f57d17857fcd6667afda2647dfcff208dfbeb9ddbebe7973fac7c77","91;119;241;248;426;428;433;436;440"
5425,-0.377725,-0.107164,-0.582058,"3b306fe94e8f79526560f6c69b9f94706e9d7f8d89bbf7d0d7e9b2802f8870f9","91;119;241;248;428;433;436;440"
5428,-0.379122,-0.106808,-0.582541,"7b337fed6e5f795967ecd6e75b9da6e46e9dff808df3e790d7e9a3923f8c74f3","91;119;241;248;426;428;433;436;440"
5436,-0.390045,0.113849,-0.419631,"1acd7bfcf6c1bf679d045ca2399d3440eebb97c162bb24ff736d9a8b379cb5eb","91;119;241;248;259;426;428;433"
5438,-0.394766,0.113613,-0.418941,"12857ffed7c3bfe78d01d8223c7f3460eab397a1728b20fd73f69a8b1548b5ab","91;119;241;248;426;428;433"
5446,-0.408046,0.129302,-0.399660,"89f6098b1ce303dc567dcd16f0c3aac459088aaa2b837d1de125ab74121ab4f0","91;119;248;426"
5448,-0.402859,0.121389,-0.397509,"26c461ac6c21fe4d1f43f9af79ec3c00ff8917a7c6324ed3365dafac55fef0d0","91;119;241;248;259;426;428"
5453,-0.404659,0.105791,-0.401405,"4ed8d49d6d4cfcc8ab183002acda7d4be24dffc342459af197badbaf1635458b","91;119;241;248;259;426;433"
5454,-0.396489,-0.056785,-0.520323,"d9468cb60c041c94c0f2861bf728534b85c5fd27ec45db82d2e3df150c7c194a","91;119;426;433"
5459,-0.398768,-0.104399,-0.550659,"3932efed7e5ff95877fdf6ee5bdd966c7efcff2c8df3ff9d5eebe1846fac74f1","91;119;241;248;426;433;436;440"
5463,-0.416647,0.142699,-0.384215,"06913bdaefc4becd8f591d33fcde6c6bee1b97d3d20b3af17f119eeb1456a5d3","91;248;426"
5469,-0.410553,-0.056023,-0.504776,"02399ba74224bd1002a059c2b5f74042767f33c35150da604580eaa0046321b1","91;119;241;259;426"
5475,-0.429919,0.062579,-0.410464,"b9cc4c9e2c81cffe1642d4423341b16148c21e4aeb2e47bff0ebf29875985028","91;119;248;259;413;426;428"
5476,-0.428684,0.063392,-0.409449,"bdc46ded0c0b4fb55773975e5320b86149843e2ee9346d97f4ebe1b43dbad060","91;119;241;248;413;426;428;433"
5488,-0.416335,-0.034872,-0.478390,"021231986fe4b843895b5077bc9e240bce339781b35e42c10512faca140c85fb","91;119;241;248;426;433;436"
5493,-0.417798,-0.099083,-0.497058,"39b2ce9d5dd7c9f8d6fcf64e7be0fac159eceea8a9f3ff9dd8a7e7bcbf2c7cf1","91;119;241;248;259;436"
5495,-0.422436,-0.055173,-0.476249,"cc1cbcf5aa69350b9e3f3631ae3f434b8753ed10324ce3b3cfd374b39048856b","91;119;241;259;428;433"
5693,-0.093891,0.073035,-0.646161,"5ddc95b7aa6e17b7b8f68afdff76435b87777c27e94dfb2be1f27f1288748579","119;145;436;440;447"
5271,-0.337857,0.045973,-0.540647,"43fb91123a8c3b9caad408edbcc6c6f686637855c749fe71ac100ffa0c86037d","91;119;248;426;433;436;440"
5275,-0.334769,0.008801,-0.564434,"f66beda4ce41cded82f6908b212c57134ac57be76863ef983400edbd657cd6f8","91;119;241;248;426;428;433;440"
5283,-0.346058,0.071843,-0.525543,"0fb8f6d077dbba43bde856229c9f26eca73dbf43159930e45f7f0b830e252997","91;119;241;426;428;433;436"
5286,-0.342650,0.065071,-0.523814,"5f5afbf4637c7f12a9ee37fd4fbfd77ea7f5fd068555b8e2d3ff69a786f50777","91;119;248"
5289,-0.350432,0.072078,-0.524834,"0f8cbaf1759effd3eff13e169cab76e6efed5f4ff599b0f0f7fdcb641e6dd9c2","91;119;241;248;426;428;433;436"
5294,-0.323600,-0.040483,-0.591373,"06dc9697d7b6beae3e9f4b17ec6a0fcff36fb39336d81bff2d36dfc78077ad8e","91;241;428;433"
5303,-0.349986,0.057445,-0.521800,"3fb570ebfc3ffb794f79bda7df5fbe24ff9b1fbc9aba7dd5eeddabf6df8ed1f5","91;119;241;426;428;433;436"
5309,-0.341948,0.052937,-0.520296,"6fcefbf164d9ff73bfe6fffa9daff6f0efadff8fd1bbecf036fdafe117ecf5f1","91;119;241;248;433"
5310,-0.353096,0.054620,-0.528043,"1a037ce36c59f97c6dc4b5abff4fdf72fe99dfabcce36fcdded9ead9478e7df9","91;119;241;426;428;433;436"
5316,-0.330346,-0.039521,-0.580834,"0a872aabd6e3bb4b1e4559a39cce3a40fb1b9391129808d74d05bae1950ebdca","91;119;248;428"
5318,-0.343270,-0.040857,-0.588284,"a6cd61d3d7a1efe75907791b48683d0dfbcb13c7707e5cfa3c1e9f2afd7fd086","91;119;241;248;428;433;436"
5321,-0.347836,-0.041421,-0.590573,"a6ccc197d76ba6ef5fb77917e8683d8dfb6b83f373fc58ef2d1edfc7df7dd98e","91;119;241;248;426;428;433;436;440"
5323,-0.347026,-0.042392,-0.594033,"07ac9c9fdddfbea81ef35303ecfe2f4ff97fb2d377f81bff2d36df47957b398e","91;119;241;426;428;433;436;440"
5336,-0.356639,0.035311,-0.527481,"0fdef3f176cdfff3ef76beef9daff660effdbf87d1bbb4f0fefdabf23fadf5f1","91;119;241;248;426;428;433"
5337,-0.354015,0.029642,-0.529377,"df5afe742b5e5db0b9fe36bddf3f83ffa675fd66e555b1cad3fb65962eb50f77","91;119;248"
5339,-0.349900,0.029188,-0.527088,"5e7efaf4637c7b52a9ee36ad2fbfd7fea7f5fd8ec557a0e2d3ff798ba6f52f77","91;119;248"
5345,-0.357417,0.036584,-0.528611,"eab0fdf17c59f958bfdcb4b6fd7fde77ee91dfedf3e377dddfd9faf88f8c67f9","91;119;241;248;426;428"
5350,-0.356917,-0.057002,-0.592929,"76dda8b6bd2656ef55ea9832767828e1d1f69d23f96b09aeb817cd96947eb80b","91;119;241;248;426;428;433;436;440"
5360,-0.371024,0.142887,-0.440620,"35084bce06a2ca5084c0d34271c8b16078e012ef89833c88d0298a083dab7020","91;119;241;426;433"
5367,-0.360268,0.009308,-0.527071,"6f70f0e56d3cf918abfab7bdddbfd73eafd5fd9f8567eac0d6dfefbe8ff54bd7","119;241;426"
5368,-0.370247,0.019599,-0.531889,"cf997cf1ec8bfcf3bd3ab25edd1a34dbefa57febf17d5bf4dedbfbd61da9d991","91;119;241;248;426;428;436"
5369,-0.373741,0.018810,-0.536882,"7f92fae2e60dfffc3dcaf6ee7fefff507ffb378dd93ea5f2dedfbee8ef8a7bf9","91;119;241;248;426;428;433"
5370,-0.357467,0.011011,-0.531085,"5e7afaf4637c7b52b9feb6fd0ebfd7ffa7f5fd868557b2e2d3fb71bbaef52f77","91;119;248"
5377,-0.366120,0.069188,-0.487290,"02c5638c5492ace704405842280ab4e0482a1384c38a24df222c8a80151cf0ec","91;119;241;248;259;426;433;436"
5378,-0.369107,0.069133,-0.489760,"0384049dc595bc2f1f5b5017ac683ec1c90b9385f61c02d52632dac31c0cb995","91;119;241;248;259;428;433"
7152,-0.273180,0.093923,-0.597456,"0a8c639b57f7bbe21f45ce8368ef36c479bb939132bb3cff3b7f8a43b74f35da","119;241;426;428;433;436;440"
9220,-0.519483,0.176278,-0.040389,"2f31684d6b1fbff85aec7cadd93d9f249e5cd76f8022fd98675921bc5ebf13f7","266;275;413"
9222,-0.557318,0.085313,-0.138571,"bbb46effeebffedcff72f6b7fffe1673fbff7f07b463eff3fffbefba77fffb97","68;259;275"
9224,-0.573229,0.077086,-0.203981,"098e5365343e6a36750b7e54ff2390f4576e2c2cb9bc452faeff20c0aaa2c821","266;275;413"
9229,-0.597027,-0.001039,-0.197511,"dfeee69feebbfefeffbed697e9e8fe4b7fef6f8ffeffcffffe7fff8deffcf9c4","266;275;413"
9238,-0.510910,0.176698,0.023711,"fc30fc70a9fd5152e35fa51d1b9d423b8790fd149e67b210dbd9507be3854e73","259;275;413"
9253,-0.580926,0.025354,-0.127139,"24ec9ededae197ee96b788b864f7691bd97beb12324fca7b7986557b9073a72a","80;248;275"
5503,-0.439352,-0.036761,-0.445551,"30494aec1c8556748480d8033389214048e8074248ab52bdf3a5a21935ba708a","91;119;241;248;259;413;428"
5505,-0.464431,-0.036159,-0.447538,"8797e9c3a636af9f5e7b5ff6d92cda687f4f37bdb3f86de26c2fbfc4bddcd1f1","91;119;241;248;259;413;426;428;433"
5506,-0.479931,-0.036208,-0.450825,"8d95ede7b436ffbf527b1f16d93d9a225f4635bfb1f07da26f6fe7c4affad071","91;119;241;248;259;413;428;433"
5513,-0.435027,0.021519,-0.401385,"268434baddef91eb9d37b11b4c5d2e09c9939333722f5bdf5d125b5fd108d4c2","91;119;241;248;259;266;413;426;428"
5518,-0.449740,-0.108215,-0.472189,"1a5372e1e759fc576d6cfea78d0f96f4ee95dfe1d5ba65c0b6f98a836f9cfffd","91;119;241;248;259;426;428;433;436"
5520,-0.456295,-0.130650,-0.475129,"3a307ee96dddf841cd25f6038f9f764aee9dff918abbf3d0d7f99afb378c75c7","91;119;241;248;259;426;428;433;436"
5528,-0.450459,-0.069472,-0.452532,"afddf6d6f736fefb1bfa7d924cfebe65ffffb767f4f23aff7b5ecfc6f7ffe1d5","91;119;241;248;259;413;426;428;433"
5534,-0.444423,-0.068956,-0.440413,"0edce7d3f47affb75fff5ff6487dbe893fdfb793b1fc29e22e5ff5c6affdf4d9","91;119;241;259;413;426;428;433"
5535,-0.467230,0.027223,-0.384169,"3a8154fc455654690117b50b4a3d2e95d99285205c2b509d13fe5017732ecc06","91;119;241;259;413;426;428"
5541,-0.457988,-0.098841,-0.452760,"7b3262c87d57d858adecf5af0e8eb6f4ee9dffe58da3f6dc92798bbf1f8e2fd7","91;119;248;259;428;433"
5542,-0.455518,-0.098420,-0.453254,"66bce6dfed53fee81fb7d207e8ec5fc1dbdfff236ef3fbff3f7ecfbf956c74c3","91;119;241;259;413;428;433"
5543,-0.456799,-0.097699,-0.453142,"6bb2b6dd7ddfb958bffcf727dcfee6e6fd7dff2587f3fbdd5f7bebbf122e37ff","91;119;241;248;259;413;426;428;433;436"
5579,-0.496280,-0.092185,-0.380668,"3932effd3e1f795b77f9f6e65bfd96797efcff9c89faef9ddeebf3c46fac70f9","91;119;248;259;413;426;433"
5586,-0.535568,0.127467,-0.210159,"7a78645d0ffb50076775a69f4a1c16ff68b6fd918eeff5d0137bd113670cfe56","80;91;241;248;259;266"
5593,-0.550632,0.071651,-0.216049,"feade404df53d6efc1e6acaf4a6c1f9779c6e9e7ec63fd8e3a5fc53f67fe5e5e","80;241;248;266;413;426"
5596,-0.519396,-0.090830,-0.359205,"39b2ef7d3e5f797b77f9f6ee7bfd92797ffc7fbca9fbef9ddeeff5d4efa87479","80;91;248;266;413"
5679,-1.789348,-0.562916,-0.297358,"3c547e4c6676597851ce7522535dbf315e9c172aa8b6348c538be18467eb74f1","80;91;248;259;266"
5696,-0.091263,0.071699,-0.643662,"46bdb7568b4c1fadabf28a08fef749f607f7794a5949fb69fb764d1a82f2877a","119;145;433;440;447;450"
6050,-0.323164,0.143585,-0.501688,"b6dfaf76fa6717ff13ef9dbf72fdfb31ddfe3567f9c72b2f790665b6f5fbb47b","119;241;428;433;436"
6052,-0.318493,0.130175,-0.511227,"324940894d87d0640da4f80b08182600c8ad93410cbb519c13598a53550e7c8a","119;241;436"
6057,-0.287553,0.127401,-0.551377,"4d051394e8722cbbc8e28e0eed629b66336768ac6543b4cebafecf3d8ef0214c","119;241;428;433;436;440"
6070,-0.350864,0.139446,-0.464102,"9e0d50f7d5627ea739077b13493a17cdfbcf95a37cfc09eea7f6d687a7f5f886","91;119;241"
6076,-0.289363,0.093759,-0.606826,"1a8c229a15f7bbc69f47cc1328de36e4f9bb93912ebf3affbb7f9a43930f3dee","119;241;426;428;433;436;440"
6089,-0.393822,0.128272,-0.421157,"314e6edc16b24e77c5c2fee663e0b7e47ae63eacedab24cf32efa4902ffc782d","119;241;433"
6091,-0.288791,0.066509,-0.607684,"dbd1feff6f5efc71ef5db7b3ecfe3effeeb7ff83e44bfaf9f7fbca9337ecfdd7","119;241;426;440"
6094,-0.207165,-0.018866,-0.724371,"0a96375931bcb937fd0f7e74acbea4e4873b9710b3bc20c70ffe3ac2c20405ff","119;145;428;433;436;440;447;450"
6096,-0.415299,0.124429,-0.392717,"145cbfe534a6eb52ad88de2296932160ea381f1a89b130eef19daa8084fb7123","119;241;248;259;426;428"
6098,-0.240386,0.034333,-0.674518,"69a4f965f46f631b76a96e18d371403059fe54081bbaf90fefcf3160e8eac222","119;145;426;428;447"
6103,-0.237628,0.033306,-0.674031,"e028f15160cd61127bbd76189295c43c199c661803fefb504db87160e38846a0","119;145;426;436;440;447"
6105,-0.248488,0.033206,-0.681931,"abb4f75bedffa0cfdff3f0588ad8d4af896ef219a7fffff30f1a557edb5ddbac","119;145;426;428;433;436;440;447"
6106,-0.249734,0.055023,-0.632297,"5b41f6e5760a7a387da0ff82db2f95727ec57feec8f2c5ccf6fbea8427bb7100","119;241;426;428;433;440"
6108,-0.246012,0.055511,-0.630899,"522176e5160a68606da0f282cf0b15527a857fa90891c5cc96f88a0425a87300","119;241;426;428;433;436;440"
6112,-0.244511,0.051025,-0.680814,"d2beffdacae099ceb717d4b36def645b6fb3ef903a4faef3dbb3dffb95c4275b","119;145;426;428;433;436;440;447"
6113,-0.234224,0.030803,-0.672805,"e5f9b6586bd9b0c8ebd1b4282ad867bfaa71ea51c763be711b59473f4b046b86","119;145;426;428;433;436;440;447"
6117,-0.242838,0.051294,-0.679196,"da36d6bacae0b14fbf17d2b36cdfe25b67f3ef9132cfa6f3da637bcba744a74b","119;145;426;428;433;436;440;447"
6120,-0.238002,0.031543,-0.677526,"73713e280fd99048eff4b0092ed87633aaa1ea41ce6396d19250433b590e2b86","119;145;426;428;433;436;440;447"
6128,-0.248933,0.047201,-0.638888,"5f337ce5361e79306de8f6e5df1f9f74b695fdecc5d0e5ccc6f9ab8626a64375","119;241;426;428;433;436;440"
6130,-0.257773,0.046570,-0.644337,"d22172e1460a68416920f28a0b0b14506a855fa918bfc5c497f88a4465806200","119;426;428;433;436;440"
6138,-0.251509,0.052893,-0.687883,"76208ec808854948ae34a4089483635ac8b06bd80a03d250d1b08a3910022622","119;145;426;428;433;436;440;447"
6141,-0.254387,0.042508,-0.642797,"4f737d652c1f5f186fec3feddf1dd73296d5fd6fcdf0ed9ee6dd21b66ebf4775","119;145;241;426;428;433;440;447"
6144,-0.254862,0.030779,-0.690684,"72613e280fc9d268ef84a00b2ed87612e8a1cf634e2392dd93d0033b512e2f06","119;145;428;433;436;440;447"
6148,-0.291817,0.051210,-0.599670,"db5a7be66b547dd6a94e74ad2d1f97fea7d3f5c6cd1eb2ebd7fffe8b2e952e7f","119;241;426;428"
6149,-0.259373,0.029078,-0.646886,"3a72f2c153db795033edf6af0b1fc6bd3e9df7908ef6f5c05fd911e767846ed7","119;145;241;426;428;433;447"
6152,-0.217505,-0.070773,-0.738120,"0912fff134bc79123d5976f4bd1f9268e63bbf9cb3dc65d5c6ffbac08e800971","119;145;433;436;440;450"
6154,-0.246858,0.036153,-0.628750,"77e3fde57e0bfab85bb0b1cadf2bdd527fcd7f6fca72cdd99edaeff47dab5301","119;241;426;428;433"
6170,-0.271768,0.024434,-0.644159,"a7b57dfbfc9dfefd9f7bbdfbdc7ffc21dfd3df67f36f6bf7bedbfffe56ded1f7","119;241;426;428;433;436"
6184,-0.324234,0.044261,-0.559665,"217caa3525bdb2c6dae25c0fb4985328b96b521d84f8942ac64d1d32cc7b5b8e","91;119;248;426;433"
6187,-0.269259,0.021654,-0.642501,"2684d3fcf48bfee89fa370caddeafc40ffe9370922f388dfbc9eefecd5e85181","119;241;426;428;433;436;440;447"
6191,-0.255194,0.010632,-0.642709,"677b73007c9dba50ebecb9ed8cccd7b48e29de75c523eedc165c2bbe5c0e5bd5","119;145;241;447"
6195,-0.344172,0.046597,-0.532326,"5c52f2a4a37a3110a3af1fab4fa763de37f5ed3300558980d2e76d85a6f72f53","91;119;248"
6204,-0.263226,-0.000223,-0.644631,"5832bfbc2b5e1910a3ecd6e5fef782d2b6f5edc0c941b349d3f36b8b2aa62f7b","145;426;433;436"
6214,-0.266373,-0.009437,-0.646824,"2db32d597cdf99f85e7c94edf8dcdea0df18d77d87627f954e5badfc5f8e5cf5","119;241;426;440;447"
6216,-0.363161,0.036828,-0.529419,"d69b77f1ee8bfbf0bd3cb2bfcf2df479efb5fff7f83f69f69edaebd63fadd1d5","119;241;248;428;433;436"
6222,-0.272745,-0.018640,-0.654290,"5a724aa443d07950354456a74d87c2dc76bdafcc09d2b5c0d6e1ba812e842e71","119;145;241;426;428;433;436;440"
6225,-0.366539,0.020443,-0.529695,"368574e9fc3bfbf90f39b932cf5b9cc5ff93dffbba236dddbeddabf6bf8bf1a1","119;241;248;426;433;436"
6226,-0.287892,-0.014062,-0.656676,"7220deed0e0be848afa0e2824fcb35527aa56be908f387dc94ea8b3565aa5980","119;241;426;428;433;436"
6227,-0.363075,0.021809,-0.527309,"3ea774e3fc6bfbf90f79bdabdf5dde24ff9bdfbb9ab24dd4deddabf6ff8fd1d1","119;241;248;426;428;433;436"
6228,-0.304493,-0.002723,-0.605179,"cd5f7f65325e7f3429ec76e49f1f93f33675dd6ee1d025cce6f967802ef40f79","119;241;426;428;436;440"
6231,-0.273902,-0.019576,-0.654018,"2b737b4c6bd6b958a8ccf7e718d6e6b66efdf6e085d3b6c45769238b4b872ff7","119;145;241;426;428;433;436;440;447"
6233,-0.355582,0.009871,-0.548387,"4fb9b51b7bdcabb0aed104acfce6c6e68763fa5f8349fe712c141ffa0e86037d","119;241;426;436"
6234,-0.332353,0.008729,-0.563454,"e86be1b56c49ed2710ee50a9b1add11b48fe77c5487ae4086541fcb845bcd6f8","91;119;241;248;433;436;440"
6236,-0.275449,-0.020435,-0.654768,"0b777b692976bf58e54cfca5999f9724ce1ddfefcd83e7cce7f9aa9a479727f7","119;145;241;426;428;433;436;447"
6242,-0.350973,0.004702,-0.565702,"e19b7e44a49e5437e90cfe44aa22967784a6ec4cdca9254da6f960134a84ca0d","119;241;436"
6243,-0.318728,-0.019044,-0.623030,"144d1baf34c76f7014005b42f7773140587a17eb49b8593fe1a7aa0034bb35a0","119;241;426;428;433;436;440"
6247,-0.310522,-0.019898,-0.617314,"00dd3b9f54c5bfe61e045843b4fc3540d97b13c122ba5a7f6526ba08141935ca","119;241;426;428;433;436"
6253,-0.275041,-0.041805,-0.654209,"217229096d5fc158cfecb54c9288d620d8084e6d8f23fb1d041921be580f5ad5","119;145;241;426;428;433;436;447"
6254,-0.291011,-0.042365,-0.663553,"1a727f652f1fb9587fedf7ef5f9d9624b615ff4585f12bdcd3db61d76f8f0577","119;145;241;426;428;433;436;440"
6265,-0.290339,-0.046561,-0.657867,"7020dfed6c4be9486fb0e28add8b14527a8d7ba900f3c7dcd5b88b3535a873a0","119;241;426;428;433;436"
6270,-0.445819,0.022577,-0.404235,"866902985dc0b2c49e805003acd87241c86993d352fe82e03d308e6b151d398a","91;119;241;248;266;413;426;428"
6279,-0.295333,-0.059804,-0.658567,"0fbdfdfbb69fff9c5ff93df7d96ddf259f5bd7ffb7f86dff6edfafe4fffed3f1","119;241;436"
6283,-0.286896,-0.071205,-0.659727,"5b327be93e9df9512d68fee7dc9f9f60ee9dff85cdb1e1c0d7fdaa824f8c6577","119;241;426;428;433;440"
6285,-0.303664,-0.074344,-0.670518,"533079e13c0bf8532c29f2ee9f1f9468ee957f8d81bbc1c0d6f9bad00c8821b9","119;241;426;428;433;436;440"
6286,-0.293348,-0.088414,-0.663412,"1b737f612bd7b950adccfee5199f8632ae9dddc4cde3b3c453d922834b8627f7","119;145;241;426;428;433;436;440;447"
6290,-0.307486,-0.090118,-0.672084,"013279e1748f79533429766cb71b90707ebd170c81bcc15cd6ad32802c880029","119;241;426;428;433;436;440;447"
6295,-0.290769,-0.088792,-0.659984,"513339e1248fd9133c68fe659f1f8120feb57d85c9b86112d7ed2a906c80037b","119;145;241;426;428;433;436;440;447"
6309,-0.314520,-0.112200,-0.670751,"7891f9e53e4d533b06edbcadf73d42009e15fd019938fb19fbc521bd74aa067b","119;145;428;436;447"
6315,-0.327288,-0.080637,-0.625010,"d55ffbfe8e244ffcd0d28dc67def7b6b77c339eef943beeafbcbcf3cbdf3a170","119;241;428;433;440"
6319,-0.446752,-0.033780,-0.433387,"02a03a9865d5b8631c495013ac8e7220c83b1301061e32d315149a6b140835ce","119;241;248;259;426;433"
6320,-0.314537,-0.114474,-0.660805,"a5f37149748beffc556874ee73419d347ec8167ee3b26d7f6c0825e47f9a52b9","119;145;241;426;428;433;436;447"
6323,-0.320357,-0.114083,-0.662285,"21437545240bef3964e87ee6d32191245e84166ec9b0650c64ae618467ba50e1","119;241;426;428;433;436;440"
6326,-0.305045,-0.134820,-0.678854,"ed719045e03e661079a87748df73c9b6947c6c7a81f0d94aa7f96504caf34a21","145;241;426;428;433;436;440;447"
6330,-0.313560,-0.137861,-0.682933,"696ff24574da662669e4eea8a32897b42aec664cccb8e46826fc100143f54ecc","119;145;241;426;428;433;436;440;447"
6333,-0.323258,-0.116426,-0.665307,"a1d76749748beff85c6070e65140bc257e08166ee1b06d5f2408a5847daa52bd","119;145;241;426;428;433;436;447"
6335,-0.437728,-0.032897,-0.434158,"ded8acf6ad54de9893da950358ff7f6bcfd5bde3ec47bae0f35bcfbf07773473","119;241;433"
6341,-0.303379,-0.138567,-0.674416,"3a79604557ddb6676169f8ab223c16b46cbed741ccbad42d372c94a3631cdede","119;145;241;426;428;433;436;440;447"
6349,-0.309660,-0.140510,-0.680265,"3a79e84557df966641ecfc2b223c1600acfed741c8bad1ad370d94b3655cdedb","119;145;241;426;428;433;436;440;447"
6352,-0.265282,-0.221302,-0.765775,"9e10aaf905c7f9401787d7121d9f7a48f8b997910af730c2d3d59ac7950834c2","119;145;433;436;440;447;450"
5791,-0.063001,0.064319,-0.788558,"cd729017ed1caf98fab3b754dcc0d9ae1f4dea5ba365ffe2043f7f1cce378ba1","119;145;436;440;447;461"
5805,-0.077426,0.061850,-0.794178,"277ee557257e7d9877fb77757a7ddf3fdd4c770eadf4fbea4f7ff586eff756fd","119;145;433;436;440;447;450;461"
5809,-0.071135,0.031744,-0.787451,"ea66e227757b7a1421ef37bdeb2ddf9e9fe4ed17acf4edaece5fb191e69f5e5d","119;436;440;461"
5811,-0.080914,0.034355,-0.795628,"fa6bec27825a4e3131e6a6af632c97535ae4ede3ecf2e52af267e59167f45e5e","119;145;433;436;440;447;450;461"
5814,-0.074787,0.031500,-0.791651,"fe7b6e56835aded4b1f4f7af4bcd1f9f3ef4fdc3ccf3fda0f369c59367bfde56","119;145;436;450;461"
5840,-0.088750,0.000173,-0.796691,"f99ddc7f9aaf17b63eafee18ff7f0271b5f7fd43b9dd793ffbef35d0e9718a3b","119;145;433;436;440;447;450;461"
5843,-0.113324,0.101506,-0.753719,"ed75e002c95d56e8e3f6ad094afc5f9699ccc4626c63fe3a3f59053feb7fced6","119;145;433;436;440;447;450"
5845,-0.114381,0.101289,-0.754428,"fefce236f97dd6e8b3eebc2d6afc4f97bdf7d527ec63f82e7bdf45bfe3764ed7","119;145;436;440;447;450"
5849,-0.112368,0.099839,-0.750721,"cdb66901305c3b30386e5ff59c16caf41618942ef594a542664d22c44e870ff5","119;145;440;447;450"
5856,-0.079354,-0.034207,-0.799188,"2abee618fbb9b847bb5f7cfd28acb69f8f2bc715b66ba6d31e5658ebdf4cffdf","119;145;433;436;450;461"
5862,-0.117444,0.069445,-0.758432,"f0f4ff5c6a40956df15af53032578c334ed954a269e6e26b71aa768a69b0a6bb","119;145;447;450"
6357,-0.267190,-0.222844,-0.766535,"8e30829b45d1b8409f8251138cde7349fe399393049612c00751ca8b952d3d97","119;145;436;447;450"
6358,-0.331929,-0.138036,-0.646461,"57634b8c3a802b48acc097eeddc68b7436addeefc103a45c9420abb825a32375","119;241;428;436;440"
6364,-0.327563,-0.140652,-0.632641,"1addfafecbd095e78507ccb22cbf2660e2fb9381520b32e773e59e0b3754a5fb","241;426;428"
6366,-0.451567,-0.069610,-0.442804,"0fdde6d7e710ffb61fd75fb648fddeaf2f57b7deb3fc2be22e5edfc687fffcfd","119;241;259;428"
6836,-0.290049,-0.041941,-0.662080,"4b737f602c1ff95cefe8f7eddf9dd724be9dffed89f3a3d0d3d921ba6f9f6775","119;145;241;426;428;433;436;440;447"
7060,-0.308216,-0.091342,-0.669647,"1fb2ff7073dfb950bbf836ed5cdfd631b77dd575a1fbb8cc7bdb2de6cfa427f7","145;241;426;436;440"
7108,-0.311974,-0.144931,-0.682478,"27a76009fc1bcefd566dd9cfc368de0059ca077dde326d9f2c1ca5fcf58ed2c4","145;241;426;433;436;447"
7166,-0.274417,0.075076,-0.598736,"cfb0f4faed7df9dabb7fb5bfacffde3fefd3ff95b66ffaf3dfdbfbff96cd4fd7","91;119;241;426;428;433"
7180,-0.292538,0.104508,-0.572495,"37acf7fffe2beef85fb2f2ea77fb9d697fef7f3da1f38fffbcbeeff4edf95381","91;241;426"
7186,-0.269486,0.021221,-0.644693,"23a056ed6c03e8499f90f0c2ddcabc40fa893fa902e34fdd1cba8b9c15a87180","119;241;426;428;433;440"
7187,-0.265536,0.019878,-0.643277,"322054ed4e0be8490fa0f0c28fcb34407a8d7ba908a347dc94b88b3c75887180","119;241;426;428;433;436"
7375,-0.342511,0.088602,-0.520384,"1e1e42bad282be53bc8453e76dceb3497ee99797f49d06eefc67afc0ada7a9d1","91;241;248;426;428"
7393,-0.323330,0.026330,-0.568751,"f67d2cc8cf6197ee8bf69c8b12fc5d2b89d3dbe34863f2517100cd3f5579d6f2","241;248;426;428;433"
7397,-0.344102,0.074545,-0.519268,"bf9175ebbe5bf8790f71b1f2df5f9ca1fe9b5fbffba96dddbed9abf47f8ad1b1","91;241;248;426;428;433;436"
7401,-0.332523,0.063016,-0.536286,"2b76fb4f1174b95420cdfce4a9868fbfcc39d490abc2f2c843d9ba8bcbd66efd","91;241;248"
7406,-0.349677,0.076838,-0.520448,"2fb571e3fcbffad81f79fdfadf5ddca4ff9b97bd9b3a69d69eddabeeffcfd1f5","91;241;426;428;433;436"
7410,-0.343767,0.072608,-0.520559,"7f8078e1e50ffff97f6ab75e5f697e70fd8d3fafd936d9d6d7dfcbf43fabd800","91;241;248;426;428;433;436"
7412,-0.346491,0.067927,-0.519806,"cb5a7ef46e04fcf6bdcaf6e7fdbfb77beef57fc7e8ef92ead6fbfe8a0fb52919","91;241;426"
7414,-0.305297,-0.091236,-0.666292,"2fbaf371f2dffbd83bed34ed5efdd7b4b77dd51cb3f8a8da7fdf25e6cfa447f7","119;145;241;426;433;436;440;447"
7416,-0.335326,0.027353,-0.564823,"a16aa8b56c0dedd61abe148d9188530a896d739dc476e6024409ffbdc5fc53c8","91;119;241;248;426;428;433"
7428,-0.318418,-0.014952,-0.599269,"7a7072e86d55d85c096cb4af0e9ddebcee9dd5158e23f0d0d3d938bb478c7edf","91;119;241;248;426;428;433;436"
7432,-0.336633,0.017560,-0.567104,"5f5ecabe00241a12b0c2cac569ee035af4e5bd878d8796ead0e7da89a9772b1a","91;241;248;426;428"
7440,-0.314445,-0.109236,-0.676101,"23127349741fe9715c687ae6911eb5a47e1816ac81b065cc069ea2805daa71b5","119;145;241;426;428;436;447"
7442,-0.333519,0.009017,-0.573635,"26626d1acc719fc8c256b58b42cc7f0b99c0e3674c676e305303c53dd57ff6e2","241;248;426;436"
7445,-0.336800,0.022902,-0.557752,"5c36dae4e232395120af4fb94de7cb1a37dde5b010d18942d6e7ef85a2e2af73","91;241;248;426;433"
7450,-0.340473,0.027595,-0.550215,"e22bef174c59e565e8e632afb12cd71328e66347c4faf4087609f4a1657ed6de","241;248;426"
7451,-0.337277,0.008584,-0.577365,"f6b6a9648a6797ff1bbe987f567d4503bdd75da3e8675b5af9066dbef578163b","91;241;248;436;440"
7452,-0.373018,0.142784,-0.442037,"be5d70a6b576d6e619c6bd1f4e7c3f11ddd395e37ca718eeb3d78d13cf7fd817","91;241;426;428;433"
7456,-0.331274,-0.015851,-0.603930,"3a4162c8d7527efe51667c0a093d37bc7a9c97eadcba35ce777f9087e7fffeee","91;119;241;426;433;436;440"
7472,-0.315544,-0.120638,-0.675637,"12dd6ab85fd1b6ee9f55cc8328dc2e00fb9b93c36e2b3af7f3458a6f351dbdde","119;241;428"
7475,-0.332014,-0.000634,-0.564383,"099c93b931ec21173e494a54be9720e4a53b121893981127c5f732420a00a139","91;119;241;428;436"
7479,-0.362365,0.039110,-0.527549,"b7a774ebfe4bfbf94f79b9bbdd5f1e05ff9bdfb1beb24dddfed88bf67f8ef1c7","91;241;248;426;428;433;436"
7494,-0.346958,-0.013919,-0.584625,"4b7277e9691679582d6c56e5999fd7ecc61dff9d8797f3d057f9baca3e8427f7","91;241;248;436;440"
7496,-0.343383,-0.013962,-0.583363,"4b7077e96d36f8582d487ee7999f96ecee9dff9d8db2f7d0c6f9aaca2f8461f5","241;248;428;436"
7500,-0.366059,0.068812,-0.487468,"8285229995b3b8631d515712882836c5c90b9311b69804d70e52dac3160cb986","91;241;248;259;426;428;436"
7503,-0.333730,-0.080673,-0.627786,"cfdffdf7a6a07b968f5816e6bd6ff36b67733dcea34c2ee1cefbfe80bcd12179","119;241;426;428;433;436;440"
7512,-0.393188,0.106686,-0.450769,"13cb6a9c1690ed778404dcc7298ab6406eab17cdce8b06fd322dba883d9cb8dc","91;119;241;248;426;428;433"
7528,-0.373889,0.000665,-0.535234,"3b146ac3d6b3ead65fe97ce639c9f5a07fab179d8fba34fe3e4db7c0ffdf789d","91;241;248;426;428;433;436"
7529,-0.380571,0.001327,-0.539319,"3ffee3c87693ee5b574b7ce639d9bc247fa8179d8fb224cf360ca7acff9ef0d5","91;241;248;426;428;433;436"
7531,-0.384126,-0.001174,-0.541846,"33fee3cb7693ead057495ce679c8bca47fa817dd87bf2cff360caf807f8e7895","91;119;241;248;426;428;433;436"
7533,-0.324656,-0.140308,-0.640277,"d38e87bfabb0bca7bc53c2f7ecae32efe767f985b5cd07ef8872ded28c44b95c","119;241;426;447"
7534,-0.370107,0.001887,-0.532377,"2ead78e1f6bbfb5a5f61fdca9b09fc047f9b97bd9b3a6cd61eddabe4ffcf52b1","91;241;426;428;433;436"
7542,-0.389386,0.112499,-0.419290,"3adf7ac877d3ba668d047ca328dc3604eeb997c1c6bb24fd335d8acb778e7ddf","91;241;248;259;426;428;433"
7543,-0.368813,0.037849,-0.503351,"58c896af050e6ea78f339b128daa3042614d3d43409198d1a1f58f74147a9100","241;248;259;426;428;433;436"
7552,-0.402656,0.122319,-0.397240,"235e628a64b5bade1f4e78e7acceb700de2b97c7863266f916149aaa1d5f35dd","119;241;248;259;426;428;433"
7557,-0.409615,0.121704,-0.398608,"3c4342ec5d07ca7887a8b44a13d9718458a897e94823409cd2cda1bd7faf7882","91;241;248;426"
7560,-0.384110,0.019862,-0.504900,"600be8cd7c20eb1a46015cc6b128b1605eca374d8238e7ab442daa8895eb70a9","241;248;259;428;436"
7565,-0.416769,0.122348,-0.396181,"829e1ad966e43037bc1b5632a4baa669e73b3700b6dc22f70e367ac39c40ad9f","241;248;426"
7566,-0.409695,0.121713,-0.395993,"90df5bbeb2c0be67884cdee735eea640e63b8d81548b242df2e1be893550addb","91;241;426;428"
7571,-0.411397,0.106690,-0.402293,"0a78929d6dddb847af845400ac9e67cee639b381041c92c00731daab160c2d8f","91;241;248;259;426"
7582,-0.390692,-0.009982,-0.515416,"3defc9fbb48b4ff5d658bde6736199215fea146efbea6c3fe88fe590fdfbd2a9","91;119;241;259"
7583,-0.377699,-0.026902,-0.535696,"02cd229fd5c2bee71d465a83acee3644d96b9381669832ff2d369e03145cb5de","241;248;426;428;436"
7586,-0.426234,0.116800,-0.380799,"029dda9cd7b0b4673d875eb72cba26c0b33b8381749800ef2e771e83ad5ca99f","91;241;248;259;426;428"
7587,-0.418495,0.116117,-0.379131,"1b8fcabcf292bee73c0d5aa72d6aa6c0f6eb8785769b04ef3a67be83ad54a98f","91;241;259;426;428"
7589,-0.436880,0.151635,-0.343406,"addde1d7f43fe7bf50ea7d567169bb25594e126ef1fc7dae6e6ff584efffd0f0","241;248;426"
7591,-0.427938,0.108397,-0.382447,"b15b6b5e74c54ff455c8744e33c5b57558e816cac9ba642d70a8a48875bb74fd","91;241;248;259;426;428"
7594,-0.426513,0.130001,-0.359034,"218f08ef948c6ff746095c42b3e1b06058ea06cc5bba40bdecafa408319ad8a8","91;241;259;428"
7598,-0.429511,0.062824,-0.407625,"c054bdf52c4a749cbd7a9270f739916b87547c22e1e5638ac2fb769404f84529","241;248;259"
7600,-0.431077,0.123326,-0.359682,"21a170c97485a36f5e095862bc99b464da2b138993ba40df241caaea5d0871a9","91;241;248;259;426;428"
7604,-0.434858,0.123392,-0.358448,"221222a87483ba684c04d18780c83f01de0913a7e6b314dd10188a265d8f7190","241;259;426;428"
7606,-0.424994,0.108656,-0.368601,"39cd63de9cc2cff6d4c8da4271fcb5e468e217efe9ab2eaf306eaf883dff707d","241;259;266"
6693,-0.258654,-0.002927,-0.646811,"60315340795f6250e928b4680e93a5f4b09c4e684123b0d8179c00ba4a8242b5","145;241;428"
7932,-0.351755,0.074336,-0.523178,"d7815de3ec0fec796f7ab75adf4b1c697f857fabf1774dd7dedbcbf47daaf901","91;241;248;426;428;433;436"
7934,-0.342200,0.028213,-0.551437,"f36f4c45ee1b462761a6b6ae2328d7bf2ae4eceeece3e5083248c5136ffcda4c","91;248;426;428;433;440"
7945,-0.356961,0.056452,-0.525868,"cf8975f1eedbfef1fd7ab7fbdd1fb6e9efb57f7ff57d6dd49edbebf65f8dd175","91;119;241;248;426;428;433"
7955,-0.361961,0.037593,-0.528188,"f6837cf9ee8bfd799f7ab7fbdf1ebe61ef957f67f9356bd79edaebf67d8cd155","91;241;248;426;428;433;436"
7959,-0.349895,0.029170,-0.527241,"5b58f2f467547c56b9caf6ab2dbff7fea7fdf785c4dfa6ead2fffa8b0ff567df","119;248;436"
7960,-0.352380,0.009238,-0.545806,"2a76fb4e5174295f73cd7de428c6cfbc5c9886988b16f6c2073db4abc3d66efd","91;248;426;433"
7969,-0.360686,-0.040200,-0.565442,"bccdd5b69567cfef5fb7b9127e6a2da1f9c72ee37d675befb997df14917be42c","91;248;426"
7248,-0.279321,-0.021926,-0.655554,"5a217aed6e0bf8486d20f68a9f8b1470ee9d7fe888b3c5d4d6f98a1137885180","119;241;426;428;433;436"
7252,-0.302272,0.070141,-0.573742,"cf8eed5bfab6bebfba574cb5fdefdefb174bb39fb64c3ef76e5fdfcd96d49d69","91;241;248;426;428;436;440"
7258,-0.306243,0.079806,-0.560039,"94ed97bf9a266eeeb6b2ea93f5e7295b737f6bee70d78b7be9a6cf04a173a3a2","241;248;426;428;433"
7261,-0.271085,-0.033946,-0.651790,"eb32fb5c69567918a3ccf7e459d7c6f656fdffee8fc7f3c157f9a38b0a862ef5","145;241;426;433;440;447"
7273,-0.306500,0.070386,-0.566011,"4fada457cfbcbc8f7ab70402e978572f234ff9999648fff16f4fdf69a7d5d3ac","91;119;241;248;426;428;433;436"
7284,-0.320520,0.081604,-0.556776,"7ab3ac181bf7115f53fd95ad2b9cc6bc849ef5908f4bb791dbd111ff7b047e7f","91;241;426;436"
7288,-0.303434,0.038452,-0.591775,"4423d9a7f26a73592bf54fa857f7ca5a33de64311350ad40dc242565a4e387e1","91;241;248;426"
7290,-0.306961,0.052222,-0.570809,"5a610acc1bc71248a480c40b1ed32110f8b94be24803105cf3858b3d3b322b12","91;241;248"
7294,-0.323331,0.107063,-0.526706,"0dedfedffe1befecfff25f02fdea396373ef7bff73f0bfff6c3fcf64bdfbf188","91;241;248;428;433"
7298,-0.304157,0.033529,-0.596595,"5c1eeafe29305fd2b18edea769efa3ce6df7edc208c7a3aa52e7f889a6f73c7b","91;119;241;433;436;440"
7304,-0.292844,-0.060169,-0.665607,"19333e612f5fb1506c6df627de1c86a4ae14ff0585b17594d7cb2a936b0c4df7","119;241;426;428;433;436;440;447"
7315,-0.288595,-0.049611,-0.654150,"de7c7ed6abf6bff0a9de97a76cff277fa7f7fdf3f4c7baeefb7b4f8307772f57","119;241;426;428"
7318,-0.308296,0.034055,-0.588401,"5fa183859776a80526e18b83d9fe5ae63007f9bd15d1b5c09b6dcf45aee6b954","91;241;248;426;433;436"
7321,-0.323054,0.081599,-0.541898,"56aa861ed9c144eef79f805d6ae26cdfe9e7ea913e4bdaf9b812d77b9874aa0e","119;241;248;426;428"
7325,-0.320634,0.081688,-0.532320,"a4ccc57ffc2be6ee76a26a50f3611941596e222b60f4493f2cae4504c47bd088","91;241;436"
7326,-0.324692,0.081649,-0.534011,"998e8e1d937b65fb76a66e14636183d539eeea2825fc770f6ca76505ebe86c88","91;241;248;436"
7328,-0.319921,0.062767,-0.557003,"a36aa8156c1dadd6daee148d9188570a8d6d73cfc476e622441ffdb94dfd5ac8","91;119;241;248;426;428;433;436;440"
7330,-0.329145,0.081727,-0.531656,"dded0e1fd26a67ef76a66a14f56209d1716e22aa71d4dd3ffca76705a870aba0","91;241;248"
7336,-0.325615,0.076552,-0.542105,"47bead1feaf9bdaf9a5714bcececde6f8763f915b748ee732c325ffe9474857d","119;241;426;436"
7337,-0.320360,0.053139,-0.559596,"e283755eea404dbd3116e3f049c78cf77695a7aa7246efd737b2d0ce3780a624","119;241;426;428"
7338,-0.325658,0.080744,-0.533292,"9eb65421f31a3c3939bf35ff4d0fce95371dc734f6d40ddf3e512de727848fd7","91;241;248"
7344,-0.322306,0.044786,-0.568738,"f66d6d0ccc6997ee8bf6bcab022c571b89d3d9634863e6127b10cd3f557d567a","91;241;248;426;428;433;436"
7350,-0.327181,0.058936,-0.554196,"4a7ad35c43f0abc6a9ce7ce028b7c5fe66ffa6c0018aa6e8173c328b83f527ed","91;119;241;248;428;440"
7351,-0.311044,-0.021063,-0.619091,"2add229f55d5bee61f045803accc36c4d87b93c166ba1aff27368e0b171e3dde","91;119;241;426;428;433;436;440"
7366,-0.319370,0.044753,-0.556820,"a76ae8156c1dadd65afe148d9088d71a8ded73dfc476c622441bfdbccdfc5acc","91;241;248;426;433;440"
7367,-0.328223,0.063699,-0.544652,"e36bec15ec19ec25e9e6b6ad2328d7bf0ae6e24eed7ee448361944316dfcdadc","91;241;248;426;428;440"
7200,-0.287987,0.068823,-0.598733,"fad2f4fe2d745d9ebb5fb5bdeeffdeffcfd7fd85ee47fad1d3fbfebf96f4af5f","91;119;241;426;428;433;436;440"
7204,-0.285289,0.068854,-0.595297,"de5e7e782bf45dd6b15eb6bd2f5fa3ff27f1fdc6ad4732aed3f37a9b6b952f7f","91;119;241;426;428;433;436"
7207,-0.274954,0.003974,-0.647674,"132056ed7e82e848bfa0f2c2ddeb3552faad7fa948d387dd96fc8b8025a87380","119;241;426;428;433;436"
7226,-0.288422,0.050438,-0.597946,"6bd6f9fe6f547dde3b4ffcaf7dbf9ff4ffdfb78dc516bee377fffe8b2fd66eff","119;241;426;428;433"
7241,-0.296891,0.078914,-0.566531,"34bb868e4dcfe0c88e9cf06f62c062c6e8a8ea50037392519c10c37f592a7a96","241;248;433;436"
7879,-0.320024,0.062773,-0.557348,"dcd637d18fdbb435fcb29372cf5ca8eba715ec23f1e52dd6b9c37f574508a525","119;241;248;436;440"
7149,-0.276869,0.097058,-0.600925,"029c629f77f7bb771f4d5ea72cfe3664ff3b9785b29830ff3f7e9ac3974eb5ff","91;119;241;426;428;433;436;440"
7607,-0.424667,0.108259,-0.370084,"31cd6fce9c924ff6c5c0dc4273e8b56468e23ccfc9ab2eadb0aca49835fbf06c","80;241;259;266;413"
7614,-0.440778,0.121921,-0.354103,"becd60ee8f70decc95429db3697d3fc4dfd39fe7ec274cfab3588f9f37fffc57","241;248;426;428"
7616,-0.441494,0.112016,-0.361330,"8a59769e67f4b8428d04de032c9e374feeb193c3048312e91370ca8b171d3dce","91;241;248;259;428"
7621,-0.448034,0.125851,-0.348784,"12d91afa15855b758508d0423cd32040f8ab17c04a8b12fdf1f08aca3c0ab18b","80;241;248;259;413;426;428"
7622,-0.428409,0.108110,-0.361406,"38c96aec3493eb77c40cfe023389b26068aa97e8c8bb24bd72eda280778af0e8","80;241;259;266;413;426;428"
7624,-0.446167,0.125335,-0.349267,"10c812ba55857a648500c0023cdb2040f8b913c24aab12fdf1e18a4a340a308a","91;241;248;259;426;428"
7626,-0.434345,0.109336,-0.360711,"9a4962ec05d4f8778500f603299f36c0eab197c9c8af10df93f9928b378c7c4a","80;241;248;259;413;426;428"
7627,-0.456866,0.113504,-0.354489,"0a96029b55a4b8411c0b59d7a0ce38c8dc3b9385169c42d70467bac29c0e3992","91;241;248;259;426;428"
7628,-0.443125,0.111318,-0.352753,"0f9682ab15a6aa59150359d7c1ea38cc7d0b93b3b79419d784769ac49ecfb890","91;241;248;426;428"
7633,-0.412156,-0.056626,-0.507256,"1d47504fb4124efc55c8dd664b62abe4524c0c6ecd902daca2e9258436ffe805","241;248;259;436"
7634,-0.440785,0.047045,-0.399829,"1207fac772a6bb503a257f0639ef245036ff178c809130ee73ed2a80a5d323f0","91;241;248;259;413;426;428"
7636,-0.426123,0.046997,-0.396830,"049538ebb0a1bb9a0e5919f2d57fa860d7131fbc92184917cccfaac494cb0171","241;259;266;413;426;428;433"
7639,-0.426133,0.046353,-0.397388,"dc8155e1824b6b3915f01752df67986d37943ffa39506dd4ddcae3d4b6a18461","241;259;266;413;426;428;433"
7640,-0.427841,0.045919,-0.397078,"4ec85bc1c21b6fb237a2365a1903d47c27fc37ca511c2dd65fcff5e427a1c020","241;248;259;413;426;428"
7641,-0.437855,0.046136,-0.399139,"013cfbc5726e7b523ba37f021db7e570377d17088190b0da47ad23a085f343a9","91;241;248;413;426;428"
7645,-0.448432,0.039001,-0.397075,"6660eaea49647fd83743d51259df5838dd99378a0a065ae357df9acca693e282","241;259;413;426"
7652,-0.448735,0.048406,-0.378512,"12a4c8a1d6a0e84616315ab2990bd0086b8b139992b805c00c0c9ac0adc87188","91;241;259;266;413;426"
7653,-0.459643,0.048641,-0.381980,"ea0ec5c689544c16056a86d8c32795ff48d6bd8a6906e1a2a7f2d49122fc5438","241;248;428"
7654,-0.463849,0.035850,-0.390266,"6f41e9cac9455ff817d6d58359ff7b3e5fd137efc8067ef2735bcfac37f7f472","91;241;248;259;266;413;428"
7656,-0.461732,0.049102,-0.381614,"4d009eb68d741c0acedb8311def87beae145b80785459bc0d377de1d987d3906","241;248;413;428"
7657,-0.455474,0.048336,-0.380584,"ee77d3d6e57c66d439de796e2cf4eddef34e974ae353aae23f7da5af867ff6f7","91;241;248;259;266;413;426"
7663,-0.468015,0.023595,-0.406631,"bcfd79e29c6f579857fabc0ad379590159d05f7be96679baebdb253cf3fbd022","91;241;248;259;426"
7664,-0.461446,0.042203,-0.384544,"1c52da7a2b3194c86e1fbfa6cfe8efc8b751ae0284212ff092c7778ff37f2d05","91;241;413;428"
7665,-0.449795,0.028980,-0.383191,"b757cc86fc174ff810ee95cf4167bf125dc497eeedc27dae3a4fedb41cffd8d1","91;241;248;259;413;426;428"
7667,-0.463463,0.026790,-0.382628,"2f7720a2f51d4fd851ec5dcf4f487b845cc8976fed327cbabc558dac3eff1855","241;248;259;426"
7669,-0.451189,-0.034434,-0.437062,"80943bb934e5b9479c495212b49f2040e93b1391339c10c74586ba409008b5ba","241;259;413;426;428;433"
7672,-0.450865,0.023073,-0.404099,"a28534bafdc594e99f34b11b8c5c2c01c893d363722f5aff3d128a7f550895c2","91;241;259;413;426;428"
7673,-0.433250,0.020850,-0.400270,"3c5139e2cd6dd29846f9b908dbdd4928d9d166720a225bb2cbdf057dd11b4402","91;241;248;259;266;413;426;433"
7678,-0.409742,-0.097132,-0.493187,"7b3266ed6f1f7958afecf6ef1b9df664ee9dff4c8df3e7d0d6f9a3ba7f8c7af5","241;248;259"
7679,-0.500707,0.165896,-0.234511,"7c79bee4a14e77fce9ccfe085ff70332b4757d6ac8e3b108f3ff6514c2f3677b","91;241;248;426"
7681,-0.431886,-0.068308,-0.458588,"ffdd209ef57657fe13eebd3e4af62f75dddf9562fc4378fef3ff8f9fb27fa473","241;259;426"
7683,-0.440406,-0.069894,-0.461613,"befcf4febdff56bf97fe7e1b6afd6ff39d7ff712ea56fbbf6bff4507f27dc467","241;259;426;436"
7684,-0.524581,0.196252,-0.157829,"ad2fd045f71bc6b87ba2faec4a6885b41bccc66aecf2cd9e3e5e25376ffe4a85","80;241;259"
7685,-0.511948,0.165463,-0.235021,"7879bbe4b94e577da1ccfe087ff70332b4f57d6a49e3b308f3ed25186232e77b","91;241;248;426"
7692,-0.443075,-0.128482,-0.470978,"8f9cf6fff5f6fefb1d4efeb7fdffbfe5fffb9fa7feff3bffffffdf8397fcfdff","241;248;259;426;428;433;436"
7693,-0.451403,-0.130296,-0.474108,"0a90f6fd7dd6f87b1fdbf6a3edff36edffb9bfa5b4fb73dddfffdbc797ac7ddf","241;248;259;426;428;436"
7703,-0.520714,0.137612,-0.210163,"6c34b967896f53986ab32718d637493a9154683a0174f920cf9f4534c0734622","241;248;259;266;275;426"
7707,-0.526914,0.090874,-0.241059,"4ab07ef16fddf959af7df62f8f9f76fcee9dff958efbf3d0dff93adba78c6fdf","241;248;259;413"
7711,-0.537638,0.120793,-0.209118,"7ab0ee7c0bdd9153a37db62f6a9c567aec95fd918e6bf391d37bb8bb630c7e5f","91;241;248;259;266;413"
7714,-0.548004,0.083484,-0.218563,"722102884d43c048cfa0a10a42d83484f8b46ae14823d2dc9170833f512e7686","80;91;241;259;266;413;426"
7720,-0.539212,-0.079604,-0.333211,"9fdffffebeb3ffffdfdaddf67defbf617ffbbffff9672efffadfefecbfffb175","241;259;266"
7726,-0.578206,0.080944,-0.204082,"198e5567b43e6e3775ab7e64fb2390f417ee0c2cb9b8452eaeff24802ae2c829","80;241;248;259;266;275;413;426"
7728,-0.599350,-0.002135,-0.124350,"b4a7dc67b00b47b936aebb605763895131d66c6a78f1c93ee8a66514e0f38221","80;91;248;259;275"
7729,-0.564128,-0.001442,-0.231160,"26aae68f4ddbfee8bfe4d28beeec7ec6feedefa5dce3cffcbc36cfbf572e77c6","91;241;248;259;426"
7730,-0.560638,-0.007062,-0.233173,"72a0e69f4fdbb8e8bfb4d2a3e8ee6ec7fafdffa34c43cbdd9f32cfbf152e34de","80;91;259;426;428"
7735,-0.567339,-0.001483,-0.231448,"722046ec4fcbb848afa0e28b8a9e6442fabdfba10803d3d195308b3f150c3f82","91;241;248;259;426"
7736,-0.560220,-0.010493,-0.232760,"722052e85f535848ad24a08b0a9a2490e891dbe00c23d0d493f08a3b770e7e86","80;91;241;266;413;426;428"
7740,-0.566109,0.002373,-0.227074,"7a6122a81dd5d2488704a10b6ac86f94d8b1cb634e239a9d93d0893b532e7e06","241;259;426"
7748,-0.584586,-0.029142,-0.130160,"64a7cc27f20a7fb836a66fed51638b5037dc26ee60d2cd3e7ea72584a8f30a10","68;80;91;241;248;259;266;275;413"
7750,-0.584037,-0.059635,-0.272285,"4ab0aebd7dd7b9e99ffdd603ecff7ecfdd7dfb95a64bfbdd5f77dfff962c35d6","80;91;241;248;259;266;413;426;428"
7751,-0.606024,-0.046468,-0.119592,"f5509d65240e4fb860faa64cd373917b10c47c6ae9f4f928c1eb651428b34230","68;91;241;259;266;275;413"
7755,-0.595104,-0.028952,-0.163156,"60a9b87899ed5107e215ac18b6b5421081ba40181a2af211cb851079c040c62a","80;241;259;426"
7761,-0.582831,-0.066721,-0.264050,"6b3072c96dddf851ed59f60a8a9ef6eeee9dfe888f2bf7c097d99afb4f8c6ffd","91;241;259;266;275;413;426"
7764,-0.593558,-0.028401,-0.165763,"5b326e782bd45113e75d96ad3b9dd6fea4b4fd948f49b791d3f930db6b846c7f","80;241;275;426"
7765,-0.598485,-0.089837,-0.272460,"2abd2308d7f5b3471f4d5caf289c7624fd3b9391963a30f77f149cebd70ef7df","91;241;248;259;266;413;426;428"
7766,-0.578050,-0.089732,-0.269284,"49193be534dc7915ed4dfe0cbf1f027086bc5d4c89b8f08dc7fd22904a82467b","80;241;248;259;266;275;413;426;428"
7773,-0.629537,-0.112677,-0.106062,"d2ac92bc5ba028cfbf03e0122ce26059f1eb239032df8af39920da6bb100a382","91;241;259;266;275;413"
7775,-0.623166,-0.116890,-0.120247,"67e5840f581ba6e87ee0e94ce0e09df4d94c6a6ee772cfff3c3e072e593f5884","241;259;266"
7776,-0.628708,-0.080113,-0.192969,"7ebce6bffffbbeeebff7d6b3cdee3e4a7fffff812adbffffbe73cfbfb77cb5d6","80;91;248;259;266;413;426"
7778,-0.609643,-0.074416,-0.196879,"7ab8e69d5fdbb86abff5d2a3e8fe46c47ffdfb810adbffdd9f73df97b72c35de","241;248;413"
7784,-0.630749,-0.149767,-0.098453,"87bedefff8b6f8de3fdff4f6f9ffd2695fff7790b7deeff34efeffc8a5e0e7f1","68;241;259;266;275;282;413"
7785,-0.649685,-0.183793,-0.133503,"5bf7f121b31e3ebc3bf10eddcf0e5a94b7cfdd75d758bdf7bedd0df6ee968b5d","80;91;241;248;259;266;275;413;426"
8767,-0.441680,0.026080,-0.395795,"27046658cd72f842c942f51248e8b5ff69f0b3a3a4b726c0173aca8f17fd7ec4","259;266;413"
8782,-0.444512,0.065980,-0.364316,"d79295c8aa2798591ebb11765c37e86aa7153fb7b1470bd2989aeffe9862a131","80;266;413"
8036,-0.413774,-0.034457,-0.476857,"0a1074e9349b583a8d5816a39d1db425ae9197ac802820ddc2f9aac6378c5179","91;248;259"
8038,-0.424266,0.063726,-0.409278,"9349439e0e80cff49442d0e231c2b1656ae216cbe98f26fd3028aa8835997029","119;248;259;426;428"
8042,-0.435344,0.109815,-0.371447,"39016bec04d659754540fe023b1d326078bc95eac8ba348df3e9e201678a7c7a","248;259;426;428"
8048,-0.441280,0.065675,-0.395980,"36b4c9a89a639bca161799b341cfe9487fd99fb31a070fb2d846abffb54d3472","248;259;413;426;428"
8051,-0.450982,0.111259,-0.349408,"12dd429c57c3bae61601d8a328fe21407afb93c1029b12ff31268a83351c349a","80;248;259;413;426;428"
8054,-0.453095,0.023061,-0.406555,"a2e8109e4d85b0e49c165003acc82041c83983c1626e52f72510da2b541c3d8a","91;248;259;266;413"
8058,-0.456609,0.067205,-0.364957,"0085008995c382630e01580280183040d80a137152b8409d2d108a63150a9482","248;259;413"
8063,-0.439320,0.047149,-0.376772,"2ec3ccf3dc02dcbd02bd7ae3616d78024d57a7901ed84ba06fc7f5c5a79adc8a","248;259;266;426"
8065,-0.445883,0.027167,-0.394183,"bb4c665c0956dcf6d546f687680eb7ef6ce097eeedc537ec327bda8377f57c5e","248;259;433"
8072,-0.460219,0.068042,-0.365839,"067138984dd5b0488e1451038c9c770bc81993d34662dad01510ca2f551c3fc6","248;259;426"
8073,-0.458172,0.067877,-0.365305,"364108804c45976c8920b10b161c2c00d8910363482358daf1148b3e513a54c2","248;259;413;428"
8074,-0.465780,0.068817,-0.367084,"22952abaadb4cbe89215858760ee3e41d962939dae437ab77b5f8fb81c4e7452","248;259;413;428"
8075,-0.442997,-0.033914,-0.432274,"015a93f9348739571e695242bc936168f7291f98839c11dc8d9ebe82988821b9","248;259;413;433"
8087,-0.518906,0.182268,-0.069435,"88d93c7f2ccdf7b6fc1a7600f73d023384726f4ae268733f67fb74105090c7fb","80;248;259;266;413"
8088,-0.520438,0.182681,-0.069088,"c8ddbd7fa9cc57bfff1b3c08bef3007385727d486268fb37e7fb74185290c52b","80;248;259;266;413"
8102,-0.531545,0.188086,-0.137579,"c8849d7529ec5107bf3fa618bf13005b81176c00624dc303c3fb72110040872b","91;248;413"
8110,-0.531808,0.160424,-0.137989,"95cdc7b7b62aeeb834a253f6d36099417fce2eefa9f04d2ebca6e784adfbb0b0","80;248;259;266;413"
8115,-0.536560,0.154427,-0.144062,"94efd7fff62a6ef83eb27bf2fde3996177ff7feaf0d08f7ffcae6f84a4f3a1a1","80;91;248;259;266"
8116,-0.502106,-0.092418,-0.382052,"bdafcfff9e23cffb56f6fede73e199e17fee7ebef9f7efbffaefe5d4effaf870","80;91;119;241;248;259;266;413;426;428"
8125,-0.543816,0.118504,-0.106938,"49317865235c73186be83e0c9e184632b6457c448560f140d7fd25026a024357","68;80;91;248;259;266;282;413"
8128,-0.554543,0.119383,-0.109017,"7a2152e0175a5a402500ea020b8b34d4f8bdc9e04c9311cc93f8820363066a06","68;80;248;259;266;275;413"
8133,-0.548245,0.112414,-0.121098,"68a9183a19d950868315a409aed36290813bc8404e2bca35ebd5103b520c4e0a","68;80;91;248;259;266;275;413"
8140,-0.565633,0.083974,-0.216708,"7ab4e45c9b7796ff13efb6bf4a7c16b4fdd7fda1bcebfd9f3b7fd597e76cfe5f","80;91;241;248;259;266;275;413;426"
8147,-0.524215,-0.078465,-0.332373,"7db6effd3e13497957faf6e67befb6717fec7faca9fb2fdfdaeff7d4efa870f1","80;248;259;266"
8154,-0.569041,0.063172,-0.129277,"d4ec971ec9e514eebe97a819e6f2695b81736a12324f9a73b9965f7b9070a70a","80;248;259;266;413"
8159,-0.567094,0.076376,-0.203612,"05e7cdcff42beebc76a25bc2f16399607b4e3eeee1d0cd7f6c2eef84adf3f0a0","80;248;259;266;275;413"
8168,-0.571078,-0.077747,-0.294766,"fdffeffebe675ffcd6fabdfe73fffb237ff67ffefb67aebffacfe7fcbdfbf079","80;248;413;426;428"
8170,-0.583530,0.014326,-0.127520,"87ed879ed92f66ecfff26a5064f23ddff9ee7aff33d19bff3d2e57468077a3a4","68;80;248;259;266;275;282;413"
8175,-0.590937,-0.018287,-0.110627,"1a3872394fdcb042eb547423acdc26b2a279f70186f9b6e117790a0b470427d7","80;248;259;266;275;282;413"
8177,-0.588125,-0.018353,-0.112471,"1a31bebc1fd2b14cff04f6a3efdd2200aeb3fb8102eb12cdf3e31a0b7704adeb","80;248;259;266;275;282;413"
8182,-0.596160,-0.029441,-0.120708,"68a8b434cded94c7cb17a019aef94a9f8973e901766fd2a1dbd3543bc25cdfce","68;80;241;248;266;413"
8184,-0.607347,-0.072801,-0.107870,"16beffdedae7b9dbb7cdfa566def2c20ff7b2694b6f33aff7bfef7c2c1c0a7d5","91;248;259;266;275;282;413"
8186,-0.598521,-0.029296,-0.166899,"392f4005101b4c2f61a4ee8883209294188c402c4cb8e50e26cd051163f45a0c","91;248;266;275;413;426"
8193,-0.607334,-0.061014,-0.110369,"118f5965b48e6b3774a97e44d3239074742e0c3cf9b8450eecef24006ac2c829","80;91;248;259;266;413"
7789,-0.641528,-0.177527,-0.100726,"93de66bfa226aeff3402d2f77deeb0617ff73faff9dd0ffff0aaff802df0a119","241;248;259;266;275;282;413;426"
7794,-0.672380,-0.230851,-0.105619,"df507ce7261e7f387de657a3dd5f9fe336d5ffeeecd4fdcee7fbeb8527b74d75","241;259;266;426"
7799,-0.657859,-0.116003,-0.190209,"a6eeee9fde6bbeef1ef7d1b3e1ec9e417befefa774ffefff3c26ff8df5fcf6dc","91;241;248;259;426"
7803,-0.705384,-0.286345,-0.165256,"33a4eac9f4b3ebdf57497cc639eaf6207fab179d9bba64df7e0dabc4fdcaf0f9","80;91;241;266;275;426;428"
7806,-0.645684,-0.116350,-0.192781,"1bb0c6dd1f9b687b37b1d6a2e9b382e77abcfe900dd9f7dd9ef3dbc7afac289c","80;91;248;266;413;426"
7810,-1.876324,-0.633484,-0.320730,"2c117eede477fd7944ce7f225b7dbbe87cb4972a88b3318847efe185f7fb7cf3","91;248;266;413"
7975,-0.358716,-0.018658,-0.544570,"e6bda29bdffdb6efbf7bdc33ecfe6f4ffddfdf83367bdbfb3f76dfbf977cbfdf","119;248;436"
7977,-0.364550,-0.095544,-0.586752,"cf6df2fefeb0dfdc9bdb9db25deffd6afffbb7dff347aaf2fadfafec97f7b151","91;119;248;426;428;433;440"
7992,-0.396881,0.129301,-0.415068,"d0cfc69496822ee6be9282e23de2a14363e62cca60c9066fb822ef0024f0a108","119;248;426;433"
8005,-0.407884,0.122107,-0.391687,"5c8852f8078278703580d2424dc320c472bd2ff8589b00ccdaeaca402fa02900","119;248;259;428"
8011,-0.386457,-0.101324,-0.545380,"3fbeeefebc13cff8d7fad4ee73e9bd215fee3f2bf9e3efbfbaffe5bcbff85035","91;248;428"
8023,-0.415544,0.107416,-0.382751,"ca2cf09c7db478029b8f1c19acce371bc73b9f81264692eb871e9abb864507cf","91;248;259;266;426"
8034,-0.428305,0.062763,-0.409925,"30ca4ade3681caf08400d4e633c1b1406ee8174acaab0ebf728da28835bb70a9","248;259;413"
8374,-0.429245,0.064636,-0.393804,"268f68a19ea3cbba167598f7812c92404f879ff5ba184db6cc47abf5b5cd9470","259;266;413"
8395,-0.439844,0.039358,-0.397823,"1afc3eb203e73962bd8a9f83dd9f5000a7b1ff83c08d11ced9d75fc32446255b","259;266;413;426"
8399,-0.448768,0.026290,-0.400044,"224c669e4d74fc668d46d803683c374becf1b3c7c42312e9173eda8b557f7cde","259;266;413"
8409,-0.446784,0.030477,-0.393685,"5b1fe28e87345c1745cede8768eeb7e674e7bd8fcd81b7ca9277de8baef63c5d","119;241;259"
8410,-0.427044,0.062834,-0.372989,"3d006a6c4412eb7044c0f7025349b56078ac16ea88b3348c53e9a00077ab70e0","80;91;266;426;428"
8411,-0.440141,0.030466,-0.392342,"b5e86ae074824bf641e0f0021309f02058cc14f9c9ba448cf8c9a4446d887280","259;266;413"
8414,-0.450198,0.030163,-0.394591,"4f1ec6c587366cb2a5f29ec6482eb7ef67c4bcee8dd135c0127acf87aff73854","119;259;413;433"
8428,-0.467877,0.027834,-0.383969,"862082934572b8408e9351138cc26fcee929b39304d48ac205149b0b806f2986","241;259;413;426;428"
8430,-0.457230,-0.105064,-0.447159,"1a1272e1675df8502d4cf7a78f0fd6c4ee99df858d3375c0d7d98a87278e6dd7","91;241;248;413;426;436"
8453,-0.511721,0.187007,0.014430,"f2b2913889ed10cfaf7ba15d86d24cdba1876c101f4fda5199b2577ec808a316","259;266;413"
8456,-0.506943,0.182742,-0.007755,"ad8e655fc62fefff75127ed671619d777fea02aee1b07dff24aae7847ff8e0b8","259;266;413"
8461,-0.509201,0.191052,-0.042515,"d4cdbf72aa7b16add4ba3b7ad77c49a0b3d7ec237d752d36f9c76555e17b8d03","259;266;413"
8462,-0.509342,0.185804,-0.035382,"a3e3e55f5996ccfdb3946044e1c6dcb65d78e0dccb4efa3d2dbac76c4336f6fc","259;266;413"
8470,-0.505226,0.182394,-0.044802,"d525bb6afa6bb6cd7661fb3ad7fc4870b3df6e733733ad32fda52f7df15baf03","259;266;413"
8478,-0.508817,0.174126,0.022167,"7831f86009dd5150a37dac091f9f42328c91dd588a63b200d3c96039e3824673","259;266;275"
8482,-0.511537,0.175348,-0.000807,"5bbabbb1a09658967f79d264df9ed4f0f79ffd959fdaffe098f9bec28c002b15","259;266;413"
8484,-0.508240,0.174511,0.002707,"5110bfa6284c5914ab589b48df9f407a86957d018d03ba20d3f978b808130373","259;266;413"
8490,-0.511559,0.182070,-0.044786,"24feefb3d8c37ff037a6f6e2e1e74b757dfe4ef2a8d36ceefd868781e3f326e0","259;266;413"
8491,-0.512980,0.174331,-0.029171,"676478eb6c6a7a183fe27723dddb1f51ffcd77a72c56c9faf6fbab8c2df36a93","259;266;413"
8495,-0.518422,0.176252,-0.046878,"5e52766c2b145bd83d4cd6a54fcfb754b6ddfde788d3a3c8f2f9258a27b72673","259;266;413"
8499,-0.526240,0.189471,-0.132550,"54208de70c4e639826a0a300d773495278c468ea08c1db0ad9a7c714a0237622","80;91;259;413"
8502,-0.523929,0.176135,-0.058449,"7d31ba649d5fd6d877e8a7085b795b30b9d45d6ae973b99efbdf05356b3b5a02","80;259;266"
8505,-0.521871,0.174760,-0.067439,"dc7d3e44055e7ff871aae6085ab33174b0fc7deae8f3b96af3f9050722736622","80;259;266;413"
8506,-0.524849,0.175359,-0.066532,"7d71bb441d5657f4e1c8ee085af72570f8fcf96a69e3b80ef3ff050342326672","80;259;266;413"
8511,-0.550515,-0.007667,-0.209517,"0902c7f734ab6917762153d0f70190c8730e2e1cb1fc453f84ae7240ec88c1a8","91;248;259;266;413;426"
8514,-0.525715,0.177220,-0.140592,"a5fdad7fdc2f47ac5ef3ed1cf7715825594e6a6e7b6efb3feddfd77cd8fbd2b0","259;266;413"
8515,-0.524904,0.172064,-0.120261,"1cb538a19e4b97e806e4bfafd76c5a00bfdf4f731cb1591cf9c52f75f57b8fd2","259;266;413"
8521,-0.530569,0.166279,-0.138418,"b6dec69fd62be6ee3ee2fbf76161bd557bee4f2ef0f70d7f3c2ea784edfbf091","259;266;413"
8525,-0.528671,0.157440,-0.118613,"70491abe5c89f6649e00cb0be7e83840d8eb2b430eabda3ff1e78e19100a780a","91;259;266;413"
8530,-0.534693,0.134055,-0.107238,"5b727065171e7a7069ecf62f4b3a96b4bed5dde18cf3b5ccf3f902836f866b57","259;266;275;413"
8532,-0.535635,0.144381,-0.119615,"429dbfbefbd834eebf5dda29ecfe2e52e373ef11564b8af7bf365ecb0056ad0f","80;259;266"
8533,-0.538669,0.139536,-0.122178,"468e849baaa3aec8be33d3f3c4eeec4ee7576bd732414ff71c36cfd69463a114","259;266;275;413"
8534,-0.525744,0.124263,-0.117633,"76a182a45d0f56e873b0a00b4fe85112b9cd6be30c739998bbd6453fe12f4a06","68;259;413"
8536,-0.540346,0.132984,-0.142306,"92eeaebbacabefefbebfdab7e7eb7243efef6f873acd8bf3feb2ffd1a455b54a","91;259;413"
8537,-0.544819,0.129003,-0.135210,"d4ae9e368a6236efbe93a2b064f7493b3777e8b370ef8b6bb8a7774fe071a72b","68;80;248;259;266;275"
8542,-0.549337,0.117641,-0.132867,"35c5a94f940f47b856aaeb08d371997019ce6c6a69f0793eedae253470fbd020","259;266;413"
8203,-0.627570,-0.128322,-0.106225,"058e5be7b42fefbe74ab7be4f76198207f6e062e91b84d2fecaf27c0ecfbe1a1","68;80;248;259;266;275;413"
8209,-0.642440,-0.182259,-0.136995,"efe6c45aef3dfad8cbf3359f48e8dfbf4fc5f6feb766fff21e5bd5ffdfffda15","80;248;259;266;413"
8216,-0.644865,-0.209528,-0.100597,"0f577da7b20e3fb82cec5fe5dd7f9b6136559defe1906dece6ff2f840eb78171","68;80;91;241;248;259;275;413"
8224,-0.657430,-0.243126,-0.136501,"6fabe407ed3de4cbebbf3d4deae8df9e89c6e61c967aeff10e5e55ffc3ffdac5","248;259;266;275;413;426"
8225,-0.673578,-0.270779,-0.180456,"118d6bfcd4a3ef775649dae671efb06079aa169cbbbb24df7aafbec0b5caf0a9","248;259;266;413;426;428"
8226,-0.663122,-0.233428,-0.011698,"766707af1d4bc6e83facfb4e42ea2dd0f8cd6ee349e399ffb9b6871f693b7c06","80;248;259;275"
8230,-0.755271,-0.270769,-0.006511,"74f6979ac9e586cfbebf887d46e268dec9e66a13334b9a72b9065f7fd85baf16","91;248;413"
8239,-0.761956,-0.282827,-0.020907,"4ffffe7ffad73fbcb7dd5de5fdfffef6977ffd7ef758bfbf6e5f65ee9ef78df9","91;248;413"
8254,-1.778302,-0.511311,-0.274459,"38146ee4e5765d7b456eff075b3d33c97c9c97aebcb2318c53ebf085e7fdfcd3","91;248;266"
8261,-1.925008,-0.594420,-0.301498,"38116eecc576fd5b45ee7f025b3d33e87c9c97aa88b2318c57efe085f7fbfcf3","248;259;266"
8319,-0.391621,0.117270,-0.420103,"1b9f63ad7692ef7715485ee63907b0e57eaa17edd19a25fd746faac03f8cb0f9","91;241;248;259;426;428"
8333,-0.409518,-0.029174,-0.478538,"29146bcc6633eb70556a7de6595db7a07ea897aea1b6348e560fa0807fee70f1","91;259;428;433"
8336,-0.395855,-0.053904,-0.488341,"f8a42af00d67d1eed2b7841a12987401d99c8931286f9096d989977d4108f40a","248;259;436"
8355,-0.426653,-0.100528,-0.501248,"2932ee8d7d5ff9583ffdf6e7d9dc92ec7eacff2c85f3f7dd577bf3852fac7cf7","91;241;248;259;428;433;436"
9291,-0.609977,-0.062688,-0.106185,"c4bcdbf7f2ae6f963a8b7250b5f74978377f1718b3ded86aedae37e080d0e3a1","68;266;275"
8977,-0.608288,-0.067862,-0.112668,"d44eddf78e2e27ba7caa7272f771896b37766c2a61f5cb2ad5a67710a8f94129","68;266;275;413"
8979,-0.600442,-0.061828,-0.108608,"c5b8bff6e86c7d9ebbfb7259def7407aa7d77f0ea156fb62dfbbf7aca8f1e273","68;266;275"
9013,-0.642519,-0.167434,-0.096192,"ecbebd52e96d6dbffbfb365cdbe55c7b85d67e1cb35efb33dffb75fcd2e8c671","91;266;275;282"
9023,-0.657792,-0.230910,-0.135870,"dcfc95ff89ed45ba36b28358ff7709f9917f792a2b54db3fd9e25f3ca8710732","80;266;413"
9031,-0.646861,-0.222545,0.006619,"4f777d6f39575fb87fec5ee5dd7f9fe1d65dff6fe5c0ffff67ff6f8f1ef70d73","248;266;282;413"
9033,-0.634825,-0.218367,-0.027045,"4f6560ef771afeb83da05f83d97f9f74b6ddffefc490edcee7fd8f8727b74ba0","80;266;275;282;413"
9035,-0.651004,-0.234358,-0.001806,"f66d73eafc2bfec42d22fbdacf8b1d50fedf5ff378b3c9f2b6fc8ebed5dbe380","80;259;266;275;282;413"
9037,-0.649821,-0.221985,-0.041711,"2f577b4f7056fff83dcc7fe4dd7fbff4d65d976ec1926dce667d2f844eb727f5","68;266;282"
9042,-0.621214,-0.237114,0.134095,"f8a83f7428e95137f23da638b7954011813e6c003afde205dfc370716008c62b","62;68;80;259;266;275;282;287;413"
9046,-0.654496,-0.231391,0.030243,"3d570b85745fa7f83cecfe6e56768bf0fccc8e66cdb3794ef425af86493b2cf1","80;266;275;282;413"
9047,-0.646254,-0.257055,0.147168,"5a9e9eb52ab83827bc1fd6b5adae025ba737ed8134c98347cae37ac3a444ad1b","68;259;266;287;413"
9050,-0.690694,0.235581,0.279433,"79a3e801ad19d58f63fdbcb98b28de3289c6ec1d9e6aef90fe5935fde78cde46","68;266;275"
9055,-0.703087,0.183107,0.285626,"64ac867799ae46ecf2b2e21863e0485359ee681a28eadb3f69a6551dc171e282","80;266;275;282;294"
9059,-0.856208,0.193362,0.410028,"f107662d7e0ae679e8a4facf432896536ac46e6fece3c74c342a631865ae7ac1","44;266;282;287"
9063,-0.893415,0.102807,0.433582,"1830f7a5364bf16b7ee552a3df199000330c672120f8051edce73186650c55eb","44;62;266;275;282;287"
9065,-0.924299,0.044685,0.405020,"3ebca4becdf196ee9ff7c5bbeefc5f0fd9fbfb933e6bfbb7bb57dd3fd77cbede","266;275;282;413"
9072,-0.893463,-0.005749,0.454163,"de38bff40bd41b42adc686032cbf277fa6f7fdc32ccdb2e8d3fb4a1b23352576","80;266;275;294"
9077,-0.912593,0.066266,0.396162,"48b89cfaa99d50feaf1da418aef36adf8773ec101a4b9af1dbf3577b92048b0b","68;266;275"
9083,-0.962817,-0.007126,0.485954,"f8913c78ad4c543b6b13e1189f1b0853c1926c007a2adb11d3f9505f5008c622","266;275;282;287"
9084,-0.945790,-0.010406,0.474615,"6d843d69bd7f519a6639af10df1b4878d1167d381a287915cffb3155d2894022","80;266;275;287"
9091,-0.972951,0.026514,0.494857,"a1a005fbacad691fcf31e050b783506ac90a7a1c9bfcd3b1cdd8d2709888d0a8","62;266;275;282;287"
9092,-0.956137,-0.023415,0.471260,"f56d7b656c4c6ffce0a2ac08d3331133b8cc5c6a6933f02af7e9653c60fb42aa","68;266;275;287"
9094,-0.982476,-0.033687,0.455605,"e47039c15c4fc3184ae8b508d2555d32d8d45f7ac966f9024d98a53c48ab5630","68;266;282"
9097,-0.981054,-0.045032,0.449589,"98b07e5043dfb073ebf5343d0e9c46bdafb1c010b7ed32d45bdb517f6b84cfd7","62;266;275;282;287;413"
9105,-0.970967,-0.088111,0.497164,"7a95be7cb3f61577398fefb57eff2674b73fb520f8dbb38efbf75dd3c264a67b","80;266;275;282"
9107,-0.933664,-0.088738,0.489780,"4b4cc50d2842cea671c2f0e2892291f74af57cebe986c5ea2432cf842ff5222c","266;275;294"
9110,-0.964324,-0.048760,0.476884,"267b68487e93fbd24b2c7cee088ef7346e9897dd823ae4d0761dabed77af76f5","68;266;275;282;287;294"
9112,-1.010552,-0.126142,0.525130,"db12fce5265ef9196bfc17a7ff1fdf66b6d5fdad8dd4b5c9dff9eb8527a4557f","62;266;282;287;294"
9113,-0.992228,-0.059039,0.428885,"06acfc13c23abca73ab746998d2e561b275f631536d8bf602e075d45e5d08fdc","266;275;282;287;294;413"
9114,-1.020265,-0.060654,0.446540,"97edce17b23fbeeab8a20a81ed689f83b767596fe4c10c6eaa4f4f94c4f68b8c","62;266;275;282;413"
9116,-1.031664,-0.060063,0.451034,"4b164025321aaa377ca25ae4db2894e43695fcadad98454ea46fab802da4190d","266;275;282;287;413"
9117,-1.001932,-0.060710,0.434756,"435b8145340eef356ce85ac4f12495a4166c7ceec1b0f548243caf804eb2517d","62;266;275;282;287;294;413"
9215,-0.560328,0.128885,-0.132646,"b4edcd67902a6ebc36a24bc0736399517bce20ee68d0cd2eecafe504a5f3d020","80;248;266;275"
9216,-0.530461,0.121597,-0.120831,"fd94d5c3bd7b67983ff32f78de75cdbc1756fc7a31f179b6afde057682ffc121","80;91;275;282"
8548,-0.553486,0.100646,-0.125107,"22a8923addd152c69f05e01b22f86494d9fae211266bdab73b56157b530cfe8e","80;259;266"
8549,-0.546122,0.100847,-0.135954,"a4ad861fd98ba6ecbeb2ea1960e06d51f9ee6a4276ffdb3f3da6576cd87aa08a","68;80;91;259;266;275;282"
8565,-0.568117,0.075450,-0.129390,"f6ac8e9e89cd94ee9f97881966ea689bc973eb133a4f9a7399325f7fd071af0e","91;248;259;266"
8580,-0.568796,0.051956,-0.129580,"e5ed871fd8afa6ecf6b3c858e2e049db596e6a767bebdf3b3d26557cd87bd28c","241;259;266;275;282;413"
8586,-0.577130,0.079072,-0.204259,"890fc165b40a6f3f74aa7ac0d32391e0774e2c2ce9dc450eecafa7842ce05028","80;248;259;275;413;426"
8589,-0.596913,0.000066,-0.198449,"d5aeeebdec3becfbfebed2ffe9e8ff4b7bef6f8dbcfbcffb5c6eff8cedec79cd","80;241;259;266;413;426"
8596,-0.601642,0.009317,-0.197029,"f6bcdfdfebe3bfefbfb3feb2ecffec7b7fffff827adfeff3fcb6dfafb571a7bb","80;259;266;426"
8597,-0.595368,0.009336,-0.198058,"62a0dfdd6ac3b84b3f31f2a2ecfec45b7fbdff8032dbc3d19eb2db9b95002793","80;259;266;413"
8598,-0.590556,0.030063,-0.114462,"81a08d1908ab208a76b14250d3604848790e6a1822fc4f158c827164b8081088","68;80;259"
8600,-0.572885,0.067340,-0.202167,"01a6dff5f40bebbf76a27ae2d12191407b6e2e2ca1f8451e6caea7846ce851a8","80;241;259;266;426"
8603,-0.564248,0.022404,-0.113733,"6db0f551ed7b709e7b7b3478ce31ccbf834e7e18b37cfbf10eda5576daddc2a5","248;259;266;275;282"
8607,-0.577297,0.012976,-0.128461,"14e5976f924b27a876a2e200f362097079dc68ea69d0cd2fada64504617320a0","259;275;413"
8612,-0.595048,-0.008110,-0.124208,"55c54dc7bc0e47b82ca2ae44d763897253446c6ee981fd2ee9ae651424fb4021","259;266;275"
8618,-0.591653,-0.023683,-0.127267,"17470587b40eeeb87cea9be2d3709de657447c6fe5b06d6eac3eef940cff1165","68;259;275"
8619,-0.597433,-0.029547,-0.127454,"21074205700b6e3b34a27ae4516391d47a8c26ac6990450e24aea5846de04280","68;259;266;275;413"
8626,-0.606220,-0.056504,-0.110989,"85acd973f02feb987eab715cd379d8301fce163ebbbcc92e6c8c25e4cdf3c3a1","80;259;282;413"
8630,-0.598172,-0.074453,-0.111244,"45869965b00e6fb874aa6a44d7638970554e2c6ee190c92fecaf270408f14121","68;259;266;275;413"
8633,-0.621986,-0.081503,-0.194899,"26b8e6bdcf4bb0ea1ff7d0b3e8fc5e4b7bfffb813afbdff51f72df7ff52c76da","80;91;259;266;426"
8644,-0.617792,-0.100456,-0.109329,"b6ace45bddcbe2cf57b3601a63685c8179ca43903a7e5fbfbfce9565f108d288","241;259;266;413"
8650,-0.629528,-0.128776,-0.105374,"a1ae5b77f4abeefe7cab7bf6f36190207f6e062cb1bc4d7f2c8e3780cdc9c3a1","80;91;241;248;259;266;275;282;413"
8661,-0.635803,-0.160714,-0.095664,"e9bcbcfaadedd59fcffbb41dfefd521bcde27f1dbb6ffbf3dfdb7778da5cd27b","80;91;259;266;275;413"
8669,-0.654909,-0.186863,-0.098384,"455f5de7b00a3fbc28e87ee4df778173b6777c62e190696ce4fb67820cf38139","91;259;266"
8672,-0.636163,-0.191912,-0.102156,"95de5fffb22a7ebe74aa7ef6f7738961777f1e2af59c2d3feeef27842cf081b9","80;259;413"
8673,-0.645862,-0.198328,-0.103656,"c59c99ffec2a47bf7ebb7a78f6f2c878d37f7e0afb7ccb73fcbe779c9872c329","80;259;426"
8676,-0.635927,-0.221316,-0.111744,"cf537de7225eff383dec57a6dd5f9be33655fdefe5d4fdcce6fb6b842fa70d71","68;241;259;266;413;426"
8678,-0.645707,-0.220918,-0.028946,"0f4572ef331f7e383de07fa9df7f9f74b6ddffefe4906ddef7ff0f9727b707f5","80;259;275"
8684,-0.627870,-0.217518,-0.002620,"1e6570e7771bfe287da07b82cb591d643add7bef44b0cdcc67fc8f0367be5086","248;259;266;275;282"
8688,-0.694121,-0.281338,-0.172761,"399f6beaf4a3eb775641dee631efb4607eaa168d9bbb24ff78edaec035caf0d9","241;259;266;413;428"
8690,-0.648919,-0.223778,0.003846,"0f6570ef751afeb87fa07f82d97f9d64feddf7eec4b0edde67fd878767b758a4","259;266;275;282"
8697,-0.629115,-0.243687,0.039151,"40208f1d5e0b204b36a142c2f1e2004871ec6a8800f8cf1d9ca2d70421006188","68;266;275;282;287"
8723,-1.777817,-0.461887,-0.238343,"782162e45554fa5845e8b7030b0d5ec0788c9feace33a18f73eda10167af7452","80;91;259;266"
9708,-0.654317,-0.248921,-0.041804,"3020861d520b604b76a1c292f32000c978ac6a9838dcc51d9ca2f34021087088","68;80;91;248;266;275;282"
9737,-0.584411,-0.082846,0.164114,"78f9387a39dd53f4ab1cbc08bfdf4230a4fbdd524a2bfa35fbdd257b6203467b","80;282;287;294"
9740,-0.639939,-0.275640,0.161070,"8e59b69a6dd5ba409f8c5503ecde37cdee79b3d346b71af817708a8b173f3dd7","275;282;287;413"
9763,-0.745276,0.204709,0.320707,"62a8b838c9ed90cf9a35a019a4d84c1a891b6b11126b8a711d141d7fd008878a","282;287;294"
9770,-0.691713,0.292264,0.533587,"fd34f867dd7e56b871e2a51c5b789bb319c4d46aad76fd0e7bcf6535ebf34a13","44;62;68;275;282"
9773,-0.613116,0.332608,0.722457,"f672ee9c8b149cec89de96af48ec7f5fedd5fde7ec47ffe03372cf9fa7757e57","44;282;287"
9300,-0.625023,-0.085315,-0.102817,"83acddf7eea9fcc7bfb37addffe9500aafef7f1d327cdb739c9e7fe8ec40838a","80;275;282;413"
9301,-0.617116,-0.084161,-0.102561,"88befc79abf9948feef634b8afbc56ab8f57ee01b368fbb1add97577574ccfed","91;248;275;282;413"
9304,-0.619268,-0.126822,-0.105699,"a3befb55f43feada7bab74fc13e9d43c7ffe0688bbfefc7f3ebe35eeede842bd","68;91;266;275;282;413"
9307,-0.626671,-0.138425,-0.116671,"78a59838996d54cfb335a8190ebf4a9a8993e9101e4bda13fbd7957fd2448e4a","80;259;266;275"
9332,-0.631832,-0.218615,-0.029961,"3c5742efd54766f855a8fb674bf93dd4f8cc87e36cb309deb3fea7876b7f7e83","266;275;282"
9343,-0.617848,-0.247551,0.133212,"50b99ff428cc7117ae59aa48b697407aa4377d1813499301c9e13a588000a73b","80;259;266;275;287;413"
9346,-0.609568,-0.263453,0.150628,"8e58329e75f3ba409f4c5503ecde37ccf87993d326b61aff17769b8b170f3dcf","275;282;287;413"
9347,-0.637518,-0.270893,0.164829,"8e59b29f65d5bec09f0c5403acde27ccdc79b3c346b67af927368a0b163f3ddf","80;275;282;287;413"
9598,-1.074016,-0.207650,0.861244,"bd5f6b7ffc9f6fd454caf76673fdb1607eee16eee9b76dbe76efa5807ffb70f9","62;275;282"
9603,-1.167314,-0.198912,0.919665,"fffbede5ae1a4fb97bea9feedb6edf767fc57defdd77edeabeffef942ff7f375","68;275;282;287"
9610,-1.095070,-0.164116,0.826537,"7fbb90a7b97d9298abedb96dcefecf96ddd7ec579f0bebf29ad527ffda6f0f55","68;275;287;294"
9614,-1.228527,-0.215042,0.908886,"dff4bcf3ad7dfdb8abfe973edf7fdf7be7d5ffebe945fbf0dfdbeffc0ef50773","44;62;68;275;282;287;294"
10193,-0.579595,0.224400,0.973878,"0bb0e7dd6dd5f95aff5d56a6acdeb6ecefbdff9d87d8b7d51f7b9bca178435ff","24;34;287;294;301"
10220,-0.606145,-0.000430,0.920267,"dc209425814a541061b2a359df13489b22d5ec3268f4c100d8e375356a700b02","287;294;301"
10221,-0.617149,-0.000900,0.939105,"dc629431a368549031b2a238cf33489ba3d5ec022c54c10092f3753562f18e00","287;294;301"
10232,-0.565725,-0.016921,0.854421,"69a8801bfdbd60cee7b9ec08a280d6b6c90a4a1c1f7aeb310d9c9578c24edaac","287;294;301"
10589,-0.322921,0.218201,0.995795,"1cfd3b7adbd416e4fbce64286ede6530b17bc052662fba7f7bd7076b5113a7df","34;294;301;308;312;315"
10592,-0.327868,0.219249,1.021690,"be4366272a438f7825a4f7e7490e87077ac5cde7e8936dccf0e0eb9767b726c7","34;294;301;308;312"
9667,-0.604797,-0.034749,-0.110586,"68baf35462e861577b9d74b82997c4be2ffee698937ea6415fb830eae78046f9","68;91;266;275;282;413"
9123,-1.035805,-0.089669,0.454831,"4bb9351e6d9d93f8effca00deed95686a168eb4fc663dafd9f78013a5a0f13e6","68;266;275;413"
9124,-1.011382,-0.121709,0.469476,"1e9ef2f4fd74fffbbbde9c2768ffffa7fff397a5ac4f3adf7b5fffaf9fe47fff","266;275;282;294"
9129,-1.057186,-0.141042,0.529401,"eaf1f0c1ed1cf8d72bf9be1e8c1fd6deef9dff90967ef3c0dfd9bfe68784e7d1","62;68;266;275;282;294;413"
9130,-1.059588,-0.141211,0.532530,"ceb572c3ef7effd53df7ff1b8f3e5effefdfdf92f2fbf9e2ffdd9ee787dee7d7","80;266;294"
9144,-1.323891,-0.172754,0.620636,"78b9bcf2a9cd559febfdbc08bfff4a1285d7fd581a6bfa31fbfd757fc290cf7b","266;275;413"
9168,-1.829551,-0.327485,-0.349198,"d7ff869ffc33aeecbef2dbf7e8eabfc3ffefffe7edd7cfffbc36cfae9d7fbbd5","91;248;259;266"
9170,-1.929024,-0.355890,-0.360776,"efef879fdb33aeed3ff2dbdfccee5bd57fcffbe7f5d7cfff3c76dfae9f7fbbd4","259;266;413"
9171,-1.828411,-0.613463,-0.316598,"7cf972e63594fb70412cbf027bddf3c07c9c9deaceb3a99f73cda3c5678e7c4b","248;259;266;413"
9178,-1.800523,-0.335502,-0.360903,"63a0878d7d1fa8682ff0d2cfac8e52d8fc8dfba585dbd7dd9c72cbae1d2c3bd4","91;248;259;266;413;426;428"
10542,-0.317353,0.279979,0.951748,"c6ddbff6ba2c3fbeb8ba1bf9dd7f8953a7777deff045886af9bf6fbc84f38333","24;294;301"
10546,-0.647991,0.245891,0.642329,"d971bf65204e4730e0c6a60cf775103300746c6ec9e5b108e1a9641060324673","287;294;301"
10147,-0.493430,0.245666,0.826270,"c81f3350b5fee223fd05eb58caf884e4d936ea10b9b9f18eadfe1242ca45d524","34;287;294;301;308"
10160,-0.535967,0.272281,0.823046,"03beea53f2bcaf977b5b5e7698bede7cb75f379d97dcafe20c1ebec68dd4e3fd","62;287;294"
10169,-0.916231,0.009663,0.388967,"50ddbcfd9e665dbffe5f8e10d77f136387577d29f2497b1febef7fd5b070e56b","44;287;294;413"
10171,-0.912369,0.056957,0.400378,"68b1b970bdfd510fe33dac1897bd4832819afd101a6af211dbd5357fc000c662","62;80;275;282;287"
10180,-0.955203,0.037748,0.404375,"70613be81ccd5348ae44ad08b7de7730d8b95b634823f259d1d90339502a6662","62;282;287"
9356,-0.719259,0.238945,0.328821,"c4b1bb728d6cb58feab5ab18d6f5486a815668101269bb00c994557fc0688522","62;68;80;275"
9371,-0.736251,0.236784,0.336540,"45349975a02c299a3abb7a68d737c93ab7576c1c91748162cdbe7704c8f10329","62;275;282"
9373,-0.727313,0.233522,0.336647,"3469eb27c44be7e076e4428b63cc530178ec63e74cf2ed287400850565be76dc","68;275;287"
9384,-0.732329,0.233702,0.337092,"d5155d65221af63068a2b360d738813332546c6af5f4dd0ce4eb61146da34b01","44;68;275;282;287"
9388,-0.706514,0.299578,0.550022,"fc6abd70894d55dca3bea4181b87413f0dd46d5a0a67ea30dbd9753de2b1c662","44;275;282;287"
9395,-0.702530,0.324925,0.529146,"187d3be132ca33d2be8d6e20bf972150363d4d500299217cf9e52340a093277b","68;275;282"
9409,-0.790253,0.260512,0.533502,"43ff0306b88aa6f4ecc8cae4e4e281c4b6664ae7c1899d7f34242f920c32a31d","62;68;275;282;294"
9410,-0.742756,0.188304,0.456698,"7d618447893f468863a2af08cb605dbe19c4687e0961fd28afde4534caf74a24","62;275;287;294"
9415,-0.771372,0.256658,0.523408,"527b1286388b0665afa888eda6e2c414966fcc43c14b8e7db0140fba0c328b1d","275;287;294"
9416,-0.773900,0.195495,0.482274,"7c7dac26895d4798e2f6ac0cf3e04b12d9c4e86a4c63fb28fbc7453dc07b5e52","68;275;282;287"
9417,-0.777414,0.249285,0.461116,"62efec1fb4f947a77f47ee99a3a896105bee6c147ef8e7776a3e1451c5dcde4c","68;275;282;287"
10079,-0.436559,0.306899,0.786993,"999e51f932ab6b9b16414af6f7c3a040773a0e0cab9c553fe4e631803c882139","62;287;294"
9803,-0.623684,0.328049,0.761865,"638eed1f6e62eeef10c6dae7e16c97035be773a7edfacf2b3426ff8865f276d8","62;282;287"
9811,-0.812205,0.142032,0.503532,"24e4205e5dfdc7a8df36ad08e2f85f95996ac2234e627a3d2d12553b525f5ece","282;287;294"
9812,-0.619038,0.332821,0.793595,"324912be3583c665df00480266ca25c4da2b02414ebb02fdb0f68e03141e398c","62;282;287"
9816,-0.643858,0.332523,0.764657,"44b89d16e96d91cf8abf8978f4f0480a85576810136fdb301d167d7ec870833b","62;282;287"
9817,-0.637752,0.321138,0.767903,"01a79451acbf685f6fbb7d549ef2d5ae870e6e1c93f8efd08ede77e6cac8cbad","62;282;287;294"
9833,-0.938073,0.018123,0.404678,"8f9decdbfcbcafbe7edf5e90f9efdf69577a3b9fb3d86ff76f3fffc096f1ddf9","282;287;413"
9836,-0.939658,0.013855,0.403857,"048cacffbcceffb8fefe5f00f5ffda63b57f7d0fa2c0ab3fefefef8194f2556b","282;287;413"
9838,-0.934636,0.032510,0.390250,"702013e81d4f4149a400a00897932010d8b84b280823501cd1a0023970086622","62;282;287"
9839,-0.936613,-0.012103,0.468233,"698519e93d6d513a2619ed18df530870d11a6e281b287315c7fd207c9289c022","275;282;287"
9845,-0.910303,-0.025374,0.394879,"6bd4a2be4d1cfc37f952b31feeaa1edeeda5fd87cc6fd2c1977bda1b5becfa1c","282;294;413"
9853,-0.986437,-0.033355,0.461070,"38a0b8e314cd5b503725e709b78f7050d8b815980aba5011cbcd9161b08a446a","62;282;287"
9874,-0.691158,-0.104951,0.877080,"fd5f49a6f2764fbc30eefeec7f778b7037e614eeed967d2ef2ef25942ff30a71","44;282;308"
9884,-0.837053,-0.046438,0.749987,"57fb039a3a8d0ae8afe889eceec661b4b6e95dc74b438e7db0140bba1837235d","44;282;287;294"
9885,-1.005262,-0.065371,0.512982,"fa4b26bc4fd49ce69996808b2c8e27dbe4e7b9c5644f92e8b373de9b173c3d5e","62;282;287;294"
9895,-0.996136,-0.124080,0.517485,"1fdeecc7a676ffbe7d7e56e7d93f9f6f37d7bdefe1d02de0ee7ffe84aff5bd79","282;287;294"
9896,-0.761381,-0.114099,0.930274,"fd57fd67f63ec7b850ee3fee5b659bb13fc4846ef9b27d2efaef6594effbd271","62;282;287;294;301"
8854,-0.535572,0.149656,-0.143147,"a5fdfebbecebfffe3e73fb78d7fa887bef5f7f5bb3fcfb33fceb7fc4ccfb83a1","80;266;275;413"
8856,-0.517173,0.176387,-0.028996,"8f317e6faa127ef8fd4cd7a5ddbfb766b655ffefa4d5afca46fb6f872eb72bd7","266;275;413"
8862,-0.503838,0.176666,0.054771,"0d670125b00b669c62a87ae8c321d910104c442e80f0cd0ca41c25b448fa4201","266;275;413"
8863,-0.506877,0.178245,0.055723,"25269007b00f66987baa7a68c3619910914e443ec0f0c92e2ede2514c2f24a81","266;275;413"
8869,-0.504492,0.177320,0.054649,"09a6c007b00b66bd68a87becc3609890174c442cd0b0cd0cac9c25a448b2c281","266;275;413"
8875,-0.532496,0.143666,-0.121615,"42f79abefac8b6ecbe014aebecfe6850b77febc1461b8a73bc361eab0452a78b","68;266;413"
8883,-0.540766,0.129216,-0.113493,"6f81f4ad6d1f56a84b70b809cf785ff6dfc5fc678d62dd9dbeff453e5eef5a07","68;80;91;266;275;413"
8892,-0.550053,-0.086607,-0.275201,"a1326349760feb50556874e61101b4347e8816ecc9b6655e140ca0807f8a72b5","80;266;428"
8896,-0.538749,0.110547,-0.129692,"a0a4b9f9896d91cf1a372c1896b5482b891b6210326efa13cfd3557fd04887a2","80;259;266;275;413"
8928,-0.564429,0.075521,-0.119469,"e68fc5dffcabafaf1e3b5af2f4e1b8407fee3f2f30584b7f3c26ffe49ce8d121","68;91;259;266;282"
8931,-0.573375,0.052798,-0.126109,"b4ed9757920f47a876a2eb4853610911397e606a78f4493ea9a64514e173c2a0","68;266;275"
8935,-0.568674,0.035681,-0.129966,"d5efc7579a1b66e877a2ea4a63608df579ee6a6a79f1ed3e3cae4514e3fbe824","80;91;266;275"
8941,-0.586446,0.009111,-0.126494,"85ec8ebf980faee876b2cb55f5e21941f96e6a7e64f7df3fbc27cf44d87bb980","68;91;266;275"
8945,-0.587715,-0.008377,-0.167198,"7c20bd74a86d518aa2bfa718d737491a81d46c120865fb00dbc3753de0710662","68;80;91;259;266;275;426"
8946,-0.576529,0.009401,-0.113383,"d38f4ebe28927ee4b454d2a779eeb641e6e3ffe6edcf27fdf2e3eec93c20a958","91;248;266;275;282;413"
8952,-0.617936,-0.089087,-0.197769,"22b0a69d4dcfb049aef1d283ecdc244afc3dfb0102ffdbdd9d32dbf7552c17da","80;241;248;259;266;413;426"
8953,-0.592822,-0.013049,-0.116815,"082cbef589cd1547deb7a219a7ba410b897fea106efdd222edc35d33807884aa","266;275;282;413"
9898,-0.780505,-0.082789,0.843244,"b4ed8313c7e9a6cc36a6498bc1e1590879ea22d35af6ce322d06852de57bd6a2","282;287;294;301"
9903,-0.753397,-0.082030,0.818289,"66ff9f1eb88597ec9abb8869e4f26903957b6853734bca3bb8165d7ed07b238f","68;282;287"
9913,-0.901872,-0.092276,0.569195,"ff797052a5ddd7d4d35cb42f6adc9fbddcf2d552ce237ab173d984fb63dfde57","282;287;294"
9917,-0.774951,-0.084452,0.845246,"66eb951afbc992ac8bbd8049e4e24096837b6a53464bca71a8165d7ad00a838d","68;282;287"
9919,-0.766297,-0.085602,0.843118,"42f318183a9912f8aefc9cede4c2ca16b769ee67c743ce5fb8142dbf18260b95","62;282;287"
9920,-0.856432,-0.103310,0.570736,"def6b474a95d1dbfebfe96bdefffdfaf8757fd2ce445bf8afbdb5dbf86f40f77","62;275;282;301"
9923,-0.880427,-0.110327,0.983951,"7669149acbc596cc8eb2a90a64d26d1be9fb6ad34243daf0b5004f3b115bab82","68;282;301"
9931,-0.769827,-0.131292,0.935656,"42fa41a332893fb42f601bedfd47c8c026557dc743108df5a4d42fe624868579","282;287;308"
9936,-0.824600,-0.178970,1.203377,"aefc569bedfdfee89f7bfc22ccfe7fefffdbfff336736bf53f5bcfef975fe5d7","62;282;301"
9937,-0.811058,-0.112863,0.902249,"70e811a65c09aee41820a8caf522080078f74ac3683bc86fb4868e38213a2388","62;282;287;301"
9938,-0.849092,-0.106036,0.861342,"76ac8bbed84197e9be96890b76e82953f9e36b236e638a3ff926ef3dd168364a","62;282;301"
9945,-0.929915,-0.122604,0.772032,"cd5ae3a5660a6fbc75ca56e7fd0d936436c537efe1b425ea642e6e842fb73179","62;68;275;282;287;294"
9948,-0.937528,-0.125539,0.773412,"dc17f3e5b66abb117dee57f6dd7f91ed361d977bb1f42dcae4f92b86eee52571","282;287;294"
9950,-0.902349,-0.115777,0.869156,"60600c0d08bb200866b0e308c28040dc58acea580af5c71514204131700b4a04","62;282;287;294"
9953,-0.907488,-0.150738,0.878001,"c2bb2a38efe0b5e7ba5d50bf2c8c7609ab3bb305166ba2f35d305aeb5504b7db","44;282;287"
9954,-0.879804,-0.147571,0.849896,"97c3660b3693ae7d44ccd3e6494cbea57ea016efedb72ddf240aafc47fbef9d5","68;282;301"
9964,-0.794342,-0.177959,1.063609,"6ebcf2feed9dfcf39ffebc2faeff57b3cffbff05e66bfaf3bfdb5fbbdeec6fdf","24;34;44;62;282;287;301;308"
9965,-0.818674,-0.182432,1.107219,"cef9f6fa6d9df8d8ab7db43dafdf5f9eeed9ff538667faf5d7d9cbff569d0bd7","62;282;294;301"
9968,-0.896727,-0.221588,1.006792,"4afdf0f3ffddfcff7ffb9623effe5ee0ffffff91f678ffffffdfbfeff7dcdddf","282;287;294;301"
9969,-0.850554,-0.187786,1.160850,"cef972f2edd9fcc5bf7cb60b8ecf775feffdff534647eaf1ffd98fef569e87db","62;282;294;301"
9975,-0.786849,-0.174334,1.124306,"4fb1f69fedfcfac8af5dff23ecfe7ec6efc7ffd39641ebf1df794fcf9e7fe1d3","282;287;294"
9986,-0.995422,-0.233671,1.001198,"3e50fef7a656fff87dfef7225f7f9f6fffd5fffbf9f26dc8fffbef87e7f366f3","68;282;287;301"
9988,-1.032490,-0.239481,1.030584,"bf146dc5e63fcb585deaf7fe5f3e9f3d7f9597afb9f66dced7cbeb94ffef43f1","62;282;294"
9995,-1.038493,-0.182395,0.833135,"9f7f47a3f2337ef835e8fae7496eff817fcd97f7bdd00deebecdafc4aff7a9d5","62;282;287;294;301"
10000,-0.921542,-0.228397,0.929273,"f656fefefe52ff78bdeef7a75dfebf5bfff5ffa6ecd729caf7efef85e5fa6dd3","62;68;282;287;294"
10002,-1.028544,-0.150167,0.801826,"6d967c6d603b7f38716a77ecdf3f8b711695776aa1b6691dc6eb61a46ee34a91","44;282;287;301"
10007,-1.026886,-0.248251,0.965315,"bdf9e7dffd5f6ddd7ffbf776fbf6dcfe7fcefe98bbd8fff33efff7c4affed8fd","282;287;301"
10062,-0.635427,-0.253668,0.142216,"cb5fef15a2d6bd36bcce56e6fd3693632677bdcce1d8a56a6e6b7f80aef40d7d","259;266;287;413"
10892,-0.756058,0.136255,0.498671,"f8b839f82ccc5157bb1fa018379f403b85bb5d102a6ff211d3f970384080c66b","68;287;301"
9427,-0.782829,0.168815,0.515268,"a1ac9f57d4aee1a776336250f2310839197e620833fc592f4dae5440c940c2a8","68;275;282;294"
9449,-0.934725,0.083486,0.411012,"7ab8bdba8bdd90c68b75a0b92efe46128ff3fd111e6bfaf1dbd31f7bd54c875f","62;275;413"
9476,-0.917824,-0.043431,0.634824,"4d722b0c68553558a6eec7ecd0d4eb6a541cea66c507e310552561ba18330ff5","68;275;287;301"
9480,-0.898068,-0.043438,0.592266,"31b12d6b02cf3330346c472553158a70749c7d4edb98f11547a820c0698b5473","44;275;287"
9481,-0.932496,-0.022006,0.447885,"a144154f116f43387420eb58d35108b5589c402a69b6791fa5be0054588b4220","62;80;275;282;287"
9498,-0.917422,-0.049425,0.787832,"77750b847a0b0f683ce0efacde86ab343ecd5e6fc993654eb0140b3454330375","62;68;275;287"
9500,-0.931761,-0.038436,0.541566,"3820862d1b03006876a4c20043c00240502c682008dac71d19e3410561207402","62;80;275;282"
9502,-0.984807,-0.115742,0.608604,"2e5d74faedf5ddd48b7ebd0bccdf7fafcffbb7d3c6637af0375bdebbd75fddd7","44;62;68;275;282;287;294"
9507,-0.963077,-0.119701,0.640746,"eed0b45ae9f4988abb5fb5394cfc5fbf8757fd11b647faf11b7b5dffd6758e57","68;275;287"
9509,-0.992643,-0.121942,0.669788,"fe94365edbf690aa915fb73d6a7c2eff85d7fda1bc4fbaff1b7bd9dfd365be57","68;275;287;294"
9510,-0.979403,-0.097223,0.631669,"0a3cb3b009edb147bfd74819ae9d418e893bfb11037d92f39d541e6bc24407fa","275;282;287;294"
9515,-0.996521,-0.118106,0.504012,"cc7ad9b12acd3b98aafc1dedddc7c3128671ed76c344ea1a4e912dfc0aa30f53","275;287;294"
9517,-0.966742,-0.092343,0.593124,"23f940ba73995aee1f7478ad2cce4694afeb93d5461a0af53e541ceb7b0e0edf","68;275;282"
9522,-0.966868,-0.130526,0.581156,"4bbae6fd7d9ff992bffed6a7bdffd666e7ffff8dc559fff95f7fffab87a427fd","80;275;294"
9523,-1.014034,-0.105268,0.721304,"53bbafac3ac40918aedc93e5fdc6da72a6257dd58741bf5998f16bb80ca22775","68;275;282;287;301"
9524,-0.990010,-0.105084,0.700564,"5b73be2c2956191caefd8f0d9f9692f28635fdcd8dc1b394d3f92bd90207af73","68;275;282;287;301"
9536,-0.935032,-0.133584,0.809190,"5e88e63b835039c1ad57c7834d2e3fdf6381fb9716193fc0d77b5ec7b7e62d46","68;275;282;287;294"
9555,-1.033195,-0.125757,0.820355,"871cafb760e66f52b44a57c77537b37966a51fefa995356ed52bea802cf325f1","68;275;282;287;294;301"
9556,-1.154083,-0.225112,0.986588,"1e137eed7ed3f9791dccd7e77ddfa7617ebdbfa0a9b123dcd6ffab8337ae35f3","68;275;282;287;301"
9557,-0.932965,-0.145188,0.752405,"e1d37bed764a7bb8384c76e5775f8e71765d176ee194a06f66a9228024a347f9","275;282;301"
9566,-1.015896,-0.123465,0.801936,"4710e7cfa4646d192dcad754d1779d7f5c443dbc99c2f3c8cd3aea888ee6f071","68;275;282;287;294;301"
9571,-1.050443,-0.201573,0.863495,"1f5febcf6616ff7575ceffe6796fb7607ef537efc1b03deb76efe7807ffaf1f1","44;68;275;282;287;294"
9574,-1.015416,-0.212285,0.910351,"a3b0fede78d518789fd8d5e87cdfec349639ff998347badfdbd92bbb1ea62b33","275;282;287;301"
9575,-1.002901,-0.211633,0.902463,"ae7772d8edd7dd5e9feaf4fa1cdfb5bdfeb9d7fbe307b2dc7358abbb1ebcafb7","68;275;301"
9591,-1.110467,-0.161688,0.872214,"6d33fced663f7d3929e87feddf2f9b5a16ddf72e85b0ed5846ff61a46ef34ad1","68;275;282;287;294;301"
11387,-0.734078,-0.158673,1.037264,"0b39f6ffedd5bcf7dfffd4b7acfff7afef7fff85d5fba3e1177bdea28efcabdf","282;287;308"
11392,0.270549,-0.113224,1.330764,"44fb9c3e29cd12e8aabc202deed76b129579ec6246439a39f9d1257f58230f53","308;312;315"
11404,0.202233,0.261113,1.311902,"9e6ad6b5073a6ccabdb2d273ceba65cf7bfdeee26cf583ea96f2df07a77d2986","308;312;324"
11412,0.160965,0.266633,1.389851,"2e5b52c85d95f2e0cd04fc0f2ac82784c8a8ca42462b52fd3251823b573f7e8e","0;24;308;324"
11414,0.083847,0.307890,1.297400,"028f3a9bf5b8bca7bd075e97acee36c4f72b8301769820ff2f779ac3944cbddf","17;308;312;315"
11415,0.269554,0.069307,1.368128,"4e74faf8e1f4fcd6ab5a3c293cdfff3ea77bd757c623b2e073d96eabc7f7e7ff","308;312;319"
11416,0.252813,-0.022648,1.346581,"02b0a89993f5b04b1f1d4433ac9c66ccf91bb39136dc73d70f579a47920cbdde","308;312;319;324"
11427,0.201294,0.043811,1.347074,"100f6aed34abeb73240c7ee77365b2407eaa07acc8b8252fe2afa28135eaf4f1","308;312;322"
11430,0.207563,0.049707,1.412819,"d9d51eac87065c35a540e6077f1b3a5364a739ef6d99118df3e9c6002ab6a85a","17;308;312;322"
10948,-0.086737,0.281808,1.197173,"3878b8bf24fd52da176efc2fbfff4398fffbb7030eb27b39c7cf39a978fb4cdb","301;308;312"
10949,-0.076281,0.266234,1.157085,"ec5d714e7dcfcf7955a4f70e7b5595755efc527af9ba79fe3fb8055873abc674","34;301;308;312;315"
10964,-0.940948,-0.121067,0.777973,"12b743bd13e3b773944adbe765dfa0007ebb97a35991109ff024aa833d6ea7f3","62;282;301"
10979,-0.173129,0.237299,1.146256,"24ecb81ad9cd93cade158c08b6d06a30c17aca51024ffa37e9071f79500b1fea","301;312;319"
10982,-0.204889,0.247986,1.175509,"7a9575641b405ba9a174a9a96b7f0e163ed5f5e0580bbbdd7bfe41ff63a60653","17;301;308"
10754,-0.642832,0.330328,1.239945,"709c2b389dec9107aa578a1db7ac565a81b3e9111e6b9237d9f71a7bd040975a","34;294;301;308;312"
10755,-0.468542,0.250212,1.260881,"5ce902b48d864ea5b7a48602afa361c4e0f5f9c3584999bcf9d58f19223cb808","0;44;294;315"
10762,-0.477593,0.250022,1.326952,"a62478f8dfef9c6b9e12b91b94fc3e29d9bb5331366f5a9efb5fdd3fd5689f82","0;17;294;301;308;315"
10783,-0.441899,-0.143525,1.531360,"d4e519b2a86906eca83ba1789672481ba9d34c737b67ca76b9826f7cc0538702","0;34;294"
10787,-0.404018,-0.127034,1.505406,"a59d6f5bf4efeff2545a74767075b5256f7a136af1be3c7f670a60805df976f1","44;294;301"
10798,-0.558911,-0.130144,1.321550,"5d58fae53d1e7fd675ecfe06fbbf33e27cdcffee89b3f1e8f7ffa795affd7c7b","0;34;294;308;312;315"
10799,-0.489496,-0.152943,1.486791,"0197196534ae6b377c697b74f7319070963e1e2cb1b8614fe5bf22804882c139","0;294;308"
10812,-0.443823,0.218244,1.380310,"0b9ee3dca450d8bb5f5f54f5a8aeb6cdd70bb505f7dc26d70e7efecf9ec45c5f","294;301;308;312;315"
10818,-0.447920,-0.283413,1.641199,"587b11a033cc12303908926c8e1380d586f5ec62690981ccb0f022922a040739","294;301;319"
10825,-0.504878,-0.018356,1.349386,"69b75f6c7a5f747fa528fe6c37b180b44e3e4e2841bbf11d76ed30127b884ab9","44;294;301"
10827,-0.445416,-0.366744,1.650573,"7f797062ef5dded8cbfcb4ad0edcd7b68ed1d5478e63faf2735d2dbb47be5ff7","44;294;308"
10832,-0.623684,0.086818,1.398462,"18941cfa53e550ce171f68113efb2859e51b83102a3e1a37d3ef504bf250640b","18;44;294;308;312"
10834,-0.626111,0.033331,1.374060,"aa8ce59fd5f3edef16575492686c37a9d97a938f72fc6ffb2d03dc81d75cf4f8","17;24;294;301"
10836,-0.644784,0.062790,1.436297,"c3dc659e7fd58eacc94a90eeec7cbde7cf7393e7e5233eff343ecbba5f7f71fd","294;308;312"
11000,-0.260189,0.299300,1.232311,"392d536d75df6a3675e07e423b9b90f47efeb6c89db875af66eda0c06f864a8c","0;301;308;312;315"
11008,-0.212965,0.238572,1.204100,"dce3ece1845a4d1d63b58718d3095a3b31c47df9fc55ed00fbe9e555a6b2d662","24;301;308;324"
11022,-0.192500,0.236556,1.179201,"f622cc370c78400833b6c39bc3e84b8b29ece8860cf6cf0096e2d53fa5fd5e46","301;312;315;319"
11029,-1.032322,-0.208493,0.855005,"991f7afef7d6ff715dcaf7667dffb2e1fefb97e3f1bf38eff7ffa3827faff0f3","68;275;282;294;301"
11030,-0.669023,-0.106836,1.077731,"6a9cee7eadf4dd17bbdf9ebdaafd16efc7f3fd01beeff2ef4b7fd49b8644fc5f","287;301;308"
11033,-0.440691,-0.029491,1.111669,"02b4bebef8b5b87f9f5bd8fdecfe2608cf3fff1196cbf3d79f7fdeda844ca5df","301;308;312;315"
10641,-0.978436,-0.126295,0.611786,"aab972d86dd5b8cf8f5d948bacdf7e8cce3bdfd1c62b32f117599afb160c2ddf","62;68;294"
10648,-0.341827,0.255380,1.195437,"750f47ccbc024e734588dae67322b5f76ee41eeee98b45ccb0a8e7982dfa7025","294;301;312"
10264,-0.899351,-0.042496,0.644601,"49710e0c58d30358a6e88d2cd4c6eae01024ea624183ba1d6405213c182203f1","282;287;294"
10275,-1.016728,-0.104819,0.427163,"78f9eaf8bdd95ddfa355bcb93fdd7a128b93dd115e6bb2b1fbd5347bf60cde5a","282;287;294"
10288,-0.982843,-0.097084,0.635107,"4874bbb00ded9146fad79019bebc430a893b7b110667d202d9877e39c15807da","62;287;294"
10300,-0.632522,-0.077103,0.976548,"2b8d70dc5f91fc671f05fc8e28aea6d4efbb9284662b76ff367f920b1fccfcde","62;287;301"
10305,-0.592060,-0.132502,1.237568,"ceb4b696fd77beef9bff991becfe6f8fffd7ffb33667baffbf57dfff967da5d7","287;294;301;315"
10312,-0.640034,-0.101180,1.031499,"ff0f6434cf7cddbfe9f6be9f4b2c17df27c7fdaffc6bbfe47f7b459f67f4de46","34;287;301;308"
10323,-0.615035,-0.113144,1.082160,"eb586a4c7ddfdb78ddccf4af7adcb7e5deb5dfe7ed277cdf7379a19b7faf5cf7","287;301;308;312"
10326,-0.646539,-0.103042,1.011103,"6afdec5cdbddbdf7bb7f3cbd28bc56b6af77f301f66bb6f77f7f54fb47049edf","62;287;294;301;308;312"
10327,-0.592250,-0.128277,1.223411,"6eb4fcfefd77dbea9bffb51becfe5e0bffd7ffb13e67fbffdbdfdfff976dff53","24;34;44;287;294;308;312;315"
10661,-0.577520,-0.015188,0.879493,"2fb7e343f33bbad72be978ef0cacdc94bfdbd71597b24dd03e5c1de6cfcecbd5","62;287;294;301;308"
10665,-0.470986,0.287638,1.055570,"63bee417f23cb897bbfb72fdecacd61e8767f515b75cd6e30e7e5cc2cde48bdd","17;294;301"
10673,-0.533792,0.292842,1.067015,"be7868f0cff951c883f4a4bb038d431b0b99c7530e76fab0dbc11d7ff51d5ed2","24;287;294;301"
10679,-0.480451,0.291306,1.086054,"4bdae415eb3a34b77bff36fd682c86dfa7c7ed04b45cc7e30e7f75d7cee4ca5f","24;294;301"
10681,-0.500301,-0.031103,1.110478,"4ab2d2d073b03853b909defd8c8ae6dca7bfff90969b84c1d2553ac38ec4ab9f","294;301;308;312;315"
10689,-0.464119,-0.029540,1.050357,"c3b216bb6b8cb861af7fb3f5ec8a0ecbe705ef05e66dd3d194325af24c0c0b5f","24;294;301;308;312;315"
10699,-0.464421,-0.088482,1.177914,"0bd96ba933d5bb308d4c54a7bddeb6e0f62997cdc78834ddae592ac23e8e0d7d","24;294;301"
10710,-0.507909,-0.103484,1.167645,"07b2d1f7e2287a983bfb3bfdef6fcd1eb7df6d9e93708be38edc27a6cef303d5","17;18;24;294;301;308"
10717,-0.916076,-0.147995,0.855989,"09fbed7732d0bbb026fd57a5f91dd2a7267cb5dd8358adbd4f6b7ce1278615f9","62;294;301"
10723,-0.937528,-0.166565,0.830339,"4f12e64c3a3f9938edcc5feddd7c9fee9775fd2d85c066cc0e7f699696a70975","287;294;301"
10732,-0.416210,-0.087385,1.303169,"4e2191a2893c3403abb98b498cf248de8157e81117099ac09d741d7f8a468b06","18;44;294;301;308;312;319"
10740,-0.461569,-0.104964,1.285337,"72b9e218dff594c78b7f9caf28fc769cedb3f391972b32d11b169cfbdf4cffdf","294;308;312"
10743,-0.993966,-0.218754,0.860664,"2bfd76dbcf91bee77f73f6b628ba76edefdbbac3f7fffff73e5fdfeb9f5df89e","68;275;287;294;301"
13194,-0.436708,0.114971,-0.367617,"0b9b428d7395aa771c0c58e72882b6c47e2b93cdd79a04ff262caac81f86b89d","80;413;428"
10917,-0.045473,0.304200,1.146186,"10fb5ba97489e6f63f09fae7bb8be040faaa2ec04bbac3f7bcc4b642399af19b","34;301;312"
10930,-0.323220,0.214785,1.012340,"2bdd715e79d54ffd0748fc287877acb45cfb97eacb0a6bff325ca5ba1386206d","17;24;301"
10357,-0.674873,-0.137477,1.019234,"7b9df6f7fd7e7f777defffb76f3f96f7eff7ff85bcf9f5effffff68367ecf4df","34;62;287;294"
10359,-0.542574,-0.098127,0.973517,"ba7f606975df5b743d6cf42f1b1d96b5fcb8d7e6edbe70dff7d9a0f3778c5eff","17;62;287;312"
10399,-0.582263,-0.116014,1.134253,"5a98b6ee2fff984faf6dde2beefe56e2eef7ff819cabf3e19bffdbd3860ead5f","17;287;294;301;312"
10410,-1.021670,-0.160369,0.848557,"1f137baf227e3b7929e85fe7dd5fbbf1f69d97a785903dccd6e96b842fa723f1","68;275;287"
10412,-0.630664,-0.119598,1.201120,"bf7e27fcab771ffa17eed4bf5affab2dfffddfa3edc77a9efbffedbf37fc3ef7","294;301;308;312"
10413,-0.609977,-0.120747,1.173079,"7a38bef52f7fdc7f3ffb962b4e7f56abeff7fd859cfbf3c89b7bdf93877cbf5f","44;287;294;301;312"
10416,-0.992327,-0.152899,0.805895,"f8d3acec29545cbd837eb6addb3f0b53ccd4fde2cd47fb81f3e3e5bd3af8ac5b","62;275;287;294"
10435,-0.617355,-0.136359,1.269772,"46b4b496fd65feef9bbfb91becfe6e12ffd3ffb3366f1affbf5edfef967ea5d7","44;287;294;301;312;315"
10889,-0.733275,0.188466,0.465164,"45399f37a86e3597baff0e5df7b7435a8567681491d8fb20cdf77f508860837b","282;287;294;301"
11580,0.127272,-0.067231,1.471914,"0add2aad5786bb670e495e873d9e3060fc3b1385939a30fd6d25bac01d0eb1fb","17;308;312;315;319"
11582,-0.488095,-0.110649,1.350868,"2aa2f2f87f91d84a8b153cab2cccfe848f399715962b86d11a5d1bfbd78c6fc7","17;308;312;315"
11586,0.128505,-0.074194,1.516497,"662de88acd31d44b0bb7bc0b0aa8771ac9cb83111e2bcaf01f1cd53bd16edec6","24;308;312;315"
11592,-0.687462,-0.134962,1.306745,"cefd76fabfd5debcdfda35b2eddf7c75b7f3ffd3e665aafbebdb2ffe16f7a557","301;308;312"
11594,-0.060021,0.299564,1.431236,"120febbe12e0bb669405dea32defa3406efb8781028b26eff026ba8bb5c425f9","24;308;312;315"
11616,-0.043717,-0.037468,1.478670,"6f78fe5469dcb4d6fbdab4183e9847bfabf1d20ae767b2e0175f543bcb7c6bdf","301;308;312;322"
11625,-0.279288,-0.021375,1.439039,"164a42a55202aa40ac8443834d8eb3c076fd8bef049104ec94608a8125b72dc4","0;308;312;315;319;322"
11631,0.009341,-0.168514,1.477472,"00b8b9bbc6edb9471e7350f3b49f6048ef3b3311135c92714d077ae8944885fb","34;308;315"
11634,-0.295618,-0.020241,1.477214,"28b9eac9f497f95f57497c06399db6207dba17989bba76df6f8db7ecf788f4f9","308;315;319"
11636,-0.030838,-0.131041,1.496107,"a6f3610276cbabe85e6c78ef108c5c10ba890377e23a6c7f7d0cadec550f56fb","308;312;319;322;324"
11645,-0.121169,0.293453,1.504673,"fd78b364235e47dc61eab66c5e95c1b634f4fc6ac9f7b188b3f965b66bb76a7d","301;308;312;319"
11657,-0.377677,0.283344,1.492505,"12aeaabbd2a1b9479e05dcb7a58c3600ff2b8395969a04f7cc059ae3d54cbddf","308;315;319"
11659,-0.409066,0.265137,1.421094,"4799e5558d5dad8bcef28606d83cdf6e21467adfd369fff10d18df36df7cd174","308;312;315;319"
11661,-0.382478,-0.125642,1.563084,"17114183b62aea386de05be6dd4a9d6476c417ff91b05decae2ca3c42faf51b5","44;308;315"
11665,-0.456508,-0.169449,1.529629,"fd6dac648c4e47bcc0a2a6087371113358e46c6a68e7e128f1ebe51061fad22a","24;308;319"
11668,-0.543232,0.215088,1.286441,"82d57afa7dddfffdff5d7c15ecde3ec4df2b9743f62c3af7677d1ecb571eefdf","34;308;312"
11674,-0.260258,0.275501,1.514481,"a7f89ada499590cbdf1ff41024da6f38dd3b12100667aaf113181f6bd0182b8f","34;308;312;315;319;322;324"
11676,-0.146519,0.218193,1.664945,"0b9e0a9970b6b8773d495ef5bcbeb6c4e62b9785b59820ffa675bac21e84a9dd","24;308;312"
11679,-0.581821,0.211249,1.319062,"095e33ff74edefb6344a5e66fff7b9e47f7a1fcfe3b07bbfe5ffae803edf11f9","0;17;18;24;34;44;294;301;308;312"
11686,-0.349558,0.262752,1.591697,"00891f5c51c2a167ec0dea06208224c468aa2a0803b9337d3526920359086cac","17;308;315;322"
11694,-0.500551,-0.243057,1.663064,"070baea3cea2bec88ef55be751e87f4aff6d3bd596f10f005c04afc49d7bb9c2","34;308;319"
11704,-0.382174,0.255617,1.631223,"e632aa80cc37984892bf95bb50fc7e2bddddf3b7bc4782c01910cbff852d3ed6","18;308;312;315;319"
11710,-0.601696,-0.221625,1.663467,"4e1cbebf0ff4b9228dde9707ecfe274be775ff8324c53be9c373da9b126d2577","24;308;312"
11714,-0.522254,0.218492,1.688195,"bad578ecef5d9fff195e7cafcefd7e879f5bf763d46afaf0fb594dbf57fe9fdf","0;294;308;319"
11733,-0.448523,-0.434860,1.904062,"829d169bdbc9b6e7bf11ceb3acfe2ac4ef3bfb807219dbf73d369e4b1204ad9e","44;301;308;315;322"
10847,-0.620909,0.035431,1.466637,"8ade575d22bbbc969f1f72f76d2aa4cde733a704a3fc07ff26fa72825edc659d","34;294;301;308"
10849,-0.634791,0.031752,1.489016,"033d2283d7bdb0474c415a46a89836a4ea2b921597b814d5261c1a42dd0cf98f","294;301;308"
10861,-0.506454,0.047449,1.745985,"c712f7c06436a910d9db9776dc5edc2fd7157dbfb1c7adc2003afbc68ce53175","294;308;312"
10863,-0.635860,0.003561,1.531628,"5297cc55bae2390b3eb18ea4fd668652b777fdb113c98f5ccc27ffd58c608d39","294;301;308;312"
10865,-0.515669,0.052808,1.772612,"0504d3c1ac26ea18cc837b52ddfb7cee5344323c91b094c00d9cc34c8eeb69a0","294;301;315"
10866,-0.518322,0.052154,1.778562,"e76e8a96e4b0e643d98e7053a0a8f7cfe9ee268f24fec6ea163ef689857df88c","294;301;319"
12142,-0.470694,-0.083913,1.191682,"9bd969e833d55b300d485587bd5fb66076a99fefc78034dde759aac83f8f2579","24;301;315"
12158,0.389047,0.197422,1.331810,"277ee395477e6f427be7ec8621e6d77e7bec228e81d6fce2153ed322adf566f4","0;315;319;322;324"
12162,0.379500,0.044294,1.332333,"420e93fd66a0b947ac035a62bcbba14ae63b3f89019982cad4be3a8894f021a9","315;319;322;324"
12164,0.405420,0.110478,1.416874,"784ec69f473a6666e1a6feaa6a2283df6ae7eec34cf7e4eab4e3de0323756ece","0;17;312;315;324"
12165,0.387289,0.130518,1.345017,"c5845cb3ec29e82b5e33b11edf2958891b016e1f32745bd3cc975b75dc4bd980","315;319;322"
12166,0.397587,0.139426,1.381304,"7c6cdae0c57b73c233e6be0f03ad431a79ece65208f3b9a2dfc58575e97b7ed2","0;18;315;319;322"
12170,0.389118,0.128622,1.347683,"a3f03cdbec8d94ad5e3b1178d6585c81df135721f26c4bd7ac1afffe5c08d981","315;319;322"
12172,0.385446,0.128021,1.341536,"89c414bb6c09acad5e33115cdd294881db026a0d72345b97c4935b745cc8d980","315;319;322"
12175,0.348925,0.124344,1.326846,"ce7cadb209fd93889fd68429ecdc4b2f9571f953a745fafacb53cd3f82771777","315;319;324"
12185,0.314748,0.292796,1.330327,"d32cae948576ed67fdcad61268be37edf9e7ffafedd7b4ceb37fdf830774bb6c","0;315;319;324"
12197,0.092095,0.294578,1.388785,"3cadd0ffe56f56f873a67c0b6bf94990f9daa7724eb2d8bbffcf6525e3feee82","0;315;319"
11063,-0.998978,-0.283228,0.884260,"0a5ca2dc75f4ba461dca5c06bcce3740ec6b978187ac32eb277d9a8a975c75f9","34;294;301"
11073,-0.503883,-0.104480,1.176654,"d6fad077e2287d943bbb37fdcf27cd1ea7dfed06c3f489e1cefb77a6eef38b19","301;308;312;315"
11074,-0.038187,0.026129,1.532326,"2269928e5dddb6458f84d00bacda27c4e8b9cbc146ab12e9b5148e0b101e3d8e","0;24;301;308;319;322"
11080,-1.005177,-0.286847,0.891524,"0a5cb28f75f4ba471d455c02acfe37c4da3b938106ba30eb277d9a83975e75de","34;44;301"
11089,-0.043393,-0.139568,1.470114,"0d2141c1740beb184de07bc6d940d9e47e8c16be81b07dcc0c1ca3e42faf51b4","301;308;312"
11091,-0.046732,-0.144154,1.520491,"329d605adfd192ef9745fcaf28ec2e04c8bb83811e2b7ef73b54907b770cfcde","301;308;324"
11094,-0.080470,0.289324,1.459244,"96d85ffe43c0b7e4be5252267cd721616779bbc261d51afff1a24f8b3d3321bb","18;301;315"
11095,-0.084523,0.297747,1.514248,"1e1cd3fe52e23bc0b6c2dfa27df7a16877fdbfd20193aeead0a6ab8bb7f325b3","18;301;312;319"
11101,-0.233939,0.259521,1.405572,"03a69a5b75bd6852ff0b7510acd0fe2cb52a121cb7fd2af71f5e126bda8d6ba5","24;301;312;315"
11104,-0.468573,-0.105451,1.301988,"2934d34771fce2537be9794838b0d4b438fe021893baf4e2163c102acbc7e2ac","24;301;312;315"
11112,-0.132242,0.289235,1.463691,"22a8841d8bd994af9eb70009e4e8478f8162eb113648db312d16557fd27c9f8e","0;301;308"
11114,-0.751959,-0.169837,1.017859,"ee7472da6fddfd69bffeb53becde7f9dffb9ff23e667eafb97d9cfbf56be6fdf","62;282;294;301;308"
11130,-0.227068,0.263347,1.427333,"000113a87cc3a14b1601400095972040f0381319039b031dcd843a48900835a8","301;312;319"
11132,-0.426046,-0.115725,1.393402,"a7b0e21acff5b8c8db55b59f08dc7e2fef8bd3959667bef11f58daefdf0dffd7","301;308;312;315"
11139,-0.281464,-0.017899,1.456560,"8b9d23d975d6ec375d495a52a81eb4e4ec3a9289f79875ff277e9ac21e8cf0bc","17;301;308;312;315;319;322"
11140,-0.308861,-0.094748,1.484739,"dccc2e77046247aef4b6c610f371197b517468ea68c52b2fe1a3f7152071742a","44;301;319"
11141,-0.143444,-0.141200,1.672866,"38634aae411a76583120f30b63db2990f8dc86e24cb2c189f7e5820363bf6e8a","18;34;301;308"
11160,-0.707703,0.257436,1.274035,"3745238c1d56cf685dc4d9024adc35e4f8fd9fe3cda37cceb17c8b1a173f74e4","44;301;308"
11163,-0.724193,0.224858,1.318074,"6af894be89dd10eeafd18019eefe4696c1f3f9110e4bdaf19bf35f7b92048f4e","18;44;301;308"
11165,-0.116959,0.194439,1.526669,"328771ee7c00cfed0d05f9836f6b3c50fa8b1fe35aab4bffb1fc8aca358bf420","18;34;301;308;312;315;319;322;324"
11450,0.266309,0.231426,1.391313,"018807c934ae6b3265014b40f313b0e440a01e9c9b9831dd8dbe92409a827020","308;315;322;324"
11451,0.261716,0.229014,1.411032,"09c913fb65cce144ce017800b7997060c82812494338d2f1c5981228500a61a8","0;18;24;308;312;315;319;322"
11452,0.181529,-0.109182,1.380195,"7c427aec76625b5061ccff275353b3507eec15ee8893a00ad3eda08127b36a41","308;315;319"
11457,0.224881,0.176965,1.379827,"4a02969c2bf0b04b9f9793a3ecee63cee731eb9116498ad098769b8b966c2d4f","308;312;315"
11458,0.071171,0.307347,1.374907,"0a8f0aabd995beff160d58c7a9ce32c0dc3b83d5de9a4affec65aec91406bdd8","24;308;312;319"
11460,-0.216085,0.239367,1.204915,"e1cb085fe89d6ebdda28604cf0e294f0d46e324ef70ada372c38e53818b8da9c","0;308;312;319"
11464,0.179175,0.049922,1.387973,"56bcbeb29be031c6be570e332cff624aa373b991324d9ae3dbe75e4ba055a55b","0;308;312;315"
11466,0.180418,0.050202,1.418729,"56afeeba9ae01eef879598a36dee6a4267f3edd11e4b8efffa67afcfb567ad53","0;17;308;312;315;319;322"
11470,0.174393,-0.152287,1.374431,"3c4878ec4dcd4250c100b40a33d9354268f05f4aca23d2b9d3d9813977bb5e22","308;312;319;322"
11471,0.180208,0.038773,1.400906,"ad67694ff40fcffc50ea7d4a5301dd2458c8166ae9b26d3e650ca5b477fb50a9","0;24;308;319;322;324"
11475,0.220218,0.261493,1.413466,"8fcfc617f6b0aeb679fa5af6696897e76767b7cff5dc2def2e7effc2aff7b99d","17;308;315;319"
11476,0.165523,-0.059372,1.398257,"061b82b8e2a23843bf885ae78caae1c8e62daf95149906e89c24aac3ac65a997","308;312;319;322;324"
11480,0.172547,0.100531,1.375505,"20b3b8fbfc8db51f1e3d717db6c14808cd1a07109278db116d90366cd888c5bb","308;312;315;319;322;324"
11482,0.175251,0.101131,1.402327,"8aecb2ba7dd5b8c79f1dfc1aacde6684cd3b9301660fb2f3f7d51a2b121ca5cb","24;308;319;322;324"
11485,0.166705,-0.060667,1.410654,"1b9f6f851692ab7364645ee63906b2e4662e1fcde19825fd742daa802f80317d","308;312;319;322"
11486,0.160307,-0.035526,1.405604,"877aeb817683bbd01fe056e79d8ff7247efd17dd819c34f84e5cafc0adbf31f9","308;312;315;319;322"
11487,0.183463,0.156940,1.409108,"df56d7cc13323c9aedda5ef64972adee77d5bcb8a59525cab26fee86aff52915","308;312;315"
11490,0.213635,0.264570,1.458038,"86adc1b7d2a22faa3eb74bd7e4e64948b76f239772dc9f63ac065f468c73a5f0","18;308;322"
11491,0.182568,0.161289,1.418432,"7a1eeaec37f052f25d4c5ee72ebce7e4e6fbb5418c3ba2abd2f5a88ba72d7c5f","308;312;315;319;324"
11494,0.208144,-0.189359,1.457626,"194c57ef1e864b300540ce42fd47a1e476b01fee498131fdf1edaa003ab32038","18;24;308;312;315;319;324"
11501,0.164504,0.126946,1.459573,"c792658d6630e9b87d5a53f6d96ebee77ec537efe5142fc1142aea843da531f5","24;308;312;319"
11511,0.141691,0.182978,1.409380,"747c7ae024ec5bd22986fc0e9fcb3750f3e95fb20833b0e8d3dd832dadf36773","0;308;312;322;324"
11512,0.178566,0.168041,1.420183,"49542cac8d54dd36c4ee9e07b82db3eacc66bfedcd0973aae76bfe919afc7c7b","308;315;322"
11518,0.182630,0.173304,1.465976,"3a1efaec76f07af619cc5ee72cbda764e67b9741a6b8a0ef767d38ab378d7cdf","308;312;322"
11523,0.146313,0.207167,1.457709,"3d9579e3f4effbd141697d4a5b7dfc207e9a17fa99b27c947ecda1e4ffcbd091","17;308;315;319"
11525,0.142046,0.200310,1.394709,"351ceb41f637ebd055e97f46517db5647bcc17fe99b23dea7e8da180fffb70f1","308;315;324"
11532,0.084132,0.048035,1.405386,"114843ae1683ca608400d08271c9b1e16ae81bef68a70cbdb0e88a0835bb70a8","308;312;315;319"
11542,0.137129,-0.040862,1.435814,"729c768c6f75996fcf46fc0b28bc366aef93bb81c42b76d1531ada9b574c754e","308;312;315;319;322;324"
11543,0.082184,0.045711,1.391160,"8796c59da637acbf56fb52f7c8689eef5f4bb7aff5d44fd20c1eff849dfcb9d5","308;312;315;319;322;324"
11548,0.066069,0.087840,1.436186,"d9dd3eac8d1656b5e540ae067f7a3273e0e77ce3edab15adf3eb46112832e80a","17;18;308;312;319;322;324"
11550,0.138725,-0.040867,1.486296,"2298b3dc5de1b8438b4dd80b2c9c3644e9b99381063b92d317349a2b150c35fe","18;308;312;315;319;322;324"
11572,0.061914,0.021873,1.503695,"20b738fbfcadfddf1e1d7d1db6ef4a00dd1b071cb23a5a176d9534fcd8cac6db","308;315;322"
11190,-0.144121,-0.148491,1.662980,"34495a4c4d4373600184f42b62d9271478fc836a48b300e877a8800b73bb6e82","34;301;308;322;324"
11191,-0.292809,0.276054,1.570657,"b6e2acb0ae4994cd92f790bb46cc5b0b89c1eb577e67cb31da037dffd57d96c2","34;301;308;312;315"
11198,-0.151056,-0.117079,1.602082,"1c0a52ac77ba7a70ad207ac30f8b31d0eeed97c20cb000ecd6f9a28137af6982","17;301;312;315;319;324"
11204,-0.169766,-0.117811,1.653837,"2a485ad466b0fad6ad82768329cb35d86ae997ca04b704e876fd82816ffb788a","17;301;308;312;315"
11218,-0.606897,0.064800,1.397415,"1ad9fe6f13527fede77166a279bf3c707ad5b3c05a993ff56bebc6c73786a4fa","34;44;301"
11219,-0.436344,0.270363,1.652652,"009d31c376cba3e74e29396ab615a024223b06401338287f2d842166500a85a9","17;301;308;312"
11225,-0.326600,-0.215449,1.739081,"3e78ec708ff95350c3f6bd1d0b9d573f89f8d5528c67fea0dbd9457be3ff5ed6","24;301;312;319;322"
11226,-0.330088,-0.208811,1.769696,"34055361f66b67636ca07a28533381303a9c463818b0010c75ac2504e1eac2a0","301;312;319"
11232,-0.448727,0.255876,1.567759,"03bca2885f9ff3fa5f755c070cdc76a4af49131d973b3eff3e5c0b6edf0d79d7","24;301;308;312"
11234,-0.338147,-0.245970,1.693780,"d8cf9cbc28064dbe950ac6857f6721d344d7ace8688d432ff0e3f01038f02039","24;301;312;315;322"
11236,-0.378590,-0.236944,1.897184,"7265e56c2848554ea9deb8a933bf05128af77d01484be208f1bc74ba4470466a","18;24;34;308;312;315;322"
11238,-0.335969,-0.254681,1.786289,"d56e47250402ee3474a2c2c6f12291ed7eec18efedd4450ea42aef002df0730c","24;301;315"
11240,-0.119695,-0.201936,1.650722,"259d16de3d9d92e8de08f924e6f82ec5d0622a6267a35abf24be431b182b6907","34;301;312;315;319;322;324"
11245,-0.347277,-0.294977,1.834378,"6ebf6527e64ab7b068ee19ede72c92031e47f567c57aed2c6c026db44de797f9","301;308;315;319"
11257,-0.373928,-0.361858,1.712746,"fab572ee775a7a413905fbbb4f1f1e94fa9ddfa36eb3c9c7b7fc828367ceee47","24;301;308;312;315;319"
11273,-0.389355,0.076845,1.669901,"16bdda9acbe11ec8963381b35cff690b7bd39bf33b431af2b9868fffbd7ba5b2","301;312;315"
11286,-0.462606,-0.446172,1.964135,"0abd16bbdbf9b4e7af11ca33acbe20c4eb3bfb901299d3f73f771e4b9244ad9e","17;44;301;308;322"
11293,-0.199538,-0.256462,1.968982,"1a1756e7121e3a702da4ffe74f3faad13695ffe2c4911dccb6e36a8227a72f11","17;301;308;315;322;324"
11294,-0.313467,0.209674,1.873632,"8a3074fa6d55f8408b5e151d8c9e7e8b8e119713a667bad043d95abb160c4dd7","18;301;312;319;322;324"
11305,-0.270790,-0.816919,2.015143,"1a8f4a8896919e670405dca729cab2c06eab8785d68806fda805aac1358cbdcd","301;312;322;324"
12670,-0.132713,0.239807,1.135568,"78a1beec4dc97048a6b4a40a68db6052e8bcebd00a4382d15fe1837f73027e82","308;312;319;322;324"
12688,0.224876,-0.169447,1.385578,"14b79ae396a7b3df5e2d786305ea6a40fd1b029196b84937e9873f45b14aa583","0;17;24;315;322"
12691,0.334601,0.251206,1.334343,"c7beb1d3ff3d8ace7bfb115efcfcdc2fb7df7b9db77efff39d1e1ffe8c45933d","0;18;322;324"
12931,0.135947,0.301289,1.350389,"29b8fb5165ddf157fb5d740cba95f6bc892ac61c87fab2f14ffd306bca8c4eff","0;312;319;324"
11778,0.211734,0.292266,1.250501,"1b84efbd1fd7bb6f1f44de83edfe36e0ffbbbba53c9937dfbbff9b03372c3dfe","312;315;319"
11791,0.235050,0.280601,1.336359,"13cd5bcc52c26fe685c0cec231f7a4f47efb1bc8499b24ff33acae8031922028","24;312;315"
11802,0.212886,0.263602,1.308694,"080e63fd74aa6b767c875ae7bdabb140776a278ca0bc25ef66ffb280b6f175e9","17;312;315;322"
11805,0.384626,0.101893,1.335837,"7c4d66e59d5256f8e5a08e025b3321f378e4fdea788119acfbebe75523bf7802","312;319;322;324"
11806,0.163923,0.258483,1.313156,"52bde7fdbbc77ca73fa1dae3edbf14c4efffff81b8dbd1ffbffedfd2a6e4a51f","18;312;319;322"
11807,0.385543,0.101540,1.338453,"fc4957e40d4246b4e5a0a24b4b3b21d3e8f4ece26ca311acb3ebc5132bbb7c0a","312;315;319;322;324"
11812,0.397019,0.135819,1.375092,"7c20d8a1cf2be2c87bb6bf1b4f294b9a39cceeb21872c9c2dcc74175e16b5a82","0;312;315;319;322"
11816,0.132322,0.294005,1.318445,"82923e9a5bf4b967bc5d56b32cbe2649e63bb381369f22d71f735acb9104addf","0;18;308;312"
11831,0.163841,0.260892,1.325386,"43b15efd719f7863bf81d792acbe04f4eebfff811b9953df9f7f9ac30e04a91e","18;312;319;322"
11835,0.352655,0.092509,1.330799,"ceef141fd9d837a1afd40f85ece60ec78162ea5e7249bafd6f12474b02368d7e","312;315;319"
11846,0.349628,0.130586,1.341976,"467cbdb28be413989bda0009fcff4d2a957bfd53a345fafacb574fff80730573","312;319;324"
11848,0.365615,0.157505,1.472437,"46fcb4f7b8a4ba90ba9b1a40fcfb492a97777d53a2459ae3cdde7fa28873012b","0;18;312;319;322"
11850,0.235100,-0.098184,1.090400,"f569ddc7cc07479c12f2a04e5343c93b55c46c7e6942db38b98a653ca8fbd230","0;17;312;315;319"
11861,0.290457,0.251094,1.336497,"8038bff34ccdb9518a595153949f646bcc393391137ed2404d00fa6a980835f3","17;312;319;322;324"
11862,0.285888,0.248811,1.318851,"188c3ea993e31227a6058e23bf3f2240e3338d111e8901bfebc72a51b042ad4b","17;312;319"
11345,-0.686091,-0.096728,0.921578,"07bee15bf2bbaebf7eeb5bf7e97c9ce077ef9fb5b7984dff2e4ebfc2afd7d89d","287;294;308"
11354,0.171507,0.303667,1.225229,"159d59ebb48f6bf95609db66f373b8607e8a16da9bb85d3decaea6c0bc8bf0a9","18;308;312;315"
11366,-0.136582,0.242981,1.158621,"f26512a8496d144fa502a819069b61d0e8b9cb206c27d29ab3d0023b524dae8a","0;308;312;315;319"
11379,-0.080556,0.279614,1.230647,"6cd3784efc8f7f79710cf70c53571a505cfc776ad8b2f91e7fbd214873aae6f3","24;34;308;312;315"
12510,0.232665,0.218290,1.413789,"189676fdc362357f1537d7b3493f284b77d7a3a230de01cd53e3f2c5a7e9a433","319;322;324"
12539,0.049150,0.210721,1.443618,"a31df3dcffe6bf66d9c2d8323cbc3569ee7313e1b12b30ee353ede8ad57df1bb","315;319;322;324"
12540,0.068639,0.085127,1.453104,"190e4ae7348bee73748bfae67369b0c07faa068ea8bc05aff6cfa6802ddaf889","24;315;319;324"
12560,0.169400,0.225517,1.461172,"b96b68e464174c7f41a8fc4a030995b07c8c17eccdb7658eb2dda5b577bc7a88","319;322;324"
12139,-0.470216,-0.098973,1.170664,"0b975183f23b3e3b3f695ff5cc2e8ef4370f9625d7984ddfae772fc73ec68bd5","294;308;315"
12723,0.176864,0.263271,1.365922,"76a09db95debb0c81e39fb2bd6da2c48f99d6f910e73cbd5ddb69b5791097582","308;312;315;319;322;324"
12731,0.180875,0.106205,1.454051,"0af8b2de5dd5b2c69f0bdc1bacdf6240ed3b9381460f9af397559a2b121c2d9b","17;322;324"
12751,0.245132,0.148285,1.389398,"1a017efdb68a68373d0156d2bf2bb0496eb71f88b89845cdc7effa80a780f528","308;312;315;319;322;324"
12753,0.171069,-0.056500,1.449991,"13d52fb396c7bff51c4d5e87f55fba61363b17f5f3983c7ded0baec03482b5f9","17;322;324"
12212,0.267856,0.171126,1.387547,"0fa091e9f4adb95a1e315d129ddf7828ff1b139913327bd3cddd9b6c9ec9b1a0","312;315;319;322;324"
12215,0.396301,0.230118,1.342625,"d9c935ef3d5f5fbc7f7ab628ff7789f2b7d5fd6eeb15a9fff3ff25b5229f0579","0;17;315;319;322;324"
12216,0.126306,0.266006,1.392977,"b9cf429fd593eef775807ec669e0b6e478eea2ceedba2cff3e2f87802f9ef88c","17;315;319;322"
12217,0.185549,-0.092581,1.372176,"a34b629c7d95aee5cfc454c728c8b7a4ec6993cfc62f26fd36188eab1f1cf8dc","315;319;322"
12225,-0.397368,-0.095865,1.366595,"f8556465175b573811e6bf8f4b2d139558d4cdea68a3758ef3efa11167ff5e72","24;294;315;319"
12229,0.228071,0.215316,1.411797,"03d26881768db8170f2d52e7ac8eb640ee0bbf85869845d10418baa01d8c91dd","315;319;324"
12230,0.219121,0.126667,1.390627,"f7a9e8e16e03ebb947f095cadb09d5226ec47fffcb7aefd0fec9aff42faa50a8","315;319;322;324"
12240,-0.285978,-0.070751,1.436468,"50bd1ba536c83b372c41caa3bdbf2040f6ff1dc55399816dfca52ec82482a15b","24;44;301;308;315;319;322"
12244,0.154404,0.115701,1.415033,"91d66bcf6402ef71744a57f6714db8607e8c37afe9b425cb56afb2802faa70f9","315;319;322;324"
12245,-0.088394,0.279223,1.300315,"eb5c6307645e6eb4714872e6791a95f57ecc16eee59475ef3678e2802fb77a5d","0;301;312;315"
12255,0.133763,0.223458,1.447952,"8614b3d3e566b8033bfb5b50dcbe6c6bd51f339131dc99c20d165fc68061a5a7","315;319;322;324"
12266,0.176418,0.181744,1.434674,"3069e968ddcdc54742a4e80b93996500c8b802104a3af0927fdc963b5118d6ca","315;319;322"
12274,0.066481,0.213132,1.481708,"a74b428e5e81aa608c80d9c7a8ca35c46ea19bc7c4a706ee10308a8a1d2f398c","18;308;315;319;322;324"
12275,-0.021401,0.268867,1.465771,"f5eee949ce234f9a4376b8fe5348dd3a5fc46cfebf66ef333a88a5fcfdf9f274","315;319;322"
12276,-0.017279,0.262837,1.452591,"a5e9ed69ec2bcf984a70258cd341db3b5f4c507e8b74fd30ec89c574fcfb52f0","315;319;322"
12278,0.012687,0.160592,1.469692,"0bfba8b3ac85bc9706fc94e7b50cd3024d6bdfd5c758ddb96c47bfb12cdc19db","315;322;324"
12297,-0.078495,0.285394,1.453655,"c3cb17fdac8e6eb7ad39d2709d83b067c6657e4cf19d41f5a4fafed018988129","18;315;324"
12298,-0.041130,0.082973,1.434234,"394f6befd602ef745500ffe65309b4607acc17eef9b325ee72eda2807fbbf0a0","301;312;315"
12317,0.068351,-0.188625,1.504613,"991491f9b0af6a92362b5a50d513a968751a1c18b394091ec5cf33c4b8d02121","312;315;319"
12328,-0.101893,0.278149,1.473454,"cd7af85e6e1cff94f9ca746cf9d9d53bbef9777ea166aee866d96788cff363a9","0;17;315;324"
12329,0.514423,0.333131,1.756856,"fd7c5d6e395f5e3039caf738ff5f83b696f4fd6ee9a7ebaee2ff25996ab74a73","0;315;322;324"
12332,0.474990,0.292306,1.575720,"e85f19ff3c0c5fbc3448f46dff578151d6727d4eeb04cb3fe7f924981ab34a7b","315;319;322"
11881,0.091068,0.287639,1.356665,"3cb9f86f544f73f906ad7d0b73f9491078d8a75a0ab2d9117fcd2525f3aa6e8a","24;312;315"
11883,0.297883,-0.181441,1.408546,"cbe9e055d314bce5aaa0008b3dae5426267d71ddd25994c97f480fa067a483ea","0;312;315;319;324"
11884,0.293773,-0.177812,1.368527,"25dfdc1bc93736fead5765954e222f9bcf438246f5ea1a7022d35603d873eb94","312;315;319;322;324"
11894,0.297419,-0.182394,1.410397,"4ff9e945e21cbfaf2bf11e8f1c2cd7b227d7f1d5d158bde07f0f4dbcc5f487f9","0;18;312;315;322;324"
11896,0.292004,-0.174342,1.410506,"9d85352eaa219fe86450a885df6c3b0336c348e7f7611f7de882471c75f7a170","0;312;315;322;324"
11898,0.267024,0.231852,1.400056,"22d8501a7fd1d2ec1778f86f22d8af94d98886420f224ab7321421ff5b1f4a9f","312;315;319;322;324"
11903,0.139341,0.257906,1.364880,"1ddd1baeb48767f85648f96673f3a9607cea06eedbb33bbff8efa74c39bbf091","17;312;315"
11909,0.205779,0.047783,1.358557,"d2c03fbc0a505cade15282037d9e28fbe2d5fde36d47a2e1b3f3de1b3030ad4e","17;312;315"
11913,-0.562144,0.286408,1.393633,"2dd5334af5d767f855487d445ad5bcb4f8d8166ad1b338be73dd214c5babf2f3","308;312;315"
11917,0.183892,-0.159914,1.457454,"0bdd76d87290be358d405ea3bddfa26466339fcdd68826fd6669aac83686a17d","24;312;322"
11930,0.195455,0.215117,1.439173,"5e31bab2ebe4905d8add193f7cff6a0ab73bb51116439aa0dbd17eeb8447add3","312;315;319;322;324"
11938,0.193830,0.215187,1.436463,"4ebab8b2ee249bd88a5b1d6fddff6b0ab75b35d793439ae0dbc5affc8c732b93","312;315;319"
11953,0.078956,-0.001181,1.507560,"308d3bec74e74366c40cee0032f13060d8ba13481bbb703df9bca240500a74aa","0;18;308;312;315;319;324"
11963,-0.352680,-0.085870,1.355308,"d2ba97b8a9ad10c7bf7b807dafa260dba5c7ed913f4f82e398f25ffb8840af17","312;315;319"
11966,-0.326394,-0.076331,1.471319,"0120535160b96903e9b16f189f81d43fa22c601c11f8a44006981040c28043a4","17;24;301;312;315;319"
11969,0.123489,-0.073909,1.468705,"029d23cc9dc7bee79c4ad8033cfc34e0f97b1381778910ffb9168e0a1448b5bb","312;319;322;324"
11974,0.355145,0.363707,1.441437,"0aacb298fff5b8479f155c13ac9e668ceb3b9391167a92f31f559a6b924cadcf","312;315;322"
11992,0.025873,-0.074928,1.659555,"21a9fd61f41fedf77d717e46933894313e8e566dd1f8754c6e8b6544eda8c3e9","0;18;308;312;315;319;322;324"
12004,-0.027306,0.024064,1.451561,"ba4c52e855c65ae455a4f80b4a1a37d0f8b58ff16cb710debbfc8f13773e7c8e","17;312;319"
12006,0.081929,-0.195575,1.543752,"016a17bd6ca8a802ac107840b5c3c14a0268624c0230c26104a87a2804d803a8","0;24;308;312;315;319;324"
12014,-0.030851,-0.139194,1.570818,"9c1665b1262bf97a557657b75f4d9a093f8b17afe8f42d9ec44a798467ed17f3","0;312;315;319"
12021,-0.113069,0.266997,1.570479,"d2cb7efc2c804c37ad1ab2ebbf2bb653eee57fcfec6f43edf2bafa980cb8f809","312;319;322;324"
12039,-0.631024,0.028740,1.509994,"939107bd0d97a82fdc61c357ec083ec5f007bb05e58d17df8172da521c0cb95e","308;312;315"
12047,-0.244196,-0.120371,1.619478,"c27a1a906bc9b166a80c002dac966712a633eb01440fa27114301aab000407df","17;24;308;312;315;322"
12052,-0.326040,0.274355,1.716999,"39147865c37f757370e2ef2a1b3582b57c9cc42af9b27508f7eb601463fedaf2","308;312;315;319;322;324"
12055,-0.274680,0.241839,1.489932,"39347e4c4b7f5372e1e6ec081b95333518bcd02a49a3300c53cb413963e94ef2","18;315;319"
12063,-0.032230,-0.145131,1.684844,"6956bcbde42f7fbf7d6f7e9ddf2d125897d7370db4b841ff663f7484def9805b","17;308;312;315;319;322;324"
12068,-0.237258,-0.122908,1.626712,"7cf95268b9dd567ba3acac090fd342948cb1cd705e0bd298fbd5057f62a48e13","17;312;315;319;322;324"
12081,-0.344705,-0.206494,1.726088,"f878ee66095c5534e0f6a60c7b95d2b724f4fd6ac847b200f3e965396bb64e7a","301;312;324"
12089,-0.337806,-0.234934,1.788265,"e4ba145af9c110afb31da538a6d748d58513e8103a4fca359992157f9200ae1b","24;34;312;319;322;324"
12090,-0.600449,-0.180652,1.571182,"0ab9b0fb3bdd3047af1dbc29acdf4294a63bdf911609b2f5dfd51a7b92040fdf","294;308;312;315"
12095,-0.573073,-0.007194,1.725732,"7e676bee32425ff8118cfce369cfbf1056dd95ebca83acef72edad8d27b32671","0;44;312;319"
12099,-0.500078,0.049414,1.649880,"a3597f4c24c7dfb68d607444391db5218e71174ee1ad30fd639b60905db940f9","44;312;319"
12100,-0.521831,0.136604,1.805679,"1b8d6281d797ee775d607a461918b6a47eae12edd5b814df3e5c86407f8ef98c","312;315;319"
12106,-0.148163,-0.213172,1.792660,"655d169e3d979268de08d926f6f82fc4d8602e6366235abf3036631b1a2b5907","0;312;315;319;322;324"
12113,-0.363604,0.236236,2.099397,"0ab1b0b8cdf598439f5d951fac9e6688cd3bb791164bb2d15f559aeb924cadd7","312;319;324"
12935,0.111276,0.270645,1.364571,"d67d969c8bf3b6efbf86c82becfe27cdf177ebe364439affb1365f3b9275afdf","18;24;324"
12449,0.595509,0.219289,2.082057,"bc3dbff39fefd7d137f6b71f523d431be9fecf1238ff79eafb83c577e16dd6f2","0;315;319;322;324"
12453,0.387343,0.126686,1.333531,"6c80c8a3cd2be0881eb3bd1bcf614a9a3984ee3e1876c9d2dc97d375dd6b5982","312;319;322"
12488,0.241122,-0.009126,1.392900,"029d3adbb3f53de72f4d5e07acbe2660e51b9790969833f5ef3c9ec39044a5df","24;319;322;324"
12493,0.192981,-0.120930,1.387491,"0a1a12b869fdb8479f1d7071ac9e20c9ce3ba711161c02f107d01acb920c2d8f","308;319;322"
12501,0.177370,0.099257,1.401760,"288e9af8cdb5f4c79f1f7812aeb92408c93b8300123a02f3d3df166bd048ef8a","312;319;322;324"
12361,-0.382593,-0.209145,1.579831,"1835534411ea65733582ea180a33001420ac4ca8799b304ef1fe100222e4a228","315;319;322"
12362,-0.237136,-0.114872,1.645856,"7ceb5a68398d52f3a38cac090f8f4290acb9cd505e0bc21dfbc5257962a4ae13","315;319;322;324"
12381,-0.484404,0.053264,1.678283,"0d10b3e1e466a95b4c1b7b729cbfe8eedf1f333893f091c00dde72c68ac9e1b1","0;17;44;315;319"
12386,-0.323946,-0.299012,1.885711,"2d309163746d42197aea696cd631c9bc911c422a03b0d9130ddd2136ca4b42b1","18;315;319"
12395,-0.226224,0.280546,1.935937,"76a2a69c2d9d9048ab9d9509eecd5f0e8d31ed158e63ead19b5249ffc22e5e47","315;319;322"
13239,-0.451733,-0.067938,-0.432773,"c6bce693e7f2bea7bfb7dab3ecaf574be757bb97b2ddbfe32f7bdf43865db5da","248;413;426;433"
13245,-0.461072,-0.067528,-0.434407,"8e05e695e772bc079de75e93c8ec3e6fff67bfb5b4d125c24f7fdec387fcb557","248;413;426"
13251,-0.456146,0.067500,-0.367103,"a7fdecbaac2057d89ab695b7c5effa4bc3423d577a437ab2ea4befbe145bd463","248;259;413;426"
12591,-0.345961,-0.116243,1.541127,"34b4c801dd6bc3c953f3a51e52695f3d19cc42b83b76dd125d068574fd685a92","0;18;301;312;319"
12593,-0.501199,-0.190699,1.581245,"3b2d60045d53ce6f43e4b88f22ac568498eed3efccbbf48c3a4c85396f6edade","18;315;319"
12631,-0.511793,-0.401154,1.677129,"764d068e7d96d6e09d8cf8036eea21c5f8f9afe34ca30aedb1328f1b173f3c8e","0;17;18;24;34;44;312;319"
13590,-0.241869,0.050713,-0.677179,"da383ef80be91143bf57a43b2edf665ba3b3ef10324f92f3d3f15b3be244a753","426;428;433;440"
13192,-0.437912,0.064482,-0.397288,"cbc52ea9a48a6db59e7b57d7ddedba40d7243f2df1152c97e27beff41caed151","248;413;426"
14512,-0.091635,0.068804,-0.664167,"3c05796d346f733875a07f00db770930183c552a08b0710ee7ed2110e3eb46a2","145;433;440;447"
14515,-0.095876,0.070828,-0.657634,"7cfe9326194a43f823acaf2c67e3481630ecec6269ebd92ef9d405376aa3467b","119;433;436"
14516,-0.092665,0.069971,-0.652061,"747c5766794e53e829e4af2876574136b6f4ec6229c3f92efbd4013642a34673","119;433;436;440;450"
14522,-0.095475,0.034136,-0.651178,"15476ae114266b106444ffc6d3039b707c8c0eee8992754ce4aca2802d9360f0","433;436;440;447"
14523,-0.105812,0.061885,-0.637529,"84ec125a4bb5b6e8fb1a60486cf22dbdb97bc24223679a75399a472f53736baf","433;440;447;450"
14525,-0.095044,0.038966,-0.652510,"4f4358cf32124a382dc0fe84fd0fbff456819eeec58065ece6f90a813ea7295c","119;433;436"
14530,-0.122927,0.074968,-0.644402,"91b47f41126e6ffe3c76ae945f278871379759aee1d5354ff78b415421d00778","433;440;447"
13295,-0.524576,0.151924,-0.208137,"4079b567214e77a468c26608fe3741329274706a41f0b128e5ba45024072473b","241;248;266;413;426"
13331,-0.530769,0.135356,-0.209438,"4d7d9145e14e771179ca6608de3345be905c706a41f0f14a25be4506ca72c337","248;413;426"
13336,-0.540742,0.156990,-0.135099,"55d7cca7b22a6ebc34a2ebe6d362895077c66ceee9d04d2eaca6af84adf3c000","68;266;413"
13337,-0.540883,0.151140,-0.117131,"06e0169a5b8ba2c8bf11e102ccca2c84fbf96a6202630af73d160f7f511a2186","248;259;413"
12818,0.037276,-0.082473,1.470462,"7f4168ee5c07cf7995ccdd8f71ed3f6058e47fefc9037fbf736fed983fbff070","319;322;324"
12830,-0.042168,-0.120232,1.546300,"48c81aac2c8c6533a400c200b7832041c0a80aa84899521de5e1e20830a8202a","24;34;308;322;324"
12841,0.038374,-0.163211,1.496546,"e28aee1a4ca1b9cadf57b59f20c8764be983ab85a66f2ef1571ada7fd50d74c6","319;322;324"
13542,-1.578130,-0.255218,-0.208670,"021e179f74e7b1609c4c51f7e4e6a2c4fc29a28033b62adf0436ab82182b2dd5","241;259;266;413;426;428"
13543,-1.611986,-0.260969,-0.208523,"87088a9a5df7b1409e454513dcd623ecd839929107b73ada45368a4b980d35f6","91;241;248;259;266;413;426;428"
13703,-0.277325,-0.033490,-0.656883,"58229ea52a423900ac85c2a5cd87004a2695ed8108c98340d0e3fa8124002553","241;426;428;433"
13704,-0.304503,0.051929,-0.577068,"47b1e5819314b98f2e750b969c365ef6261f7bd59758bfe12d0c9ec68404837c","241;426;433"
13712,-0.281715,-0.030178,-0.649748,"6380fffc740affb81bf372eaddefbc70f7fd3fada1708ddffefeefb61fe85131","241;426;428"
13713,-0.294157,-0.029902,-0.662587,"72217be94f4be9486d24a10a0b9b14507a8d5be908a3d5d4d7d8823d650a76a2","119;241;426;428;433;436;440"
13717,-0.296001,0.022212,-0.610790,"aeb4f0e97d7ffadc3f69fdbfc97fdef4ffdbd7bdbe3279d7ffddaff7b7cffff7","91;241;426;428;433;436"
13729,-0.286276,-0.031531,-0.650938,"cb5f77fe2c34feb6b95af6f7fd7fb76feef3ffefe1672aeff2fbfe9a17f5e17d","241;426;428"
13732,-0.310900,0.010565,-0.617558,"ead174ff6d54fc3d8d5df5b7ed7fbef7ee95ffedec6ffbd7f7fbea9b17bcf5d7","426;428;433"
13742,-0.303612,0.015279,-0.607316,"6fd4f0ef6574ffbd6b4ffda7db7f9ef4ff9db7afce36edd3e7ffafaf17f6eff7","119;241;426;433;440"
13746,-0.288122,0.025918,-0.602002,"6f9c72f3e7ddfef36deefeafcdbff6fcffffbfc7d4bff6f6bfdfdff377afffdf","241;428;433;436;440"
13749,-0.319828,0.020805,-0.601546,"58b3b92fe268351d6a754938dfb2ca7a375fe4119250af00dca17e6fa0428763","91;426;428;436"
13751,-0.282194,-0.050298,-0.659404,"1a02ce953202a9132ca5d2f7cd2796cb66a5ef8480d8454c84e3fac025a429d8","241;426;428"
13753,-0.323119,0.058083,-0.552337,"f190fa5c6a50b46d7942e53e70daae7af2893282c7269e43522f520f5d02eb97","91;426;428;433;436"
13760,-0.310549,0.015434,-0.599045,"5c1bc23e81365e12b186cf854beb73ded8eeb9d71883daaad367cb09aff77852","91;119;426;433;436;440"
13768,-0.338056,0.086524,-0.517593,"565cfaf467e8be42ad8a5a233cbf654ae27dbf43009180e8d7356b8b847125c3","241;426;428"
13769,-0.318509,0.015267,-0.603974,"6ad6f94e4b545dbf094fdce469a78ffc57d6ad88c906fbe3f3f7f48b36d6ac7d","91;119;426;433;440"
13776,-0.314372,-0.046910,-0.674173,"4382fff57c0bfbf8bfb0b2eaddebf4637fed7feda1e3cfddfedaefb415a841a1","241;426;428;433;440;447"
13779,-0.319578,0.020992,-0.591252,"3639d341d2fb33522ba538e80997c5bc36fcc6d012d2a0681e8c01e7e7e307a5","241;426;433;436"
13782,-0.320046,-0.021431,-0.624015,"0add229ed5d3bee61f055c03acfc37c4da7b93c166ba1aff2d768e8b171ebdde","91;119;241;426;433;436;440"
13783,-0.339453,0.064774,-0.539497,"4dbbad1e68d431b8aafc0465f4f6cb728564e850c741ba3148236dae88222773","426;428;433;436"
13784,-0.307847,-0.020951,-0.616457,"02dc3a9f55d7bee61f065803a4fe3640d97b93c366b852ff27369a0b151c3dce","119;241;426;428;433;436;440"
13788,-0.308749,0.016532,-0.578848,"43a1a3819314a98f2e710a829cb65ee6a75779dd9719bdc13d2c9e448406a37c","241;426;436;440"
13796,-0.297914,-0.073150,-0.670309,"3f73686b2954bb502d6cbfe5991f96b4ec15dfe68d83f1c0d7fdaa934b876ff7","241;426;428;447"
13797,-0.298469,-0.065573,-0.659631,"6796f1feec08feb81b7b70eefdeffd70ffdf37afe372eaf3feffefae9efc4131","145;241;426;428;447"
13804,-0.315278,-0.001550,-0.600003,"36e9dfdc5a873ae8a3b0e04b74f36d33b8fd73e20ec39a7d1baacd2ea133228a","241;248;426;433"
13088,-0.162074,-0.105005,1.633884,"1f0970e1379bfab80da07f83dd5fbda0fe9997ff9cb04dfceed9abc5778f5193","17;24;324"
13147,-0.282361,-0.847362,2.085118,"128f629a9be1986f9705d8b328af26404b9b8b913a0b06f73a069acbb70cb4ca","308;322;324"
13407,-0.595020,-0.009172,-0.166628,"5c339822ba28101ba3adabadcfa34a12b7dfed101e0b8a00d8c535fde0628713","91;259;413"
13411,-0.590756,-0.009359,-0.166464,"78326e7009f95153e375a4bd2b8cd2bf08a0ec148f6bf691d3d9507be38c5e5f","91;241;259;266;275;413"
13454,-0.625145,-0.122554,-0.121278,"76e9c0ba5bc996e88314a9a96edf6794c9fbeb534a4bcab7bb540d7b531f06ee","80;248;413;426"
13475,-0.672432,-0.235941,-0.131602,"4d3c97d7897e64ba2bb26f48fe3301ffa156f80a01d09be087fa55068a730b30","91;241;266;413"
13476,-0.655467,-0.227319,-0.120281,"9624fce3bc2bf8097fb333bbdf39d82bbf977db5bcf0cdc2cfdbfbf4e4c3c302","91;259;413;426"
13500,-0.994652,-0.060153,0.429919,"1326dc25321bba283ca8d2e3cd2a968036457dada4d0450ebc6f6f9425a40905","266;275;413"
13502,-0.968149,-0.099171,0.471036,"9e94f0db1bf71ad8174381134cdf6decf7999b901f8519d3dbde1357bf872416","44;62;413"
13510,-1.239671,-0.170018,0.572142,"f8f83a7239dd53f8fbecb4093fdf0310a0bbdd4a4a2bfabff3d9213b62934e5b","68;266;275;282;413"
12997,0.243186,0.146829,1.375683,"02ca5efb7680f9b6bc155fe6fde3ba40662b3f8c929806e5d4ff7ac03c82a1a9","18;312;319;322;324"
13043,0.136923,0.226884,1.453382,"b5456bcc5692ef7154c8dee251ccb5607ae817efe9b3248e702daa8025ba70f1","319;322;324"
12889,-0.079076,-0.248933,1.904350,"02941bf916e629531e014252b59720607f3b1b98139c11d7c5a6bac0980831b8","0;301;308;312;322;324"
12891,-0.086894,-0.266456,2.008678,"5a1c87bc2d2058028d03cae7edef21dae6f7bd830c0783e192f6da9b327d351b","17;18;24;301;308;312;315;322;324"
12900,-0.238338,-0.426573,2.090347,"02cd029fd592aee61e005a83ecee32407f6bb38166980eff3c369e81145cb98c","17;18;301;308;315;319;322;324"
13347,-0.540034,0.138692,-0.135724,"b5cdc63fdd23eeeed6b2cb1263e8386b79ee6aef7cff5f3f3c2ad500e57bf88c","68;275;413"
13369,-0.557526,-0.012922,-0.232638,"723076ad4f43b849afe4f32bccde2640fabdffa108c3dbdc97708b9b152c27d2","266;413;428"
13394,-0.566597,0.051781,-0.109389,"42a85ff96e887847af11f270b49b4453e7bb7f80025fc251dcb87ae80480a3ab","80;259;413"
13597,-0.262709,0.051786,-0.650350,"4c7311e5324a37382da87b6ddf578950965ded62c1d0c14ce4f123860ab30731","426;433;436;440"
13599,-0.244409,0.025080,-0.680570,"d802beb42a4a5d3bb7bfc6b9d7e7425b77f56d8008cbcb00d9a37d9d20e0a463","426;428;433;436;447"
13602,-0.258666,0.042026,-0.646983,"29322d4d5d5fc17857fcf54cd2d896b4d98ce6298f627f9d075b21bd5b2e5ef4","426;428;433"
13609,-0.259981,0.053898,-0.636340,"bd5f6fef7612eff854c2dfe6796dbb617eec17eee9b32dae76efe7803fbb70f1","426;428;433"
13612,-0.249896,0.048774,-0.693862,"c29cbffa8be43427bf174211acfe204ba733fb8132c932f599f35e4b9044a55b","119;426;428;433"
13613,-0.256425,0.053240,-0.636081,"df55efe7a6327fb875c2f7a65b6fbf677ed53defe9f13deef2ebe7842ff77071","145;241;426;428;433"
13625,-0.258661,0.029941,-0.644481,"2b3278e86c175a580fc8f4eddbdfd636deddf7eecc62e3d046f9a3be578f76f5","241;426;428;433;447"
13627,-0.270086,0.042263,-0.644644,"aff7f873fc3ddf9c5bff3dffd97dde2e9f5bd77fb362efb26edfbdfecfdfd6f1","241;426;428;433;440;447"
13628,-0.277255,0.080499,-0.599340,"0ab4f2f8edfdb95faf5ffd2facff7e2cef3bff95962bf2d3df5f9eeb964ea7d7","426;428;433"
13630,-0.259833,0.039735,-0.638224,"6fd6f4fbac09deb81f7bb4feff7fdd6bdfd3fff7eb644bf7eedbfffe9efcc111","241;426;428"
13632,-0.255715,0.028281,-0.639665,"322074ed6e0be8484fa0f0ca8f0b55107a8d7fa90832c5d896b88b3c75a85280","119;241;426;428;433;440"
13633,-0.297656,0.117895,-0.571352,"b573c8ea8e11c6d853b095ee53d9e9af5ed896facd63ceb0b2c1e5bc7ffb7895","119;426;428;433;436"
13637,-0.266157,0.024697,-0.639655,"abb575fafd9ddfff9f79bdfffe7fde25df9bdf77f76b6af7ffd9bffe578ed7df","119;241;426;428;433;436;447"
13193,-0.448087,0.066548,-0.396294,"3c406a644556df585180f7025b1d3b30789c93eac8b2358e73cd800467bb78b2","80;259;413;428"
14187,-0.207094,0.017059,-0.708714,"0429735b64d9b1407e597360ffdcaced123a365803b02f7106b830c3548b45ad","428;433;436;440;447"
14188,-0.208705,-0.030908,-0.729733,"9b4f429c5292be72b584dee7298ab7c46ee997cfec8f06ee3264aa882fb529dd","428;433;440;447"
14190,-0.217071,-0.008214,-0.732656,"8a963ef130fcb837bc4f7695ad2e1260873b8f81b69c71c7cff73ac1c0840ddb","428;433;436;447"
14192,-0.208456,-0.031242,-0.725924,"0a9637d131fcb917fd4d7670acbea4e4873b9f10b7bc20c70fff3ac3c20405ff","428;436;440"
14197,-0.210589,-0.070404,-0.733230,"7910fffd3e13797b37e9f6e61f1f80797ebd7fac89dbe19ddaeff3c42d886079","119;433;440"
14199,-0.211114,-0.070284,-0.727449,"18327ead26cbf95377edd6a79f1d92486e9dff9189f865d4d6ebfac16f8c35fb","119;428;433;440"
14207,-0.261027,0.051060,-0.649387,"4b737945721e7b1829ec77eddd1fd77636ddfdeec5d0a5cce6f9238426a707f1","241;428;436;440"
14221,-0.286033,0.103317,-0.577480,"71b2cedd7e0be9faf6baf2e673e3b0537fec7eaca9fbcf1ddcaaf7b47da872a9","91;241;428;433;440"
14225,-0.295602,0.116337,-0.543466,"cdcd9b96d460afbfdada1d5afcf2f9a3336216eb73443e6b7d07efac8c738121","241;428;440"
14226,-0.250560,0.043228,-0.710998,"42b99cb3a9edb4878ebd8a19a4b6420b8173eb111649dbe0c912df7b88589d1a","119;428;433;436"
13641,-0.288806,0.078638,-0.591346,"7abbf04af9d156cd8b05bc292ad846b68af3ed501e2beaf1bb55057bd78ece4f","91;241;426;433;436;440"
13643,-0.293835,0.078734,-0.593467,"2b3ae352e7fdfbd25bcf7cee28fcd7bc3f7a961c973aa6e21e5c35aacfcf5efd","426;428;433"
13644,-0.257451,0.011946,-0.642570,"1b3076e92e17f8588d48d6e39d9fb664ee95ffad8cb163d0d6fdaa8a378e7177","119;241;426;428"
13647,-0.262667,0.011294,-0.647768,"1b336fe92bd7bb50ad4cdfe7999eb664ee11ffe7c5a125c2f3ddaa834f872df7","119;241;426;428"
13650,-0.292336,0.065187,-0.606358,"ead275ffed5cfc3d9f5eb5b7cd5fbeefef95ffaffc67fbd7f7fbdadf178ccd77","426;428;433"
13653,-0.314947,0.119924,-0.535895,"046881b1c621afca1e9210c295d279097f5913f323560a304d80efec947911a0","426;428;433"
13654,-0.294549,0.059138,-0.609917,"2fb6f8eb7d7dfbde1b4dfdbfbfffdeb4ffdb979d9f22faf3ffddbffff7cfdff7","426;428;433;440"
13655,-0.305742,0.117549,-0.531336,"f8c43dbf2c4d55ac9c1a8010f71d094bc1507d6368455b35e1f3fa151038147a","241;426;428"
13673,-0.276322,-0.007384,-0.654389,"cb737ee12e9bfb18efe81fafdfddd72436b1ffefc5f0afdcf6d921aa678f5175","241;426;428;433;436;440"
13674,-0.279604,0.003234,-0.651954,"530056ed7c02e8492f80f3c2cdca34d07aad3bad08f3c7cd94b88b0825a86180","119;241;426;428;433;436;440"
13675,-0.289343,0.050685,-0.596963,"d97b3f7e33d41d5db15cb6b53d1f83f72693dde4ef4d33adf3f9369b2394af7f","119;241;426;436;440"
13676,-0.271942,0.001640,-0.642352,"f95d6ee5261a5fb475c2f6b67b2db7637ef5bdefe9f565aef2ebe68027fdf079","241;426;428;433"
13678,-0.268823,0.001518,-0.640145,"db5cf6f7a63adcb6b9dab6b37b3f977beef7fdefe8e525eef2fbfe9027fdf07d","241;426;428;433;440;447"
13681,-0.301240,0.041093,-0.613370,"2fb6f8eb757dfbde1b4dfdbfb9ffdeb4ffdb979d9732f8f36fddbaef9fcf5ff7","426;428;433;436"
13682,-0.299660,0.056691,-0.590850,"5cb1f943f26a711d3be50fb85e75ca38335edd3012d0ad42ff0535e5a6c29661","426;428;433"
13684,-0.309509,0.080792,-0.562732,"76aa97dc09c44068af9ca048e2c26cd2d8a86ed00b4bca5d99b0c33f18222606","91;248;426;433"
13688,-0.277237,-0.011953,-0.646514,"7688fdf3e60bffb85fb1f2cadf6fdd617fed37fbe8724ffddedeefe4f7aa5021","241;426;428;433"
13693,-0.286815,-0.016913,-0.652926,"cb5cfffe6d74fef6b94adee7fcffb76be7f3bfc7e547aaebf37ffe8a16f7255f","145;426;428"
13700,-0.299304,0.030503,-0.612961,"da5bf6fe6f54fd75addef7b7edffb67feef7ff87eceba2c9d7fbfe9b37fc2d7f","91;119;241;426;436"
13204,-0.438310,0.029861,-0.403361,"d24c76d44706fce4993292022c9f3543eef517e360a710ee333aca82173d218a","241;266;413;426"
13210,-0.447687,-0.033032,-0.436442,"0338029565a5b8571c4958d7bc9e7000ee3b1385831892c385149aaa0c4c319b","248;413;426;428"
13217,-0.440888,0.034438,-0.397938,"9235b7f793c6b865b9c0d093adde1523ee7bd5f1f2cdb0eea9fb9ec3852427fb","91;119;413;426"
13236,-0.476196,-0.109314,-0.462233,"5e1b72e16f5efb506d6cf7af0f1f97f4ee95dfe38db375c8d7d9aa976faf6dd7","91;241;259;413;426"
14323,-0.285144,-0.051056,-0.660274,"7a326bcc6956595835ccd6e7099f82f45c9cbf9c9dd2f7c05771aacb2f842ef7","241;428;433;436;447"
14361,-0.240878,-0.213191,-0.743780,"9e00aaf905f7f9501785d7121ddf7a48f8b99791289532c2d3c39a85b40931c2","428;433;436;450"
14365,-0.292799,-0.064721,-0.657130,"0322ffec6c0bea58afa0fae6dfcbb4e2fee57fed89e3cfdc94fbabbc0daa63a1","241;426;428"
14367,-0.252406,-0.213291,-0.763778,"8a30e8b16750b9405b7755931d9d5e0b6e8db79586f4b4c05759dae5a70c37d3","433;436;440"
14368,-0.374790,0.104318,-0.449288,"350943de4c84ce52c408d84633c0b1e448e816cb89ab16a93028aa083dbb788c","119;428;433"
14371,-0.398205,0.118666,-0.416697,"939f56987692b877bd0152f62c8ab6c566bb9785f79d04df342abac23f84a99d","241;426;428"
14379,-0.361303,0.056263,-0.505214,"9eddb292b7e936e7bb3f393b4ef96f57b37bc742764d9afbbbd64777927f87c3","241;428;433"
14399,-0.325610,-0.041198,-0.592026,"46e9929fddc0baa81e854903ecea6ec4f16ba3d746189af32d168f6f906f25ce","91;426;428;433;436;440"
14416,-0.389508,0.019357,-0.506903,"a12e68fb34ab4b105622f1d2d341b0415fec176eaab66dbfc6efa1b035ab50a1","91;428;433"
14419,-0.325539,-0.079658,-0.625309,"e5dfadfedc244fbf53dba95cf367d97b5dc27cbefb4eef33e98ef74c99fbf071","119;428;433;440"
14443,-0.322772,-0.136624,-0.644986,"3acf62fedbd09eec8715dca369ef22c06ffb97c34a0b0afdf3658e8b37f6acda","119;428;433;436;440"
14490,-1.831073,-0.326108,-0.335623,"7b2133885d5fe048ed69fb0a0a9e3cf0f89ddef10da3e1c495788a7f030e7467","241;426;428"
15225,-0.088403,0.000665,-0.794913,"72bffd7fbaae5ebf33eafe6d723d047095fe7d0cabd8d93febfe35d2e9f0823b","119;433;436;447;450"
15228,0.008794,-0.156022,-0.882746,"9684078d1cabebcabe35db12c5e3384179867fb93ad94fdfdca08b54b44915a0","145;436;440;450;461;482"
15230,0.008953,-0.155819,-0.883500,"d48e45bb8ceb6be23f37d212df6319497bee7f9a3adc4ff6ddf2fb54b45975a0","145;436;440;447;450;461;482"
15237,-0.243638,0.147174,-0.624456,"ad35fd67e40f6fb87cfa7758d7779931965c766ae1f4f90ce78b658440f843a3","119;436;440"
15249,-0.116438,0.016885,-0.789899,"cfbcb61ab9f59ac0bedd0d19ecfe4bae857bf911b64fbab38b571f7b92470f4f","436;440;461"
15251,-0.032228,-0.096588,-0.847218,"53b57a4093dcf167e9c52e091afc1630a4b778a4d4a9b64d7b2f154b6100e756","436;440;447;450"
15254,-0.036901,-0.097724,-0.854541,"7ae9f7764bc0bde7e914b0ab299e4413aafff5c3446baee13378deab4714e7cf","436;440;447;450;461"
15257,-0.240031,0.134814,-0.637638,"793079682ddd5158eb6cb40d1b9d16b48cb0dd1c8d27f290d3d9013b7b8c4e77","119;436;447"
15260,-0.049582,-0.069103,-0.837595,"2fbb6981747fbb980ffc5ce7890cd7a4dedd97f797ba75fc0e59abe6df8f3dd5","436;440;447;450;461;482"
15261,-0.039732,-0.098226,-0.857129,"0b9e6e41b6bfaf77ec6b5ee6f835b2a42732dfac91b8255f660fa680afd4f9f9","145;436;440;450;461;482"
15262,-0.129726,0.062533,-0.750414,"d3f341a132802bfd3e6890e6bd86d83436895ddde71da557bc04aeec2c8623fd","119;436;440;447;450"
15264,-0.130816,0.062371,-0.752398,"d3fe694932c16b3a7c6e96f6b906966536895dafe31ca55ff40caaa02f84337d","119;436;440;447;450"
15268,-0.034277,-0.095297,-0.847129,"9b9f666da3d1fcf7a54c7ea729bfb6e52eb3b7c5d49926fd7a79848377c4ec5f","145;436;440;450;482"
15272,-0.025181,-0.111781,-0.852772,"69189bb560ec31123a49773c9797c278c63d3610939cf120c5a532c0880905f3","145;436;447;450"
15283,-0.281600,0.114988,-0.562660,"f4efeadefe71cffcd3cebdfe63e0ff077be2466ef863aebf3a06e5bdf7fbf6e5","119;241;428;436"
15293,-0.051873,-0.140844,-0.836951,"c5ee4ffbfc8b6b96fe33d2f69381d0686bee6edcb3fc67f6fcbbb7c4ac99f120","145;436;440;447;450;461;482"
15298,-0.067423,-0.140737,-0.843527,"01fbdffde48e6df66ed97ec4bda3d06a6f6f3edc93d8f7f1ccbffec08cd8e1b9","145;436;440;447;450;461"
15300,-0.067654,-0.140825,-0.841306,"01befffdecae6dd77e7b76d6f9a3d16b6f6e7e9cf3d8f7f1ccabf7c0acf0e1b9","145;436;440;447;450;461"
15302,-0.150043,0.009936,-0.764030,"4ff9f5e7ed54feb8c3fdbf2769fddfc6ef47ff56c771fbb12ed9c7e66fbff8d7","119;145;436;440;450"
15306,-0.108393,-0.050878,-0.799443,"f2baef18eff198cfcb57b0bf20ec760aefabfb95b66fb6f31b10defbd54cf7df","145;436;450"
15315,-0.161500,0.008571,-0.755364,"3ed5bfffed5e7ffdebff7d284e7e9f3eaff7f763d1cb7be8ffffdf838377c7f7","145;436;440;450"
15319,-0.306900,0.071094,-0.574543,"f7dfaa4e8b5496fc8148ad6f48fc3ef6dcf7f5e3cd03bae3337d8d9f6b77fe57","119;436;440"
15322,-0.075925,-0.129380,-0.815108,"03a7dbfbfea9fd579e1b78f6bdabf0686f2b178df3fcc7f3649cbee8dcc8a1a9","433;436;440"
15336,-0.115307,-0.070631,-0.792730,"10951bedb0ee47373409ca40d737a060573e1d283998510fe9e73250a8c2a139","119;436;440;447;450"
14243,-0.281412,0.061937,-0.600905,"ced8f6f2edfdfcf7af7fb7bfccbe76efefb5ff87f467fad297fbdfff17fcedd7","241;426;428;433;440"
14245,-0.264866,0.019486,-0.650686,"3b0170e96c13f85a4d20f0839b1f9460ee9d5fed8cb245d0d6d88abe778d7184","241;426;428;433"
14253,-0.339947,0.140095,-0.488838,"e6cdd4d6b56adea79987391bec7a0d978bd385c3726408efa9d68f13c77fd506","119;428;433"
14263,-0.304351,0.033507,-0.605670,"db5a7f7e6bd47df4b94e74bd7d1f97ffa6f3f5c6ef47b2eb57fffe8b2f942e7f","91;428;433;440"
14267,-0.325379,0.072601,-0.558930,"470487b48966a803b8db8355ccee77fbc12579953dc7b3c09132db1a8864b354","91;428;433"
14282,-0.277323,-0.014480,-0.645318,"6bdef5feec14dfbc1b5bf5fbfd7fbc70dfd737afea62ebf3f6ffff8e1ffef07d","428;433;447"
14287,-0.300383,0.013012,-0.612822,"fb5efefc6576fd56b9cef6a7fdffb7ffeef5bfe7edc3f3e9f7fbea8327f46d7f","241;428;433"
14292,-0.311074,0.004676,-0.619023,"3ff6f0eb7f7ffad87f7dfdbf4f5ddeb4ff9ddfbfbe726dd3ffddaff7f7cfd6f7","91;241;428;433;436;440"
14305,-0.333894,0.059120,-0.546595,"43f9c183b3d8be8f2a710aedac3edee6a747f9d5d708fff1ac741ffe8e16895d","91;119;428"
14315,-0.333335,0.035388,-0.565767,"e68b45d8c95348a99738b1d84907a4df4d94eeea794f6bd51f72c1df13a5e424","119;428;433;436"
13823,-0.301664,-0.077519,-0.659833,"bf977debb4bbdfff1f7dbdf75b7fbe21ff9b17bfbbf86ddfeedbaff4f7cdd0f1","241;426;428;433"
13825,-0.298849,-0.078027,-0.658485,"ce9e7dffae8ffdb99f7a97f7df7fbc6bf7f7ff27f1692bfdfedb6fd61cec9173","241;426;428;433"
13831,-0.319916,-0.080635,-0.676920,"41c3deed7c0bf918aeb0beeeddebf062fefd7fed81e3cfdddefbebbc1caa6981","426;428;433"
13834,-0.304095,-0.077268,-0.661278,"2fb778ebf4bddbdd1f6d7dffdb5fde20ff9b97bdbb3a6dd76eddafe6ffced2f1","241;426;428"
13835,-0.352331,0.055480,-0.523795,"9f9d7de1bcbbfae98f30b7bfdf2d9461ee855fffbbe97ddcfed9abf4bf8dd151","426;428;433;436"
13848,-0.383050,0.107559,-0.489952,"3f4ce3de0cf4cfc2c4c2d84233a8b5e448e03ecbcdab3eaa312eea8837ff786c","91;426;428"
13860,-0.310756,-0.108874,-0.675518,"21716b6050c57b50344c7f0d139f53307c9917eecb92f042778da0a8699366f3","119;241;426;433;436;440;447"
13862,-0.304495,-0.107573,-0.669307,"2f7773497417ef50714879e4181795b45e9817eee1b264ce261ca0ac4f9762b5","241;426;428;433;436"
13866,-0.340126,-0.000922,-0.568741,"5f33c3a5b222aa1128e85be5cde6dbc6364dfdb5959185cab874afc6ace7ab55","241;426;428;440"
13869,-0.311978,-0.111450,-0.665611,"7c59b9ecb84d579d076dbc2dffff4b30d6d3fd410a03fb31f3cd25bdb0fa867b","241;426;428;436"
13872,-0.313971,-0.120701,-0.674156,"1f476ead3683be705c645fe7cd48b3417e291fefe4b00ddce42fab803dbf39d1","241;426;428"
13873,-0.311560,-0.147424,-0.695017,"029728c9fcf3b86f1e0d5c23b46e3640fe3b93a196a871df6f05bacb1508bddb","119;426;428;433;436;440"
13883,-0.305793,-0.144057,-0.679818,"26a76089fc5bcae817e4d9ab434cde8459cc87ff5e324d9f3c04a5fd77aeded4","426;428;433"
13892,-0.382142,0.018172,-0.540949,"23127bed668dfb507bec74ee198ff7747e9d37cd89b6e4c2565da3ac7fab72f1","91;119;241;248;426;428;433;436"
13893,-0.317078,-0.083411,-0.638773,"2eb530cbd5ffb2ca5f6d5d038c5c7e24dd1b931192b878de4f5d8b67d74f54d6","241;426;440;447"
13894,-0.311002,-0.117190,-0.658527,"3959796f565f6bf8446c7d0e735db9303e98166ac9b23c3f73cd21207fbb56f9","426;428;433;436;447"
13895,-0.321024,-0.116279,-0.665460,"3cf13b6075cf53f861c8fc481bd76830dcd8556ac9a3b82cfbcd257c639366f3","241;426;428;433;436;440"
13897,-0.315964,-0.114812,-0.659088,"21456745240bef38446a7e66d300b5255e04166ec9b06d1d64aee3847dba50f1","241;426;428;433;436;447"
13904,-0.327509,-0.079405,-0.622946,"940ee7fe26a0eb529482d2e671e9b1486ee03fcba9a706aa90aaea8835fb7020","91;119;426;428"
13915,-0.337487,-0.138022,-0.652674,"da9d3bdcc3d4b567b8534c103cbf2665a73bb1017389b2e773775a4b0244a7fb","119;426;428;433;436;440"
13916,-0.329034,-0.076517,-0.595827,"ab1064db5575e8581f59d517082c3ee5cc0a9305a7227cd517788aee9f4d78d4","426;428;433;436;440"
13923,-0.329596,-0.076857,-0.596796,"bf4962daad515fec054494836acdfb655ac897ee6d232ef9f3d9c5b937bf545c","91;119;248;426;428;440"
13924,-0.329356,-0.133824,-0.643024,"20bb734af2cb63f561047c6233d5a4343eba0278d2ba207d7f8c2448638ae6a9","241;426;428;433;447"
13926,-0.339007,-0.137945,-0.650980,"23af534bd2f3a2677f4978e0208cb4b47e3a029893ba247f2c1c0262d9c2e3ad","241;426;428;447"
13927,-0.340301,-0.134859,-0.649072,"78fb7a60bac953d5a3adbc283fdb4010b6bded505a2b8031fbc5257be282c62b","119;241;426;428;433;436;440"
13928,-0.371869,-0.007424,-0.531355,"3bdd63df5793ee775d447e8679eeb6e07eab178dc4ba34ff766fb680778ef0ec","248;426;436"
13935,-0.330358,-0.143083,-0.637596,"8a12f69576baa8133d6752f7ad0e96cd6695b78da4dc65c706727ac02e84295d","426;428;433"
13936,-0.360117,-0.039700,-0.563552,"b6cd51faf423ceef1902b95a4b6b3d00dbd317e3782708ee319e8fbe95fbf086","91;248;426;440"
13939,-0.382345,0.019488,-0.505085,"f103e0ce7426cbdc1229d05e31a8b9607cce17cdaa36ed8bb42ca2a49dda70b8","241;259;426;428"
13947,-0.353244,-0.119275,-0.629092,"6b317bc06dddf950ad4cb4af9c1fd736ee91dfcdc52360c0d7d9aabb478e67f7","91;119;241;426;428;433;436;440"
13950,-0.380320,-0.000356,-0.512881,"64d4d0eee768378c0b33793a5eb1ec50f35c3742003698b376bc203f347bd523","426;428;433"
13951,-0.348005,-0.117609,-0.625005,"4b3272e06dddf950a95cb58e8c0ed6beee91df9d8723f0c0d659aafb4f8c6ff5","91;119;426;428;433;436;440"
13952,-0.382690,-0.000354,-0.514684,"74ddfbd2e6f937d5db3bbd7a5ef1ed72b3ff9e426107a8f273ad65bbb5fbc7a3","91;426;428;433"
13958,-0.353688,-0.117006,-0.622543,"4b307be96ec9f951ad49f7ee9d9ff06a6e915f998333e1c0d7d9aae83f8821f3","426;433;436"
13962,-0.382513,-0.009581,-0.511333,"071b998fbeac9a980e4149c2f4dc396ad67b1b579300fbe98d3d0a1a948b11c1","259;426;428;433"
13964,-0.393299,-0.060261,-0.553677,"10642bb334c1ef4714ce5923b54d3900f93b07136a9428bee187bf81145a95ea","241;426;428;436"
14570,-0.066004,0.011189,-0.821025,"7ee6a8baed75dfc9136f9d0d4bec5b18ddc9b5379e26eb93db57bdfdd7fffe53","433;436;461"
14572,-0.041824,-0.037083,-0.831595,"74a5bd63896d558923bfad185677483b91966c3a3a62fb12cb9b457dc062c622","145;433;436;440;447;450;461;482"
14575,-0.044197,-0.038159,-0.834580,"e424bd61b96f438a73b3ab18d2714dbb9954603a3974f9024fdf4574c0614622","145;433;436;440;447;450;461;482"
14578,-0.049588,-0.038936,-0.841361,"e5789d75204e479872fa2608d271413b9154687a6974f92a478b6534c8714223","145;433;436;440;447;450;461;482"
14581,-0.094432,0.069568,-0.774127,"bee4eefabc275ef81797dd135ffd7860ffdb35ff3a670ab7fbdf8dfdb7fbf462","433;440;447"
14584,-0.105854,0.085473,-0.766134,"d8fffd759a4b17be72eebe6cb335c13203f66c42e978fd3eeda765b4e871077b","119;433;436"
14585,-0.058794,-0.040988,-0.835524,"7c7cff75224e5794f0faa6285f75c13ba3f46c6a69e5b928f3cb7534e2f1472b","145;433;436;450;461"
14593,-0.051578,-0.069916,-0.837739,"2e836259a7dbb4677d5d77bb0a8cbead3a1ad751d2b926d56f5a50c3578cdfe7","433;436;440;447;450;461"
14596,-0.090293,0.034676,-0.785241,"fef1208e4d55de6883e8b50f6a7c7ea7dcd5ffe3cd63fbf93359cd3b1b2f7e56","433;436;440"
14598,-0.051421,-0.043790,-0.809476,"154f4647100a6e3474a06bc0f323917472ec28ee6890452ea4aea7002db37820","119;433;436;440;447;450;461"
14600,-0.093669,0.047663,-0.776797,"7d6ce8665b7f538073edaf084b7d1fb419f4fd7a2ca3e93efbef0553e33f5e66","119;433;436"
14602,-0.097381,0.036300,-0.790843,"bae1e5864f55dc6d83f6b10b68ec5687ccf1fbe7cc67fba83758cd3b777ed4fe","119;433;436;450"
14994,-0.108305,0.070392,-0.633322,"5e4dfc7faa687da7a9922e99ff6f035ba7f779066044ff60e7eb5d10a4f1874a","119;436;440;447"
14995,-0.096257,0.031690,-0.650527,"100753e5360b6b712ca07bc257030050329c0e6a41b0054cf4a422046c830120","119;145;436;440;447;450"
14996,-0.101083,0.033545,-0.655541,"354f684574066fb06480fec6530393707ccc16eec9b2750c64ada2006db378a0","433;436;447;450"
14998,-0.108545,0.032978,-0.643079,"7abfea6ed3245b97238dae0d7aed5650f4f7fd959a8bd06a792d8458e162fe7a","119;436;440"
14551,-0.038498,0.028316,-0.797586,"fd235c65201e493860fcf72c5369933394c46c6ee9f0e90cfaeb61946da25a71","145;433;436;440;447;450;461"
14552,-0.046810,0.028753,-0.804971,"7df7e464b00a4eb833aabae9537d953317d47d66e8d0cd0eeafee5946ff35211","145;433;440;450;461"
14556,-0.062569,0.051223,-0.795406,"4ab72d9bfa85b9fbbe5959f5fcffc820771bff85d35aebd75c25bbee14c4b7f1","119;433;436;440;447;450;461"
14557,-0.068925,0.053375,-0.804933,"42b7a7168bfc3427ab5f0fb5ece64e5fa177e9009649bef51f725edb82448f5f","119;433;436;440;447"
14099,-0.099853,0.046297,-0.647587,"cb676327221e6f313dee53ecef279895366d5d6fe1d4a5cca47a6b8006b4036d","119;428;433;436;440;447;450"
14101,-0.096602,0.061103,-0.643191,"2521c1417c3fea5853e0714cd340ddb4580c527e85f2fd480e1c0124cfaf52b4","145;428;433;436;440;447"
14106,-0.087652,0.045483,-0.642789,"031f5aa132be7a323d097fe5dd02865036391ffcb498057feeff2ac02c832b11","428;433;436;447;450"
14132,-0.106939,0.045922,-0.637079,"bfe6aaa0d4377ed832ee545f5def7b18bdcd13ffa4d7189e7b4fafeca1f73ad0","428;433;436;440;447;450"
14146,-0.113695,0.063207,-0.641619,"24349b6150ef634a72a16c0816916130b138423813b2901e5d8d0174e00b46a2","428;433;436"
14152,-0.113676,0.072426,-0.631651,"54fd9d65ba4a17af32b22a08d7374172335668727b59f922e9a76574a0718722","119;145;428;433;436;447;450"
14162,-0.173770,0.069170,-0.674982,"82b1149af9c5908d9e5d4131acde6ec9c51bbb91164e5af50d101aeb9005a5d3","428;433;447"
13971,-0.377801,-0.058063,-0.539312,"d2c82eb42c421c2594fa96b3d74c3243a7e5fd67ec4d0fadf363ef91243c9d43","426;428;440"
13972,-0.347566,-0.093703,-0.580867,"bfddf3fecff1dffedff2bd9e7ded7f237feb7feffb67befbfbcfcf3cbffff4f0","426;428;440"
13974,-0.362261,-0.104068,-0.573866,"27a0efdd1cd3c8e8d6f2d282f1e87d235bec732daafbff9d4b6fdf3df5ac50a8","248;426;428"
13977,-0.441818,0.111850,-0.360842,"82128a9b46e0b8451c0b53b3dc9e3848ff399391329e0ac34427bac99542b593","241;426;428"
13985,-0.411899,-0.028990,-0.479010,"ab5d63c85697ef74554854c638ccb7a57ee816efedb224fc3608a1803fbe70fd","426;428;433"
13986,-0.402432,-0.056366,-0.507786,"1dc5400f935347e855c66d826b60bbe433ca846e6db12dbfaacd05057fffe844","248;426;433;436"
13997,-0.405426,-0.055149,-0.492508,"b573c9e18c03479d42a890665340d12258cc04eec942cd087088a5b425ba5020","426;428;433;436"
14001,-0.414296,-0.056132,-0.493631,"829e9690a1a034879f1b5a75aca224cfc553a61037dd02e2087656c38a5ca81f","426;428;433;436"
14002,-0.403374,-0.097771,-0.530989,"cdffad57f97e7fbcb3fe9cf4f9f7dbe7377effeef547eeefffdff7adaef7aef9","119;426;433"
14004,-0.414107,-0.053801,-0.476140,"7542c8a53c234b9842e090ced321d12a5fc434fe8856cd08ec8da5b4adbb5000","426;428;433;436"
14006,-0.428404,-0.054942,-0.478565,"e0f4bdf32d4d119dda7bb518d635482b81167c386365fb11c9db7536d058c57b","241;426;428;433;436"
14017,-0.444037,-0.105986,-0.475440,"7b1172e9ff3ef8572d6dfea30f1fb6f4ee8ddfbddcbb65c4f7f98ac3278cecf7","91;241;426;433;436"
14027,-0.553868,0.085793,-0.216591,"0300e6cd5c0bea685ea0c202d1c93c6678cc7be908f3cfd91d2a8b0435aa70a4","80;266;413;426"
14030,-0.559842,0.077938,-0.215540,"766906be5dd51268af94810b6eda6d96d8e9ebc34e439afd99708b3b102f3a86","80;259;266;413;426"
14037,-0.584290,-0.008193,-0.163888,"d4789f74aa4a55b6b0bea638f737015b22f46c4268cda328d1e3751020f1076b","80;413;426"
15975,-0.132743,0.062578,-0.647754,"3387638dd416ee3d5440db46d120bce47c8e12edddba75df242c8ac01d8ef0a4","119;428;436;447"
15981,0.213611,0.073725,-0.950975,"5eb8f45e395358e87797f408ebff9fa5dbddfea82f6bfbdd9bfe571fe7a46e7e","145;447;450;461;482"
15983,0.238703,0.069420,-0.972800,"53ab879ea9980c87af198aedaea244d68667ec551f4bc2e1b8741ffa8816ab0d","145;447;450;461;482"
15986,0.237992,0.068202,-0.971866,"d0a49eba88ec158fb6178611b7f74a5b81976d003a4d9b31d9e37e59a040a76a","145;447;450"
15987,0.203044,0.074612,-0.944329,"5eaea677b93aaea77ab77795c96b569f2f4f799fb4f8ef62beff5fc1c7f5e3c8","145;447;450;461;482"
15990,0.238012,0.068040,-0.972781,"d8ac9cbe88e0508fb2178619e7e34a5b81f7ed903e4dcb31dbe37e79a040ad4a","145;447;450;461"
15996,0.202095,0.074551,-0.948869,"eaeae618eff190c6cbdfb4bf288cf69feba3e795ce6fa6f01e59d4fbd75cfecf","145;447;450;461;482"
14895,-0.440546,0.030678,-0.402455,"1bcd67e13692fe7785605ec2390db4e46eb597cde9b924de7a6dafc037bef07d","241;259;433"
14901,-0.270021,-0.035678,-0.649980,"2b736b4969567f552d4cffe5981f8674ce1dffe6cd93e1c077f9aa970e96eef7","119;241;428;433;447"
14930,-0.447134,-0.069097,-0.450775,"afdfe0d7e53e3efc1bee3cbe687fbf74ffd79762e45268eb7e7fefb397ffd4dd","91;248;433;436"
14939,-0.304289,-0.144443,-0.708947,"02dd22dff4a4bff63d4d5e07a8afb2406f6b17c5e39831ff2e7f9ec016dcb1d9","119;145;428;433;440;447;450"
14944,-0.318342,-0.140635,-0.682782,"02db329e7595b6f6bd4c78652cdea6c4e43b8743c7ab32fd3334228a5a142fdf","119;433;436;440;447"
15032,0.048004,-0.012665,-0.873528,"10acbbfb94ef7bd73e474e10b7d72060f33b1f18329c313fe9ef3e409048a5ea","145;436;440;447;450;461;482"
15034,0.046459,-0.012118,-0.877295,"10acbbfb14ef73c71e07ca13b7ff2040f33b1f113aad397fe9c71a51904aa56a","145;436;440;447;450;461;482"
15035,-0.002456,0.063948,-0.829939,"d8ec77548bdb15e7b1b6e6386bf781b723f6ecc268dfa26ef3f3550363f4a62f","436;440;447;461;482"
15037,-0.004909,0.063831,-0.835918,"ea9df65ecbd01467f397e6386afe06bf83f3ea007e6ff2f73bf3544b4354ee6e","145;436;440;447;450"
15042,0.015952,0.010455,-0.853450,"1f1d6fe5177eeb507de04f86595f136436ed33ef81903dccd7ef8b002ff741f0","145;436;440;450;461;482"
15046,0.015134,0.010361,-0.852081,"1b15abed55f6ef4075c0ee0279ff3d64f8ac1bed299330caf7fd8a000b7271fa","145;436;440;447;482"
15047,0.042335,-0.029267,-0.870562,"b8dd3efe1df553e6d64dec00fffd2360c8729b4a2a2b7abfebff8219121b746a","145;436;440;447;450;461"
15048,0.041058,-0.030350,-0.874948,"e8d83dfe3ddd53b6d75ee408bed5237dc9f2bf4a6a6e7bbfe3ff501b1219647b","145;436;440;447;450;461;482"
15049,0.038626,-0.032129,-0.879286,"a8d97dff2ddd57bc4f387408be152075c21aff4a4a2c7bb5e7d9503b7298442b","145;436;440;447;450;461;482"
15051,-0.015897,0.053626,-0.830904,"c87a96b4ab083557babe16fdacad438ba765ed1760d583e2d4537fa3a6748fcb","436;440;461"
15053,0.023208,-0.022281,-0.873793,"01b41bfbf487a9fd1e495952f5df3860ff1b1399f3ba5affed8fbee89c0ab1b8","436;440;447;450;461;482"
15054,0.026081,-0.021958,-0.867297,"958419fb9427ebf956235156d77338687d0817bb3bb45b17cd8fab64bc8bb1a0","436;440;447;450;461"
15055,0.027017,-0.022708,-0.862632,"1dcc9ded142e439a5623ca42d373196071c41cfa2990593ee5efa514b8fb5020","145;436;440;447;450;461;482"
15057,-0.023165,0.054802,-0.842141,"ce7e96b50bbc3c96bf97869dacaf438fa76feb1526cd92e28f535f0382740bde","436;440;450"
15061,-0.015221,0.040360,-0.837563,"df5c5756439e6eb471c266ce691685f536e4f06ee19434ee366a45026fb76a7d","145;436;440;450"
15064,0.021670,-0.023848,-0.871490,"795d1d659c6e47b764aaae087333017221f66c7839b9712efbef2510e8fa402a","145;436;440;447;450;461;482"
15068,-0.004882,0.018997,-0.843077,"00a81e5168cd2163ee39621094934011a13b6a1812d882554d9032624000c3ab","145;436;440;447;450;461;482"
15069,-0.002721,0.018814,-0.839940,"cb16eb4762563d1139ca57f4fd7e9ffeb63dbdafe594a5ca467fba800ef6237d","145;436;440;447;450;461;482"
14980,-0.100293,0.110496,-0.622047,"2280f7fd7c0bf86b1f81f262bcbb3461febd37a1a0fb43dd1ebedb82d5a8718b","145;436;447;450"
15071,0.009273,-0.012613,-0.855081,"3ccc2afe5df752e8d704ec0b6af93f50f9f8bbe20a231abff3ff811b737f7c82","145;436;440;447;461;482"
15074,0.032108,-0.057463,-0.881784,"60f4bc75a86e75173bbba6189737403b85966d18685cd100cffb7534c0d0c63a","145;436;440;447;450;482"
15076,0.031780,-0.058024,-0.883401,"40b89575a1ec3407bbb32a48be37411a813f691003d8d3218df65662c850872b","145;436;440;447;461;482"
15077,0.009588,-0.013887,-0.853340,"a8ec3afe4df557e2d71ee408a2d96310c9fae3426a6f4abff3df953b52787caa","145;436;447;450;461;482"
15079,0.009526,-0.013679,-0.854704,"28bcbc7b6de951aecf372c08aebd441a893ae300026a7ab14fd7503bd24846ea","145;436;447;461;482"
15082,0.008302,-0.011635,-0.856333,"3db1b960dd4d51d97b71a5189edd4838999850181b62f913dbdd057ed20ac6b2","145;436;447;450;461;482"
15091,0.013938,-0.049071,-0.858065,"189d3bebb0e75bd31641ce1097972060d73b1d181b897937e3ed32509082a46b","436;440;450;461"
15092,0.004291,-0.036046,-0.858791,"d8597fe60bce5535a1e8ae0a7f37007324f47d6a49c9b12cf3e960102032047b","436;440;447;461;482"
15094,0.023105,-0.076276,-0.880341,"41d11fea30cc3931ac596340f5d72871a6115d4853093955e1b922401882a131","145;436;440;447;450;461;482"
15097,-0.011370,-0.010992,-0.847480,"3b3eef54d3f797fe53eefeaf6a3c97b4bffff5858dfb35be7b5f3593ef7c7e7f","145;436;440;447;450"
15098,0.023316,-0.076577,-0.881507,"d818befc2ae01812b01ff6b1bf97005be7b5fd803acd8323d3e37a9bb041273b","145;436;440;447;450"
15100,-0.000690,-0.028055,-0.855658,"dc51d7648a4e45bda1f2a2405f77097b36d47c6a69c7b108f1eb65142af2a631","145;436;440;447;450;461"
15101,0.027266,-0.075169,-0.872708,"42e98ebf8ac0bd8fae5dc285b4ae4a4ae1437b9557498371cc23fec98814b15b","145;436;440;447;450;461;482"
15102,-0.007676,-0.010856,-0.840077,"2bf1e46d7b17d81f5761fe89393d96a4de9ff78d9efaf5d56f7f9cd3e7ccfedf","436;447;450;482"
15104,0.000024,-0.027704,-0.853396,"5d1f5767b42e6f3264aa7a44f733817036e64c6ee990012ee0ae258028f34021","145;436;440;447;450;461"
15118,0.004511,-0.063963,-0.863051,"1d5e6aa712966b5074c057c7790fb360362c17ffa594358e66efaa802fb739d0","145;436;440;447;461;482"
16854,-0.044995,0.074714,-0.803420,"21e802185995cac6e600e008a2c231b048e84acc4e2fd63f152c802951106a8c","145;440;461"
15477,-0.105583,0.046548,-0.638424,"f7f67002fb3cbaf87b7fb4df4c6a5f9fb7c7fb77a647bdf73a5a0ffedb576bd5","119;433;440;447;450"
15478,-0.101146,0.064931,-0.654524,"7c7d3364595f577a73ecbc283ff1c1b4b8fcc46ac9e3e83ef3dd253f637146e7","119;145;436;440;447;450"
15480,-0.112399,0.047108,-0.635256,"5af1f8a0ab419dcd0e7590ab8d9e4b08bf19ffd1160bc7d0d8d19fffb516855b","436;440;447;450"
15483,-0.116217,0.048031,-0.636769,"56f0bea0abf5bcebaeff992ddcde4f8aaf11fd93d443bad0dbd76fff8077a753","440;447;450"
15490,0.141325,0.027905,-0.922416,"3af9ea4e57d5fc45ab45f48b289c76b0aebbd3c5c62bb6f1777d14ab6706eedf","145;440;447;450;482"
15491,0.122756,0.052682,-0.897971,"e572e9e3ec0f4b9853f8b5ecd345d93a5fcc7c7e8976ed10ced9e5f4ddbb5271","440;447;450;461"
14617,-0.070129,-0.049940,-0.821433,"f6ec86be59cb56e89786e00962e22595d9fdea426c67da3fb1f6853b513f6e86","145;433;436;440;461;482"
14625,-0.052705,-0.098839,-0.845601,"63f0c10879f1884f8b49f8fd0cceccb4dc19f315970bd2d31c1498fadb06a29d","433;436;440;461"
14627,-0.070201,-0.050034,-0.818939,"e0b4bc71e96d15af3a3f241996334a1b8113e910326cdb13cf97547fd0408f0a","119;433;436;440"
14628,-0.119858,0.050230,-0.774639,"106cba2136abb346cea75c27b7883600ab2b021586b9143de0853e21c4585fcb","433;436;447"
14629,-0.100534,0.009926,-0.783235,"1ab8bebd29c4315fbe7bd6313cbf426ba53fff15a6cfb3d3dbf37fba804427fb","433;436;440"
14632,-0.112087,0.045015,-0.767010,"dd1edef7ac7e77b2b1ffbf755f3f8bdbe7d7fdd2bdf5bba2fafb75c6aaf7ac53","433;436;440"
14645,-0.051589,-0.142350,-0.848587,"10de57f93eabf9feaf3afae6bf83814927977f1cb3bd07fffcbe72c02c98a139","145;433;436;440;461"
14648,-0.120597,0.045169,-0.772863,"a5c46fd344c26ff4f45a52505153b87179ec13eee1d62c6d472be3c025b172e0","119;433;440"
14651,-0.051479,-0.140499,-0.835710,"0583cff9bcabe91b7671d3f6d3e198697f8e7ebcbbf86fd5ccabf3c4bd89d0a1","145;433;436;440;447;450;461;482"
14656,-0.114566,-0.012322,-0.803466,"ee74ec76ad7dd59cbbfeb79dfbfd5ffb97d6fd73ad65fbe2dbfbf5b7c675de73","119;433;436"
14670,-0.138298,0.032859,-0.771097,"8df9fd43b8de2fbceef05ee4f957d26606767e5ed3d8ff756e7927c40e9289f9","119;433;436;447;450"
14676,-0.135056,0.032951,-0.765874,"4716a795a820ac1feabb9af4c422dd6ea7477e91b1c587c20c36fe868c75a135","119;433;436;440;447"
14678,-0.085649,-0.077033,-0.814174,"68fdf15efdddd7f7d78d7c082afdf6b4c9faa658da2af2bf7f5d147b53dcd4ef","145;433;436;447;450;461"
14506,-0.099729,0.061750,-0.648707,"2cb4257a59ebc3f913b6ad99737548941992c1233a637b1f79d7017d732f56f2","119;433;436;440;447"
15119,-0.012807,-0.033444,-0.854828,"fd78d965084c453061eae748d317c13b04d46c4ac974f100c5e9601462b34631","145;436;440;447;450;461;482"
15121,0.004527,-0.064037,-0.862528,"035b4b8d6282ad762cc45ae7358eb7417e2d17e5c19024482420aa802db023fd","436;447;450;461;482"
15123,-0.013380,-0.032660,-0.853683,"fc78f965204c451061e2e7081297c13a00fc7c4a4974f100d7b9401062b14672","145;436;440;447;450;461;482"
15126,-0.062543,0.065295,-0.786840,"7772bd92ed5ddfd86bfeb54cdeccdf3fbfcdee7fcd67ffe0f2d967bf4a3f4bf5","145;436;447;461"
15127,-0.069316,0.050389,-0.806926,"0bb30dfb388f6b39363957f4fdff9860571f778f93d0ebb5ccffbbc49c8291b1","145;433;436;440;447;450;461"
15129,-0.018294,-0.015986,-0.837581,"ba6cf2785df19043db07f43b2ad9269cc8ba83102e2f42f353f5103b534c6e86","145;436;440;447;461;482"
15136,0.027612,-0.131097,-0.895023,"d23b7ebd7aa8b853ac49d2e7bd9f8653a637ff91870983c9d4213aca2c802b9b","436;440;447;450;461;482"
15140,-0.020444,-0.031823,-0.847073,"6d70b166606c671061f22d4893b7c93e155c447a8976b800c5fd452cc2f346b0","436;440;461"
15143,-0.036472,-0.032650,-0.867005,"cd70b555297c6118eafa23589e1545bf8154781a0174f30085b87136ca7143b3","436;440;447;482"
15150,0.011371,-0.105894,-0.882299,"a1951da9b40f6b395d796754d7319875d0061e7cb5b8711ceeba0054da88d030","436;447;450;461"
15156,-0.001810,-0.086072,-0.866224,"5ab3849f9bd11cafb691c0e9edf6c0c437b3f991534bc715b863fffbb404af1d","145;436;440;450;461"
15158,0.005066,-0.097077,-0.866556,"1204afbf8462dd23b557cb93756c3a4bf94739a73cc52fe3c126da81a575b556","145;436;440;447;450;461"
15160,0.016193,-0.115398,-0.881353,"616b1f65640c643460887248b310913b80ec666ac9f2f12945a97080483152a9","436;440;447;461;482"
15162,-0.014438,-0.071587,-0.849603,"6f49630a55d9ead075405f4e79d8ffa438a816cfc7303cf1364d80886f9f5854","436;447;450"
15164,0.000425,-0.098532,-0.871199,"7739fb4462f87350614c7caf3a9dd738aeb9f7428532b4e0577c00abe79766ff","145;436;440;447;450;461"
15166,0.015855,-0.115524,-0.880218,"4578d767604e679069e0624cf737817b26f47c6ac9f0f168a5ba640048b34239","145;436;440;447;450;482"
15168,0.000896,-0.098428,-0.872021,"a34d734c56a6ee667902785a38b83534aeb913cde1bbb4ca373c100a45d072ac","145;436;440;447;450;461;482"
15169,0.015821,-0.115538,-0.882829,"c578d345604e631068e06248f757c13e0674784a81f4f12a85be450048b343a0","145;436;440;447;450;461;482"
15176,-0.015268,-0.073444,-0.853690,"13937218cbb59dff8f779c970cae662caf13f385d60b3ed11b565bff9744afdf","145;436;447;450;461;482"
15180,-0.006915,-0.096384,-0.867519,"7aa8a1944d69410b1bfb81198eb74436c1defd801b5ee2c39d5499ff82659676","145;436;440;447;450;461"
15185,0.029853,-0.125021,-0.841273,"8f15674fd716ef7955425fd6496cbee57e8a96eeb5b03dde267ac2847faff8f5","436;440;450;482"
15186,-0.008005,-0.099165,-0.870750,"52aaabc467f81186abef5ca80e94c4bca3fef5111a1aa2e0991419eb840e9667","145;436;440;447;450"
15193,-0.006857,-0.106309,-0.863656,"d7b5adb68e6895afdaff9b3bd67c5a6387477d27fe49ef23f922ffff846c9557","436;447;461"
15196,0.003008,-0.123699,-0.876517,"9303428d760a68293d0453a3690bbe45728c37ac649405cf966aba85258e518c","436;440;461"
15199,-0.134026,0.101328,-0.733880,"4b5671056238bc1029ce5cedac4c878d9631b727c514e6c806706aa24ef70fd5","119;436;440;447;450"
15201,0.006022,-0.124233,-0.872907,"4a5d3bfc13f61db7b54a8e023c3f2167c5379980218931cfe3ff9a928270247b","145;436;440"
15203,-0.015159,-0.096314,-0.857121,"49dd574d431e653f74426644793380f526266a6ce1d8374d662b70002ab0e03c","145;436;440;447;450;461;482"
15206,-0.017499,-0.084214,-0.854390,"d91d577623fe3c36a912aa707d3f21f3a6f7fda265cd10ecf3fb52132a442b1b","145;436;447;450"
15207,-0.016092,-0.084616,-0.854304,"525097d4ab642d47a99aa370bcf644ffa77779824145824091b25e8a8070a731","436;447;461"
15215,-0.048277,-0.044313,-0.840404,"3c2192ea8def56c8d7b0a90b4bd96918d9f8c3721a63dab0dbd9057ff37b7e82","145;436;440;447;450"
15956,-0.074479,0.116725,-0.665240,"7d617965740f4f3061e87f48d30191307ecc547ac9b0f50ce6ed25946dab4221","145;447;450"
15464,-0.077662,0.114981,-0.667021,"6d31f965b40f6b1961a83f48d731d1309ed47c7a99b0f108efdd25d4caab4221","440;447;450"
15559,0.061257,-0.033509,-0.881898,"d8dd3ffd1ac21f35a440c220f717216366f77dea6989312df1e36e9020b0a53b","145;440;447;450"
15562,0.064022,-0.032032,-0.884174,"3c3df8eff4ec5b52018c7c233bff2350defa955c1a9af0a8ebeda0a9b7eb56fb","145;440;447;450;461"
15564,0.082100,-0.050992,-0.899681,"783112ac1dcd1268a780a00f6ed82990f8ade8614c23929d91e1013b5b2e3e02","145;440;447;450;461;482"
15566,0.118603,-0.095170,-0.929818,"ed6bee45e41aef3161ee36edc328d7bf1ae4646fcdf0e5082679e5944fffdad4","145;440;447;450;461;482"
15570,0.067117,-0.043145,-0.885022,"2cb76a41f0f77f7323ed7dbc1987ce143f9e57bed292b8567fcda5e5e3c2e6f3","145;440;447;482"
15578,-0.033979,0.085913,-0.801915,"433ac101b06ab81328e95ae59c06c0c4b60da5959598a5420c342ac68c868155","440;447;450;461"
15580,0.091900,-0.077123,-0.917341,"637211b87a891048ab8840eda6c64010962946050702c25d901409ba18020395","145;440;447;461;482"
15581,0.092713,-0.077469,-0.919223,"5b3f684c2957197b87ec1cad098cd794863dfda4cd09a79a625da9bf7e840efd","145;440;447;450;461;482"
15588,0.048328,-0.019375,-0.886022,"d43d19beb88c4b69aaa8a148b6d30153c4ff5d723b4bda7ef9b02f7898238323","145;440;447;450;461;482"
15593,0.048035,-0.013032,-0.874524,"d08d3efe9aee152fac148e11f7772253e2337de038c9137df9a36a511008a50a","145;440;447;450;461"
15594,0.038633,-0.003211,-0.878532,"d0a895b388ed318fbe37001997b7485b815b6910124cda31cd805f7e8040876a","440;447;450;461"
15595,0.040868,-0.004973,-0.873241,"c14e8f37882a27bef0b24ad0f163814b0166682a21d0cf2ac4a77700a0f10128","440;447;450;461"
15596,0.093130,-0.076890,-0.915526,"0b38694c7bdf393e1fe45cadb99fb6240639d78d811836dd475db9b93e8407f9","145;440;450;461;482"
15597,0.060698,-0.045605,-0.887936,"762892ac0d01004ac784a009068261dec8a5ea500c23c28091f0433bd23d2e06","440;450;461"
15598,-0.010651,0.040494,-0.828161,"882f5215f39a26773c8a7ae42da28094262e860c6098048f24e736802ec48b8d","440;447;450;461"
15601,0.055509,-0.044017,-0.888254,"3c7b122859d95248838ce8290ed96390d8b9c5700e23d298fbd5017b522f6e82","440;447;450;461;482"
15602,-0.046474,0.075780,-0.805144,"f575e840dc3fc6d871eab84c5368df3a39c4547ebd62fd2a3a0e253cedfbd254","145;440;447;450;461"
15603,0.055708,-0.043743,-0.887527,"28bb787e799d53f3030c7c2d2edd43949e3ac7404a2acabff3d5213b728e4efb","440;447;461"
15606,0.072159,-0.066901,-0.903531,"d7517f65221e7e3069e057a1593f977736f57defed94b5c8f3f9ca822fb72375","145;440;447;450;461;482"
15607,0.045074,-0.029953,-0.870538,"28f939fbbdcdd5bf5e7d7408b69d4a20c91a57004a687b35efdd347b5018c5fb","145;436;440;450;461;482"
15608,0.071676,-0.067257,-0.903800,"7240d3e54602ee402982e24a510b1d3a3ad575eb48b695c81538ca0465337308","145;440;447;450;461;482"
15610,-0.243919,0.146484,-0.624331,"8d743d77a00f7d387cba7750d773883b975c7e6ae1f4fb2cefeb678440f0c3a3","119;436;440"
15613,0.072029,-0.067849,-0.898022,"7e7f7144cb7594f683febc2f08be45b7edf3d3e2ec6bf2e83b58c5bff37426ff","145;440;450;461;482"
15615,-0.002423,0.018070,-0.839684,"521f53ad32ea3e373d0c5ae76d2780513637cc203098056fb4a62a8324c28719","440;450;461;482"
15616,-0.004360,0.018966,-0.843186,"cb5f56ad221a3e312ccc56e5ed0783d73675ede6e190a56ce4e16e820eb6ab59","145;440;447;450;461;482"
15620,0.040374,-0.034640,-0.877462,"c4199dff686d2750aebaf148b673015ba6f36e4a01215b69d5a06238587b0133","145;440;447;450;461;482"
15625,0.069315,-0.079242,-0.899807,"2b8c24dc7df5d16fd75ffc002ab936a4c9aa93091e2b72df037fd01b534c7cce","440;450;461"
15628,0.101066,-0.111089,-0.907706,"99717bed2252795925ecfea29f1f92b07e9db7acc996e5c8c7e9aa8527a227f1","145;440;447;461;482"
15631,-0.109744,0.124095,-0.753475,"3a2056e96f8ff849af31f6028d8a745aea9dff910effc3d1d7f99af1778c798b","440;447;450"
15638,0.056117,-0.068795,-0.884161,"c2691a98cff0b4c7ab164c232cda674fe3aba211464fb2d136101e2b1854ffce","440;447;461"
15642,0.024132,-0.041999,-0.881645,"45329373a0ac68117ed973749ed2c878972c7e1c93d4f3408cbe72c0c8804331","440;447;450;461"
15643,0.080998,-0.104021,-0.912784,"4f7dfe56e19c7d96fbce762c7dffc7bea7fff75ca1d8baea7fff778aeaf64b7d","145;440;447;450;461;482"
15645,0.081934,-0.106242,-0.913372,"0bfbfe6f759cfa78efc87567fddf96b0fef9ff4fc7b8aaed4edda3824f866bdf","440;447;450;461;482"
15646,0.081576,-0.106835,-0.914918,"93053ae824aff853ed0afb579f8b3460eca95fad9cb510ced7f98a0048c86990","145;440;447;450;482"
15651,0.021186,-0.041926,-0.883541,"0bb6716133fe783b7d697ff4dd1e9ef5b71d963cb7bc75d78efd32c6ce84cbf5","440;447;450"
15652,0.048225,-0.071809,-0.884549,"36074ea596236ee915a4da87436a3f417acd0fe77cb30d9cfac2af8535fbfcc2","440;450;461"
14509,-0.093794,0.069419,-0.666143,"29157f6d344f773964ec7f08d717093118345d6ae9b0711ce7ed201062aa4673","145;433;440"
14686,-0.091478,-0.069838,-0.804660,"f46c079644aa66e6f482ea08f282015b68e66aea68f7c66eb4a2c70040736228","119;145;433;440;450;461"
14689,-0.107164,-0.050886,-0.797956,"2bffe35bf79deed5534b7de628c4dfb47fea965ed7babcf3365c04aacfdefafd","433;436;447"
14693,-0.133430,-0.013249,-0.775058,"cb306c6478fd9959abf89cacf9ddd7a29639fda18747f699065929be4fa25ad5","433;436;447"
14695,-0.130788,-0.012962,-0.772178,"7cddf37bbd797ff4757ebca9ff7d9b7bdfd3df6af87b69a2ffdf65f5e6ffd6f3","433;436;447"
14699,-0.088216,-0.146130,-0.822067,"f5efe96eba214efdd2a2b8ee73e0d9325bc26ceefb63ee3bb8cfa5bc7df3f200","119;433;436;447"
14704,-0.088365,-0.133784,-0.829623,"8138fdf7eeade95f4fb3fa52bd9bd46a6f2b7e99d3fef7f35c9fbaa87d88d1a9","433;436;440;447;450;461"
14708,-0.145804,0.021107,-0.749546,"5f3e385c31ff5f7b7feedd2cfe7e97b5b7b9ddaba9077cdff3ff2bbb1e670f77","145;433;436;440;447;450"
14720,-0.107782,-0.074295,-0.809197,"a62f8698c9e386cb9eb6a11b46e0698fd9e9ea733e674a3219124f3fd07daf86","145;433;450;461"
14721,-0.088338,-0.127627,-0.821255,"c2bbfffe7cacf957bb59f0ffbcbf9433eebbd795a36be2e15638faaa4c8463d9","119;433;440;461"
14725,-0.242339,0.134744,-0.630884,"6fb8fdf2fd1dd9da8bf9b45d9fff5e3e8fd3fd1d976bfaf0dbdf1dfedfecd3f7","119;436;440"
14726,-0.099554,-0.127822,-0.812216,"053effdf7eabeb527eebfef6f92b95786faf5e9cb3fae5fe5ebfbac0ede963b1","119;433;436;440;447"
14729,-0.305797,0.150538,-0.530891,"e5ed869fddeba6eefef3eb12e6f00bc359ee6a636ff7cb7fbd26cf35d87bfa82","119;433;436"
14736,-0.282046,0.134677,-0.575785,"30f1faec64c4bf7f1445701331dc3e00fed917e1cebe3223d1adba884508f5da","119;433;436"
14738,-0.337470,0.153277,-0.482560,"f6ecc69fdc2386ee17b3ea1262f80d41f9ff6aa368f7cbffbd26cf1e957bf28a","119;433;436"
14747,-0.337169,0.152779,-0.483606,"f4ec9f9fde63a6ee1eb3ea1262e00dd1f9ef6ae368f3cb7f3c26cf1c917ba28a","119;433;436"
14748,-0.168267,0.064668,-0.668235,"f29c99be89e5128e162f8015b6362148cdd36dd02a0f5b33d1e7ba3b9051a41b","433;440;447"
14749,-0.112463,-0.081662,-0.790161,"74a51aa4dd6b46ef71a2ea0a43f02810f9c66a227cabd90eb9e6055de17aea02","119;433;436;461"
14750,-0.119533,-0.083344,-0.799507,"64a9923cd9cf57ef978de80942f12010d9fa62501a6bda3d7996057bd16ae682","119;145;433;436;450;461"
14753,-0.136166,-0.088504,-0.811535,"ee3c9652e9edb0cabbbf31198cfe459faffbe3133667dae21f125f6fc3650f97","119;145;433;436;440;447;450"
14778,-0.136510,-0.084437,-0.782509,"82a4ae11eaadb9c7bf7fb39584ee4e1fa7077b95324d1a510d1a5ff6c950a3de","119;433;436;440;450"
14780,-0.296165,0.129384,-0.555714,"4912aac43d52413b7aed8604a922b3e45204eca8a54bb5cf9af7b39d8aa46d7c","433;436;440"
14781,-0.297116,0.128493,-0.556717,"c21cbe463cd45a60e9ed9715202e9646c0276d80b40fb9e75b7e92e38003655f","433;436;440"
14783,-0.297971,0.129717,-0.558178,"8e7c35974b3fbceabdf606972c0c038f2555ea27e1cd33ee07525f020a7505fc","119;433;440"
14790,-0.312880,0.118754,-0.535800,"c4ff8cbe94a227bf9ad749f5f5e26b41176e286777449e3fec277f2c98738558","241;433;436"
14791,-0.159193,-0.079798,-0.787758,"8cf4bcbbe8edb4efbebf5311f5fe4a4bc17b7313765cda33edc3ffed80508f83","145;433;447"
14793,-0.194556,0.031539,-0.730301,"3447400e7c13c6f84508fdea62e0bf7458e88662cc234f1f322421bf73bb7a85","433;436;440;447"
14795,-0.181070,0.030222,-0.714266,"3e5b614535524f3061ecfece4b0c95b47cdc95eaccb2758c33fd818767bf7674","145;433;436;447;450"
14801,-0.313829,0.105822,-0.548562,"66add6ffbc03eee83fb2f282e5fb5c507bff7fe278d3cbffbcbecf1c95f26380","428;433;440"
14802,-0.275112,0.093371,-0.597862,"a2a8a3faddf5d0c79757c412a0dd72ecc93ab3913eaf72b3cbdf9a6b920cfcea","119;433;436;440"
14803,-0.279327,0.097651,-0.602717,"0a9d229ff7f7baf71f4d5ea72cfe3664ff2b9785b79a30ff7f3f8ac39f4eb5df","91;119;426;428;433;436;440"
14814,-0.316506,0.076326,-0.547812,"dab694b1a3383c9fbbb706f58d234adfa757ed91365d81c28ef35ec7aed48b1f","241;433;436;440"
14815,-0.292202,0.073556,-0.586777,"c7be9716e9e496affbfb397decfecfbf8577e817b74fbaf329165ffec875a75d","91;428;433"
14816,-0.205185,-0.027461,-0.743332,"691fed75a49f6d3775ea7eecb33d92204ea67f8de9f8658ee6fff6906fc8d079","119;145;433;436;440;447"
14817,-0.293994,0.068888,-0.588909,"7f3486b489745c03a3d7871d4afb679fc9e7fd951c47bac09b73df5f8a75fe56","119;433;436;440"
14818,-0.208282,-0.026775,-0.743603,"b5ffef4cfc16cefd52cafcee73eebdb17fce54feef63ef3f3acfa79cfdf1eab5","119;433;440"
14822,-0.314101,0.074810,-0.568283,"7ba6e21a89f15157e3f7a59d0bacf6d623aaec1c1e6fae929add557ff7c4fe5e","433;436;440"
14827,-0.250453,0.055030,-0.632793,"7301f6ed360aea686da0f3025b2b95527ac57febc8f385ccb6feca0025ab7120","119;241;426;428;433;436"
14831,-0.210946,-0.020922,-0.728865,"1f4743845612ee70a5e05bc759cabde47eed17efcd933cce302caf842fb739d5","119;145;433;440;447"
14836,-0.218369,-0.018224,-0.732834,"174363855612eb7874e057c6510ebd647ecc17efc1902dcc342cab842db770f5","119;433;436;440"
14840,-0.266455,0.043102,-0.650744,"29722d253c5fd3184eecb56ddb1cdf209c0cee6f8d60e91dc6d921bd5aaf5ef7","145;241;426;433;447"
14846,-0.252853,0.041694,-0.636857,"0fb2f4e53c1fd8b84ff835eddf3dd6279f55fd6fc470ed9dcedb6df666ae5375","119;241;433;436;440"
14868,-0.207869,0.044865,-0.698033,"838c755fb5bfafbf7d5b7650e830b56d5d023228b1fc7dff2d3e5242d3c9c1ad","119;433;436;440;447;450"
14874,-0.260224,0.012648,-0.691023,"38615a6c19d15a688100ad0a6bde26b0f8b9dce24e23309db3dd813b73af6e06","433;440;447"
14877,-0.355023,0.036810,-0.528641,"1b1273e5ed5df97c2dcefeeeffceffe4ffbbffb7d9a377ccdfdfbac82f8e65f9","428;433;436"
15654,0.034565,-0.057849,-0.878734,"d8bf16b432c23173b48c4aa1afb72051a73fed8070d9820ff8e67fc32220273b","145;436;440;447;450;461;482"
15655,0.079010,-0.107848,-0.918594,"9b3a76ec2fbef850ed48fb47bf9e36a0eeb9dfaf85b515dfd7f92a825faf69d7","145;440;447;450;461;482"
15656,0.034773,-0.059743,-0.877822,"6ab3f5056b5cb937abf52eadac2e4e938657f1459578f6c14e595cb24e8487dd","145;440;447;450;461;482"
15657,0.033732,-0.061376,-0.883062,"dbb461601b5cb9aea9773e9d9d4f5e9727d5ddbdf345b4c76f7919fc67848770","145;440;447;450;461;482"
15658,0.036224,-0.059840,-0.877294,"dff02f603156d97931ffb7185b5fda3fbd95ddbdf9d7b9c4dbdbefc5efa62673","145;440;447;450;461;482"
15664,0.085667,-0.121716,-0.913594,"faff32bfba8a9ef5bfaed3f9efffa8d1df7ffd63fecfc8bffaf73ebb045e8f9b","145;440;447;450"
15668,0.079255,-0.121161,-0.913365,"d7af4cbb9e338eea5fb2d8f2c1ead5c57bef7ff77cdbcdfebc56cff7bd7bb984","440;447;450"
15669,-0.137732,0.102136,-0.738470,"1ab8f37c33d030633fcd76b32cbfa654a2b9b58022d8a2dd5bff728ba784257b","145;440;447"
15672,0.041058,-0.079877,-0.891455,"c020bfe1816c790328b787109497485be19779981addb140d5b1d2458040a762","440;450;461"
15675,-0.216546,0.148274,-0.664367,"2fe2641bedbfecdfef7af2f6c8f8deee6fcf7e9f87f2cff03e3adfc2dfddf995","119;440;447"
15676,0.038422,-0.070203,-0.880186,"7eb5ac30c97d14cb93ff88bd42fc5a1b99d7fd35be43da10db53cdffc86d9e57","145;440;461;482"
15678,0.006869,-0.033559,-0.856952,"55dcddedb26f4fbe166bbe64f777897057d61ceaa980793fe9a72594b8fb0439","436;440;461"
15682,0.087183,-0.134250,-0.925256,"712d230c59f74a4957e8e90832c665b0d8bc42aa0f23fa1f319c013d512a6686","145;440;447;450;461;482"
15687,0.093104,-0.140109,-0.932216,"ccc59def8c0e47bd34a6cf48f773097251c66c6a78d0f92ffdaf651422fad020","145;440;447;461;482"
15689,0.106734,-0.141815,-0.924799,"015d724f761aee7c6de87e66fbf895a43e6c166ec5b01dec26fd25806fba4b9d","145;440;447;450;461;482"
15692,0.102895,-0.143522,-0.930056,"35e54a0fd40beee86400e90673681e0078ec02efdeb25d3f362c87047dbbfa84","145;440;447;450;461"
15694,0.074872,-0.126639,-0.915156,"79e9acbd1d8f47acd6f08609f3f0526748e479cd48ebdb3dc947df3c802c106a","440;447;461;482"
15696,0.073939,-0.108090,-0.907126,"f0ec1bba1dc94240ff40a108b7d82a70c8a84a436f27da3791f0023b700b568e","145;440;450"
15699,0.101575,-0.150021,-0.929434,"2555414dfc0fceb85ee8f96ed3789da45c4c166fc9b25d1e241ea5b45dbb50b5","145;440;447;450"
15700,0.049032,-0.101428,-0.898685,"deb4feb3ab64399bbb7f17b79cbf4a5ba717fd91324dbbc3dff37ec7a644a573","145;440;447;450;461;482"
15702,0.075889,-0.128522,-0.915893,"87cf8697f5b2e6e755825bd260e0bdcd796aa29a74fc0fee2c36d7029f7ef88c","145;440;447;450;461;482"
15706,0.064486,-0.111878,-0.903122,"e1ecd5ffbded4cafdf73a818f36b1073c9666a1c3f6cdbbfeffed550d8d8d00a","145;440;447;450;461"
15707,0.076697,-0.127946,-0.912365,"978fce9f9e12a6e9de97dbf66060bec7fb462a66f7e14f6f3c26ef459d7bf984","145;440;447;450;461;482"
15708,0.075475,-0.128338,-0.916546,"d5dfcd3f9e12a7f956f6cbd751609a637fc66aeff5f57f3f3c23ef443d7bf954","440;447;450;461;482"
15716,0.050137,-0.100373,-0.892639,"de60ecf0a9605d8bbbb7849b8dff575be7d5fd913a47c2d0dbd3dfffa6f4b762","440;447;450;461;482"
15718,0.054288,-0.109475,-0.900493,"7ee097f089e011cfa3b5a8088eb740dee99fe8901a4bd2c099d6577fc250a626","145;440;447;450;461;482"
15719,0.045780,-0.101117,-0.897511,"da21eef08d245c0fabb7861b8dab561be197f991784f92c0dbd3df3f8674960a","440;447;450;461;482"
15727,0.063346,-0.124164,-0.902453,"7dc7c4669d1e4eb863a0af0a436159b658c46cfe48e3e9acbbffc555e3bbda20","440;447;450"
15732,0.025280,-0.075317,-0.875235,"5792af240d565838e5fa8345c27c1ecbc4c5fde59dc5d384dbfbdbd728237856","145;440;450;482"
15733,0.092905,-0.147765,-0.943591,"3df5612cfe4b97f956e8f86f52f88bb47ccc4675cdb34d1fb80c2576fdae52d1","440;447;450"
15734,0.075346,-0.143030,-0.920772,"19872bed34a64f77144ddf47f32f3240dcae158d9898619fe1efbac0348af479","145;440;447;461;482"
15735,0.076742,-0.143148,-0.918146,"218e29fb34af4b12574d5b55b70d3060dd2a171d9ab871bfcdfeb240908b74e1","440;447;461;482"
15736,0.091194,-0.155971,-0.928061,"a41471c1d56fe1515532e11a12197d39d898023819b6701055888064d909d4a2","145;440;447;450;461;482"
15741,0.077808,-0.143827,-0.912376,"ace9645fcdd5c7ecc796a40a62c97f0749e8c34a4a667abd6fdbc53953be56ee","440;447;450;461;482"
15742,0.091929,-0.157092,-0.927031,"a546eccf6c37ce5855aaf546d368bd2fd8c4166feda65d8a023ae1945dfb7884","145;440;447;450;461;482"
15745,0.072124,-0.146091,-0.922706,"7763c1c7ac3bce9802b299ead165d9ae5fdc7dfe8952eda0bc0cadbca5fb50a0","145;440;447;450;461;482"
15751,0.045838,-0.105055,-0.888494,"7c3b91aea96c12008badb939aef741dac0f7ed50184bcaa29bf570fb926f8673","145;440;447;461;482"
15755,0.046958,-0.112812,-0.892855,"88b91cfab9cd11bf8e19a418bed768518413cb5032095a35ebd1107b5208853b","145;440;447"
15756,-0.018410,-0.031290,-0.839405,"c2fc959ecbc914e7bb17809dace604978763eb05764fda77b8125e3a1004875e","440;447;450;461;482"
15758,0.072420,-0.148430,-0.920639,"6cdf945ee92c16bf9a9ba878f2f74ddfc556e8527b68cb332dbef57ed279d03b","145;440;461;482"
15763,0.061203,-0.139144,-0.909137,"140caffd84664d1334c6cf17d33f334bc9e43daf39d13108c1ebfa00a0797472","440;447;450"
15764,0.069408,-0.148564,-0.910398,"1b92e7557272b93f7fdf57f7487e9eed375fb795b7d827c70e6fffc7a7c4bdfd","440;447;450;461"
15765,0.062441,-0.141898,-0.913617,"d4149db5ae6e9489daf2837bd77849cb97557d332d65db02d9c37f368c799903","440;447;450;482"
15766,0.065109,-0.143963,-0.912442,"46b19453a88934afafb30bb9ce754cce8757ed141268cb70ae9e55f6c2ec8951","145;440;447;450;461;482"
15006,0.053391,0.042788,-0.875970,"37fcc483ff03cecc1fb3b9eecb4a5d9c7fc91ff38fe65df6bcde8fb6bdffd814","145;436;440;447;450;461;482"
15018,0.029528,0.049152,-0.852372,"f3776c0e4f5f9e7889ec9def6afc9737dcf4ffe7ed63fdcc3278cdbb6f7e5edf","145;436;440;447;450;461;482"
15019,0.028652,0.050629,-0.852552,"7e6b64054d5bcee803f494af4b4cd7977ac4efef4d63cf883661cdbd6fbf7ed4","436;440;447;450;482"
15029,0.032453,0.016410,-0.863401,"ee7be977e458ffb47bfe75fdfb6dd73f1efdf74fedf6ede066fb67a06fbfd7f5","145;436;440;447"
17057,0.149015,-0.005113,-0.936695,"50719de6a84f159da6bc8329d737491ba2556d7008419b18f9e37d34a072876b","145;450;461;482"
17058,-0.005266,-0.086501,-0.870142,"52bc879a9be115cfbe9f88a9acf664dea733fb91164b9a71b9165ffb9044a77f","436;440;461"
17128,0.130205,-0.046350,-0.933747,"81b2d35962a920537e1b7374bcd2e87d770b221893dc03510c1a7240d880a3a9","145;440;447;450;461;482"
16491,0.120897,0.075168,-0.905376,"05e7d557f40a6f9877a173e0d36399fc3bce2e7abbf04d2eacae27c4eefbc0a1","145;450;461;482"
16518,0.105620,0.053331,-0.894545,"2e5ae79fefd2bf909fdad7e77cdc37ebefffbfd785e53eec4f7bff828f3f75ff","440;447;450;461;482"
16524,-0.106183,0.071507,-0.791227,"f47d9dfdbcef57fbd7aabc6a53fb4912d9f66e3a6963f39efbdf2536f1f8c423","436;440;450"
16129,-0.045817,0.124979,-0.829757,"03b2c79d5a92a878bef0d2e7edeeb4e7776d7fada5d1afdd1c2ecf86ada431d5","145;447;450;461;482"
16134,-0.041288,0.123322,-0.822252,"0322c79d7216a8693ee152c7ecee94e5766d3bad85d8afdd1c3adb840d2431dd","145;447;450"
16135,-0.043205,0.124931,-0.823277,"8361278f4e92a85c6ee1dac6d886b4e47ecd7ecf85d1a7f4942a8b800d97b1f4","145;447;450"
16136,-0.118845,0.102139,-0.759301,"2a36a105534fb13739ef52fdac3c0694acbdd701b5bef1ce0d161aa2490407df","119;145;447;450"
16141,-0.040688,0.123473,-0.821290,"0320878d5612a8587ee1d3c6d8c694ec7eed3aad85d8f7dd1c3adb840da431fc","145;447;450"
16144,0.149458,-0.000848,-0.938996,"5c7a98b62a48119c22bc86a9dff7415a27d5ed520841cb20d9e17df9a2b1072b","447;450;461;482"
16145,-0.120138,0.102529,-0.757028,"cb9178e06454f937294934bd1d1fd63096119785d42c30c24fddbaef1586c77b","145;447;450"
16149,0.149846,0.004065,-0.932316,"f0c09cfe086c548fb237a219f7bf6a5bc1d76d002c4fdb31d3e3541db078845a","145;447;450"
16152,-0.093064,0.076311,-0.772177,"3ab76146f77bd7fd41e4fdae6b7d9eb41fd6d72af9ba6d8f3e5f05d7effedefd","119;447;461"
16153,0.147790,-0.006270,-0.933409,"e4fd3d60e84f5fb83abeb048d73f413397557d7ae166f93efd8b65344071c731","145;447;450;461;482"
16193,-0.275359,0.002141,-0.646603,"7b89f6fd761afef83bb273c24def9c72ffed37cd88d2adc9defbef8427ee7385","241;426;428;433;436;447"
16197,0.025511,-0.006566,-0.863383,"7cedaf7e9de757e8d782ed0872fd3d30d9fa79626863fabffbdfc53bf37bf662","440;447;450;461"
16203,0.087939,-0.055682,-0.900935,"7037122c190f5268a3aca86d46c82990d8e5cc624c23ca9eb0d4013f592e6a07","145;447;450;482"
16209,0.094070,-0.066660,-0.909138,"11861de5302e6a33742b5b54f7239070156e2c2cb99c450fecaf228028828129","145;447;450;461"
16214,0.239159,-0.070669,-1.012307,"0afb729e53d4bef6fdc47c872cee3704fefb83c1c6bb12ed77540e0b47162fde","145;447;450;461;482"
16218,0.225127,-0.067262,-0.998417,"0a94b6b3e5fdf527df5f7e158ebc6ecda11be311b67833d7cfdf5e67ca4cdddf","145;447;450;461"
16221,0.184794,-0.067918,-0.977650,"5d35df63a22e7d3138fbbb74df77c83b37557c3eb1d1b940feeb67c4e8e28331","145;447;461"
16225,0.224010,-0.068170,-0.999319,"e8854cd9e8fb78ae563a3038d12ae679c99ea6b03d5e6b964edbfbf599485c9e","447;450;461"
16226,0.224096,-0.067744,-1.000479,"a8870471e5fdf0271fff26198e2e6679c13ea61034dc4296cfd35f738a4cdd9e","145;447;450;461"
16227,0.239031,-0.071185,-1.012250,"abb160dafdd5feed1f4df59f28fe7ea4de3b97d5f62e6ef73f5d8eebd70cffdf","145;447;461;482"
16236,0.118716,-0.096956,-0.927699,"1e3eff72f3f3bbd2b98cbea70cdee539aefdc7d2b0d328ea5bc72bc3e56327f7","447;450;461"
16249,0.034782,-0.057929,-0.876663,"5633fd45a27ab03869e83fed5f3ccf3a3655fd3195f0a5484e6f6587efe70775","145;440;447;450;482"
16250,0.070334,-0.068621,-0.902869,"27a68889fdbdcada0f3d1d5d80a87e1cdd0a131d9e1a5ad70e1c8bfe984f5ad4","145;447;450;461"
16251,0.128322,-0.100934,-0.943893,"5d9f7be3b29f3f31ff693fecdfffa270b73dbe22d1b128d6fedd25e66ee28171","447;450;461;482"
16252,0.132654,-0.105179,-0.929133,"5ad36fe55252bdfc2d655ee75d3fae6436d5bfe5c19135dff665ab862f96a5f9","145;447;450;461;482"
16254,0.180964,-0.083131,-0.972201,"039d0badb486aef75e49da46b5ea3060fc6b1eddd79910fda83caec09c4aa99d","145;447;450;461;482"
16256,0.175834,-0.085726,-0.980080,"d85e7ffe26a2aff4bc0ed6e6fdefa16176713febe1952ffff0e3ea8034f32579","145;447;461"
16259,0.185150,-0.143685,-0.971285,"9df6ee97bc32ffbb7eff7ff6dde69a637fcebe2fbfd0afffee2fafc4a7efed71","447;450;461"
16262,0.178387,-0.083792,-0.976613,"939d1fbdb486aef79c49da46f5bab061ee6b1ecdf78931fda9b9aed01c18b13d","145;447;450;461"
16268,0.067387,-0.079556,-0.904288,"3b0c674c5576e96775c0fe03383c36a568af93ada8bb34ce737f8a02672472ee","145;447;461;482"
16269,0.131630,-0.117110,-0.946835,"598d5fed92826f377501ee467323a07072a60ca87999352ffaef36402a82e028","145;447;461"
16270,-0.016824,-0.028485,-0.843145,"a8b53c78d94d55af53372c18973548118992c0007a6e7a17efdb557f5248c6aa","436;447;450;461;482"
16273,-0.210606,0.028677,-0.718358,"0e729afb43a539581f1975a7bcdf6a59fe1997d40252daf1c781faabb8092993","119;447;450"
16290,0.002009,-0.064393,-0.865388,"d29f62c813921e67bd04d8e7288ea6d4e6bb8fc47e8b04ff32348adb1f04af1f","145;440;447;450;461;482"
16292,0.044551,-0.087868,-0.896440,"28a07d60454f797823bc3508535f58311998d7b84ae2681c4fcbf16d738276a2","447;450;461"
16298,0.132425,-0.125225,-0.954317,"188f4fefb68b6ff7a408dee67363a0417aa20eea799905bdf8e1a2c03c8af029","145;447;450"
16299,0.046141,-0.111266,-0.898010,"fc581efc09c555e88712a409fed7215bc1b1e9426a075a31d3f3413f10792c3a","145;447;450;461"
16300,0.049724,-0.108479,-0.888036,"fc5c9cfe096555ce871aac19fef7215bc1f1ed426847da31f3f3553b9079ac1b","447;450;461"
16301,0.131393,-0.124030,-0.951343,"595edbed22326fb6354a7ee63da3b17266ed3ccce994a5ebf6efe6802df06139","145;447;450;461;482"
16302,0.132486,-0.125183,-0.948437,"df1fffff36b27b70bdc85ee67dffb76776773fcea199aceef6ffaa80aee32179","145;447;450;461;482"
16305,0.002051,-0.072504,-0.842461,"2661eab8cec1bdc38ac5588b11cc7e08f93913f7566336c05d0c8d69d518d6d2","145;447;450"
15492,0.095483,0.077543,-0.883938,"b5fddd77b00f67bc76aa7354d36389717dde6e7af9f07d3eedae6544e9fbc2a0","145;440;447;450;461;482"
15496,0.090969,0.072099,-0.894348,"7d7f4d67b80f47b871e2bf4c5361d9321dc46c6ef9f2fd2efecf65346bf3d230","440;447;450;482"
15498,0.070184,0.078747,-0.872272,"e2b6be9cd9f59d6fbf97bc99aeee665befb3ef917e4fb2d3bb16df7b904cafde","440;447;450;482"
15503,0.070354,0.065861,-0.871184,"c3943fdf3cfe303fbd5b5774fc77a8efe733ff24b3cd3bff87fb72c29ac0ad3b","145;440;447;450;461;482"
15505,0.100479,0.035532,-0.898363,"a278735b55ddf340ff49f11b389c1434e8bad351a3be70ff171c1063530f76fe","440;447;450;461;482"
15507,0.085221,0.053899,-0.881769,"be446ebe7568fac8b957739b7fed3f09fb5d7767b0f78aff57ff4bcde7bf77c3","145;440;447"
15955,-0.075322,0.116140,-0.665964,"6d31f865a42f5b1961a8bf08d339d9325ed47c7a98b0f908effd2514e2eb4221","145;447;450"
15368,-0.206126,0.026335,-0.717657,"07717ac96e07bb580ca079c7d493ef027e0917eec19259c05488abae3dbb21b1","119;433;436;440;447;450"
15370,-0.210542,0.029210,-0.717896,"90b338baaac1114f8e3d9539bc9f620bcc33df11120be291d1d17afb100885eb","436;440;447"
15371,-0.321508,0.034054,-0.572732,"36fce54d39368ecb9a3ffd15002784d6c144d52e6ad1f9a923ffaf969374d6f3","119;436;440"
15377,-0.326791,0.026902,-0.559352,"e76aec146c1ddce6cbfeb4ed02a8d71bcde477c7ec67c620161a75be4dfd5add","91;119;241;436;440"
15387,-0.212223,0.023533,-0.711754,"2128335865ed6142ff1d7608b2d1a07dc82a265813ba223147b83048c20966eb","119;433;436;440;447;450"
15391,-0.220554,0.022178,-0.719161,"0138335b65dfe1427f597200b29424ede83a365813b8327105b830404a0960bc","119;433;436;440;447;450"
15396,-0.246854,0.027952,-0.681202,"d4a0bd75aa6a559b32bfa638d7b7405a23d76d1008d3eb00d9a37515a0e08663","433;436;440;447"
15422,-0.283504,-0.053916,-0.656401,"73207be96e0bf9492d21f28a9f8f1470ee957fad09b3d5c096f98a502d8861a0","119;241;426;428;433;436"
15428,-0.403417,-0.054546,-0.490151,"8c9f8e9ed3f327efb6d74d36e8e2abcd71eaaa8a735e2e6f3c277701bb75adf8","248;259;436"
15429,-0.388016,-0.059398,-0.545040,"50d08cb60c045d9e821a861bf7795a4bc5d57d034846dba1d3a3fc190878980a","91;436;440"
15430,-0.372541,-0.058282,-0.540418,"fc31b4e70d6c41988a7ba519d7374b5f8144792a0841db01c1f84134827b0462","426;436;440"
15443,-0.228098,-0.203691,-0.745599,"5f606ea04456f950a9f49783598d7f2b6e8557efcc13b4c05749ebac27a777d2","436;447;450"
15447,-0.293145,-0.141967,-0.701524,"9298e2dd76d3bbc69fcb56b769fe36e0ffebb795a3bf36ff1e7fbf821d8c71dd","426;436;447;450"
15459,-0.098211,0.114414,-0.622451,"0900929574aae8237ca14690bd2390cc622c228c20fc45c704a732408e802988","440;447;450"
16040,0.122383,0.064228,-0.906386,"3d6b6d67ac1bc7b846e2b5ee53699f335ec46c6ee9e26d3c76cbe5b47ffb52e1","447;450;461;482"
16041,0.092895,0.076654,-0.888997,"85b5dd65b42f65bb7ee27a44f37399717b8e6e2ce9f0751eecae6704e8f0c0a0","145;447;450;461;482"
16045,0.093202,0.075216,-0.886693,"a1b4dd65340f613b76ea7e5493339070718c6e2cb9f8751ecdef3304e9a842a8","145;447;450;461;482"
16046,0.092390,0.074590,-0.889463,"01941d7534ce61377ceb7650b7339070c12e7e08b1fc714fcdff32404880c129","145;447;450;461;482"
16048,0.250153,0.004121,-0.995322,"c0bc9cbe9ded10ef9e1f8018b6f3604bc1526a10324fdb37cd965f7f9848850a","145;447;450;461"
16050,0.156585,0.042382,-0.927495,"707d5a2412ce577621acee0d3727031034fc4dea488b912cf3a5251020b2265a","145;447;450;461;482"
16051,0.250377,0.003550,-0.997373,"40bc9cba98ed118f9e3f8018b6b2604bc1326a10324fdb37cd977e7b9048850b","145;447;450;461"
16053,0.155853,0.041463,-0.928255,"faf9704afbd994c58b15b5bd2a9c46968eb3c7105e6beab13b5114bbd71ededf","447;450;461;482"
16059,0.093574,0.071259,-0.881349,"da5d9efc23d83467b98666312cb722d3a233e90064cd92cbf3f35e0b0254af1b","145;447;450;482"
16062,0.191935,0.027333,-0.951428,"58871abeb3801eefbe07cb91ede32a50f393ed817a090a77fae71e59a042ad0a","145;447;450;461;482"
16063,0.214057,0.024796,-0.969525,"62792356cdcd56e6e9a8a00922bc553588f355434c6bd2bdb358543b431ed61e","145;447;450"
16064,0.191500,0.028734,-0.957996,"58a71abe33885eed3105ee896fe32a50b2dbcda06a0b883ffae7361922822e0a","145;447;450;461;482"
16068,0.193083,0.029067,-0.954103,"d88652ac3b085a6e2904e8ad6f630ad1b2c3cde66c0b816fb2e5228b2a842a0b","145;447;450;461;482"
16070,0.193873,0.030363,-0.955012,"526e4a2c521a7e6e2906ecad2f22025136edcce64c9b846fb2e7428b28a72b5c","145;447;450;461;482"
16071,0.193543,0.029550,-0.955291,"d7234305221a2e607cc043e5ede29bd036ed4ee7e591844ab4242b802ca72bd5","145;447;450;461;482"
16074,0.196866,0.028817,-0.953481,"9d4c6255d7326fe774c24e12492295fd7bee12aef1fc35ee346ed600a7f5f1a4","145;447;450;461;482"
16076,0.075317,0.073697,-0.870437,"41f01fed08cd4158a638c240b797487a40946e480b87d315d5a1727c38822338","145;447;450;461;482"
16096,0.037067,0.080846,-0.870628,"f8d97a6e3ddd52f4e1ccb40d7bdd22b0daf0dd424c2b7abdf3d9213b73be4e5b","447;450;461;482"
16097,0.166698,0.017342,-0.942880,"a82d18795ded6142f62068183391411088ba4210223ed21f5dcd01797108468a","145;447;450;461;482"
16099,0.045793,0.074831,-0.852301,"78f9786a74df53fc634cf42d3bdd8a305eb8557aca3a783ffbcd25f9738ace7b","145;447;450;461;482"
16102,0.206017,0.004407,-0.968019,"19977161b21668bf7f697ec49d3390f4378f34bc919835566eef36c4eb84e379","447;450;461"
16119,-0.039869,0.121625,-0.817024,"172867894e82a9d06e60d2c6d086b5646e8d7edfc7d1e7f09428aa800d9431f4","145;447;450"
15520,0.106759,0.018518,-0.903088,"be96ec719b7b15ef13b7a69b427d4e1b59d6ecb038e7fb16dbc3d557e368fe52","440;450;461;482"
15522,0.050034,0.081628,-0.852466,"7d791aee399d5a78af88b50cfed36bd6d8e17e4e4923dad9f3dd013a5a2b6a03","440;450;461;482"
15534,0.074687,0.032596,-0.873523,"4ecaf59eef10be8c9ef693e7eceeffcbe765fbd7c6458ff15c32dfae967725dd","440;447;450;461;482"
15540,0.068702,0.021231,-0.884387,"3e95f6fcbd7fdcefdd1fff334f7d3ecddd939f21bca7499fbbffd717b77cfcc7","145;440;447;450;482"
15542,0.009175,0.085573,-0.837801,"dc36bea42a095348aaa6afa9dfd74b52a7f5ed224c478a12dbc1633d20230f43","440;450;461;482"
15957,-0.076150,0.116796,-0.666479,"ad617965740b4f3071e8f748530191305aec466ac9b2650e76cda53065bb52a1","145;447;450"
15963,-0.104332,0.032542,-0.638398,"0395f51bf3a229977f416b6474f68c74373f329893983f772c3e1ec28e46a3ed","145;447;450"
15966,-0.109876,0.031159,-0.641976,"6f710aa86d559a7883c8956fdcde73a2dcd1d7f3cd03dad8fa51afbf3d3f3b93","433;436;447;450"
15968,-0.093202,0.045958,-0.647176,"0061d365524a69406ba062081d9341323afd42d801f291485588032061a127a0","436;447;450"
16498,0.122684,0.067265,-0.901556,"c95d3f7521ce3537e9ca6e04beb70173a437780ce1b9b06ee7fb56024a50437b","447;450;461"
15771,0.074869,-0.173542,-0.917307,"6a3501047b6a8322a8e0aea8fc2685b606f5eaa0214bf14e39360f3b42260778","440;447;461;482"
15773,0.075337,-0.172032,-0.917975,"b96d3e3a88e45fc6f057ec19379e0239a9ef71df3edfba22f3a934416151aaca","440;447;450;461;482"
15778,0.070190,-0.162973,-0.907420,"537935420b5d9441cff28121ae9c672f8631d943c7497fd093504f3a105e055e","440;447;461"
15779,0.059196,-0.160565,-0.905798,"8b9405db31a729ba141343d6dd47a8cd4712bb9c33dc5bdf8cf2dac49e8d3130","145;440;447;450;461;482"
15780,0.054603,-0.163784,-0.916589,"022012bb6fa5b8488e115162acda6cc8ee19131102030af105101aea940b2983","440;447;450;461;482"
15781,0.040353,-0.124746,-0.897953,"58557bec34464f78044cdf627357a9607ef41dea4993313ff1ada28034bb7471","145;440;447;450;461;482"
15784,0.055215,-0.162620,-0.913750,"9f83129b2ba1a8c89e1141528cd268cce6190ad1128102f184901a429c012985","440;447;450"
15787,0.060055,-0.160397,-0.902066,"cf8414d909b5288a9f3307d2ccc2ecef4502ba9c23c46bd10e5adbc69acd3924","145;440;447;450;461;482"
15788,0.042394,-0.125648,-0.895281,"f44d5fe4a64a4fa4b1a2e28a5737015b72f46d6a69d7812cf1aae71025f14620","145;440;447;450;461;482"
15794,0.040729,-0.126137,-0.898782,"1c4d7bed14464ff43460ee027317a17078fc1dea6992713ff3eda00436bb6478","145;440;447;450;461;482"
15800,0.039350,-0.128355,-0.900014,"d44a9ff4404e6f36b08ee2087723215b60f52dea68d78028f1a3660020f02728","145;440;447;450;461;482"
15801,0.014807,-0.116556,-0.887356,"56de7a50e2e23ff238d67ea755a7a65937fda7a220d5a87c52a3fbc525f12773","440;447;461"
15802,0.042593,-0.127185,-0.891646,"dc779ea0b2421a54b0b087b3df2741dbb6f5cdf03cc18148f9c3ef95a0712d03","145;440;447;450;461;482"
15803,0.042232,-0.169088,-0.930523,"90a51cf990a7b82f9e314f11953a2e61c11b391036d84b15eb81be4598008982","440;450;461;482"
15809,0.042437,-0.149487,-0.897354,"02bcb7f0fbe9b1c78f97383bacff640aab3bc311126ba2f15f961f6bd148a7eb","145;440;447;461;482"
15812,0.042353,-0.148647,-0.898464,"02abb7d8fbe1b1c78f1d782bacff640aab3be391126ba2f15d105f6bd148a7eb","145;440;447;450;461"
15813,0.041327,-0.147412,-0.903175,"03bc1a9af7bdb0475f0d781f2cd86614bb2b8211363e12d71fdc1a6bd808ab8f","145;440;447;450;461;482"
15816,0.038263,-0.146074,-0.905341,"91dc1ebd08d41ea69c06c683f5e62261e473aec76d8d333fe1e7fa911078ad5a","145;440;450"
15817,0.045964,-0.142845,-0.885708,"d64d8f9e0cf61e00acd6c383e5f625cbe065f9c62cc133eab3e3ca139075354e","145;440;450;461"
15819,0.014164,-0.120978,-0.885995,"199515ed964e6d372561ca42df37007076973de8d998710cedee2640388aa139","145;440;461"
15820,0.037371,-0.151196,-0.896843,"22ab4ab8d791b8e79b15708f2cea7681eeab83d5567a82f51e13deeb5d0cfb9e","145;440;450;461;482"
15821,-0.347562,0.028015,-0.544453,"4bfb91123b889aacabd100edac86c6d68663f855c749fef5ac140ffa0e04035d","241;428;436;440"
15825,0.030143,-0.128408,-0.886522,"d219eebc72e27f22a1ccc6a37dff2353e6f7fdc320cb9268d3a3ea8124e1255b","145;440;447;450;461;482"
15832,0.029807,-0.156669,-0.894922,"8acd04994dd5b5e69c565403ac983285c9239345762c52ff6d52de43170cbdce","145;440;461;482"
15835,-0.045905,-0.038241,-0.829772,"dc7aff762a6a5310f1afa7385ff7c13a27f4ec5228f5ab2ad3cf7131e2f10673","145;436;440;447;450;461"
15836,0.009014,-0.127057,-0.873334,"d70d628087b6fee2fde2dfd648ccb7e477efbeefed953dfeb27e8bc72ff73955","440;447;450;482"
15840,-0.140059,0.012496,-0.765009,"4f30625e6bd1bad8b6d4c5a9ddfffbad1679fbffd641bef047592fb996b70f55","145;440;450"
15849,-0.249046,0.050522,-0.642673,"4c3311a5324e3b382dec7feddf1789d4165ded62c1d0c14ce4f52b860aa20771","241;436;440"
15850,-0.139829,0.008870,-0.757833,"5fbd78f6bd7ddff93bee9d0ffffd5f21ffffdf6fef63f8fff3dfafbc0fff5373","145;440;447;450"
15854,-0.301645,0.032670,-0.605872,"6bd27afe6f547d7dbb5ff5b77ddfbefcff91b787cd07bed373fffe8f3796eeff","119;433;436;440"
15859,0.004280,-0.155018,-0.882123,"846cdab3deabeec67ea7fa13bd8a51487bef6e9322f5cde2f4079f01c559e988","440;447;450;461;482"
15867,-0.038135,-0.146022,-0.856459,"25274dd9ec29ec5bceb2f9c2bda2d96b6b8f6eab8172ced03498ffac9df8f3a8","440;447;461"
15881,-0.310929,-0.017592,-0.615941,"d4455fef34464738a480db425777a94372f45d6a6981390cf1e1e21424bb3421","119;433;440"
15886,-0.117134,-0.068502,-0.794434,"589d1febb2c64bb784098a60f777285076b65de85989193ff9a520d0308aa439","440;450;461"
15903,-0.111191,-0.112976,-0.804707,"0a0cf29d57a7ba469e035a93acae34ccef3b9385a69c14ff15169a83975c39df","440;447;450;461"
15917,-0.205475,-0.062519,-0.725836,"8a90bbf831fcb912bf5d5631ac9f2268e73bbf11b29c22d7cfff3acb92042df3","145;440;450"
16004,0.231921,0.041584,-0.974148,"a4b71161926f06b93aea317cd675c9b995155c32b164591ea99665f6c8608333","447;450;461;482"
16006,0.233245,0.041257,-0.973936,"60fd3d61886b07bf2276a84c973500330156496a59687934e580653450728678","145;447;450;461;482"
16007,0.233841,0.041957,-0.977042,"028ed45fa92ca08eef3b3344e8a0cd0f85466a1882edcff10c3a5606da55c18d","145;447;450"
16008,0.244554,0.029330,-0.984147,"48fe113ff0ac7fbe3b5b6c6dbef74090875b754cc31ada77edff34aa1ad002bb","145;447;461;482"
16014,0.244094,0.027992,-0.980521,"01ad986bb08feebf7e21684cf3621c30944a124c9738593deebd0664d8d2cb88","145;447;450;461"
16015,0.242386,0.027320,-0.987243,"21af0163d48fefbf76216a40b361181019ca025c9ab849376c8c2564d1c2c288","145;447;461;482"
16016,0.062580,0.095726,-0.857518,"2bef4015f59fc427dba83c4caaa8d6b488aec60dcc78e4de2e5c94334e9cda8c","145;447;461"
16017,0.243717,0.027287,-0.979007,"01bd114ff0ad6ebe2e496844ff738530946a524c83985b7f2f9c040018d3c3b9","447;450;461;482"
16020,0.061047,0.097047,-0.862318,"047b7346728a3f70698c7fe40dc7a53436fd8662c0b0246c74a4218067b327a1","145;447;461;482"
16021,0.158348,0.072728,-0.920438,"4922c557440f6b1877a17754d32190fc7bcc6ecea9fc7d7c8ebf73006f8960a0","447;450;461"
16022,0.156911,0.070808,-0.923122,"b5ede75fee6be7de77f2fafe73f1dd3c7bce665efbf6ef327c2e65a0efdbd2f4","145;447;450;461;482"
16023,0.062869,0.095763,-0.859215,"117149a5324a6b30286073e757078b70368d14e6c590254cf4a42a842da30371","447;450;461;482"
16024,0.062877,0.096172,-0.854362,"c318b7b86be4b807ab59127dbc9e66fba533ff95974d92f117707aca98042b5f","145;447;450;482"
16034,0.106391,0.110497,-0.905997,"0320e60d5d9fa8485ff1d246c8c896ac7a2cfabd85f85fdd1e3adbc65f0c798c","145;447;450;461;482"
16036,0.105829,0.110867,-0.900554,"03a4475d7d9baaea5ee0d246e8e8b4a57f6cf2bda5f86fdf3e1edfc6dfac798c","145;447;461;482"
16564,0.165353,0.022526,-0.943317,"28f059ed494c797f2b01f4003f9f0410ea9777884abed3f5c7ff12127380c2aa","145;447;450;461"
16601,0.147587,-0.006968,-0.934295,"7cf3fd42b87f5799637fbd38db57cd3c95d4cc7a9b61fb17ebdf257fc2d3c673","145;447;450;461;482"
16696,0.160702,-0.060965,-0.956298,"8548d7e9e28b689e7e1172e09583e1687709265803b40750cc8e3744dc9821a0","145;450;461;482"
16700,0.018397,-0.063478,-0.866933,"7e6173622b505f6ca1c4b5ab4bdf6eb6fa95dde24c23bcc0f3f9863f67b7e676","145;436;450"
17163,0.119212,-0.096706,-0.926364,"41af6f44e41ced37e9cc7e4db3a89633a066646fd5fba44c663964884cf4f2dd","447;450;461"
17181,0.094093,-0.110044,-0.925652,"7f73fe66724efb78a9ecf7ef5edf8f13b6f5ff66c5f3b9cc53f963866fa26f53","145;447;461;482"
17206,0.073194,-0.145894,-0.926699,"2d33e5a39c2f4b9812fd1d5fd76d5b0a1d4c357f9b70fda0cd0ca5f4beef50f1","440;447;461;482"
16464,0.241312,0.070481,-0.973135,"2badd348d3f9a24f7b4168682af7c4b43bba821813baa8ff3f9c016ad3c6c6ac","145;450;461"
16316,0.076314,-0.109255,-0.920658,"390513a895e9474bfd02e9189ff33158d8a84a211823529ef1fd9219f059f002","145;447;461;482"
16319,0.106685,-0.128116,-0.934964,"2f3ee3e5745feb7b57ec7eeff93dd5a4fefc97ad89f075ce7fdfaf84cffc54f9","145;440;447;450"
16322,-0.052239,-0.070867,-0.839345,"3e31e2caf771b3da5f4dd5ef08bcfeac3f9b9791962a2fd45e5f3ceff74f3cd7","433;436;440;447;450;461;482"
16325,0.130104,-0.125399,-0.951937,"5f5f7ff6f2523f71bdca5fe65dffa665767dbfaaf1d1accefeefefc22fb6a5f1","145;447;450;461;482"
16329,0.039482,-0.111366,-0.888102,"a5b0fd53fc6df1995af93578d27d5c3b9d5a5738b376fa124f9b657cd1ebc6f3","440;447;450"
16331,0.030169,-0.109966,-0.891953,"e5b9b161ec4f87b97ae8317cd63cd5389754747fd174fd126d1865f4ccbad371","145;447;450;461;482"
16334,0.107333,-0.136579,-0.938420,"366f238e5cd3ca6857ecd94363c8bf2078a817efceb32c9f724cabad77af74e4","145;447;461;482"
16336,0.127972,-0.135695,-0.946542,"07bbfbe3f6adafd70e695ce6bdeff0607f6b179d93b8fcf16c1dbfe09dcab1f9","145;447;450;461"
16339,-0.008474,-0.091734,-0.867083,"4fae84918d3fa88a8ef38adfc5acd6ce454ff99d9758df928c17dff48c6d1914","145;440;447;450;461"
16344,-0.006279,-0.093637,-0.870715,"4321a9b098e1590f83e58c89b487535a51ef799d0e4bfed0d9149f398456164a","436;447;450;461;482"
16346,0.034307,-0.111553,-0.862829,"de372eb7aa2a1c7dacf693b5ef6f0b9ba7d7fdf77cc50b4cf2e36f952475a753","145;447;461;482"
16351,0.128624,-0.136697,-0.949026,"19bd6be9f6afebd256c95ce6b9ebf0207eea16dc93b864fdeccdaee03dcb71f9","145;447;461;482"
16359,-0.085716,-0.066456,-0.807540,"76c9163a89cd56c8873ca90946d26d9dc9e1ea524e635ab599d0457fd01fae06","447;450;461"
16362,0.063245,-0.138635,-0.904968,"d6cbbeb7ae78bc87ad168233cc2a25cbe357ebc374c58fe086f2df078470a506","447;450;461"
16365,0.026015,-0.131120,-0.900365,"989f3fbdb2c63937bc4c5eb7bd37a26126373dadf199216fe1a3fac02480a57b","447;450;461;482"
16367,0.029411,-0.129367,-0.888309,"5adc7ebc22c63fb6a546cea77dbf22432675fd87e08db1eff3e7fa8126f0257b","145;447;450;461;482"
16374,-0.026874,-0.114023,-0.856989,"d2be33e833e61ac2bd018af10e9e2454b79b1db1bb8d10dfb9f41ace80052537","145;447;461"
16375,0.083136,-0.151797,-0.946642,"3de9020e5ddfc2e9d6a8fd0a6ad87b24b8e8537b4e230a1f3b44057d532e7a86","447;450;461"
16378,-0.294490,-0.088469,-0.665104,"38737a4163db31506bec762c0e97c6b4369cc65087f3b04057c921e36b864ff7","426;428;436;447"
16390,0.066296,-0.162113,-0.912467,"9b713009ab9d94ddcff08c0d8e9c67e68609da57c701fed0ab590f3e1a5e09df","447;450;461"
16393,0.016229,-0.157912,-0.890304,"a8e96a4a5c81e3715800750a30c9341058a8027a623a0e7f7e092569578a7a8a","145;447;461"
16404,-0.004747,-0.159174,-0.886903,"b0afc39dce0ba5ef3ef6f2d201a2e05979ce6e8471ffe7c23ca2ff042178f1cc","145;447;450"
16407,-0.239981,-0.086873,-0.744648,"0e26a89bdbf1b9ca9f575db38ccf6f08db1b9391361e6af74f579aef974f3dd2","119;433;447"
16747,-0.015055,-0.096920,-0.857919,"5f8e041b39bf4a093f498bc5eb429ef49182ec949f897f3f8a571a579a072954","145;450;461"
16756,0.044282,-0.113298,-0.897691,"88b91dfab9cd11678e1da419bed72040c03bcb505a295a35ebd1107b10088d0b","145;440;447;450;461;482"
16765,0.133722,-0.121440,-0.945262,"d9dadffd26026f35714af6f679e3b07376ed3caee194a5cbf6eff6803db0e131","145;450;461;482"
16779,0.032048,-0.129200,-0.889563,"52d2febc3a96b81faf59dee73c9ea672a635ff85868997ddd6773a832e842d5f","447;450;461;482"
16807,-0.112055,-0.113896,-0.806674,"0a8c829bd5b5b8c71f075a13acaa36ccf92b9391369e12ff27769a8b974cb98e","119;433;440;447;450;461"
16810,-0.016849,-0.122248,-0.844692,"ff52fbe43616dfdc59c8b6ef7b5dbf74fed59dfd8da7a5eaf27dae960fbf707d","145;450;461;482"
16818,-0.086947,-0.127389,-0.820677,"32b1f4e77f4df86f6b4dfeab2d3f1c16ee9fd7818efad5c197fc9a83678667df","119;145;450;461;482"
16822,0.090796,-0.158167,-0.925640,"bcdd6cea1e4397f846b0956e5379e90159d4bf63e8237fbcf803e5be7f3b5433","145;440;450;461;482"
16829,0.183657,-0.101160,-0.985721,"d9df6ff6b2827ff434cef6e77967827176f75deee99f2d7ff2ebaf8025b2a679","145;450;461;482"
16830,0.014861,-0.147952,-0.885756,"ced3f9fa6c95dbbc8f79b5f3dddffc62deddbfdfd343eaf1dff9effc16aee5f1","145;450;461"
16970,-0.044345,-0.045574,-0.834202,"e8b5bc61bd5d55af4b3f243886394e328116ec103278f117efd71477d208c62b","145;447;461;482"
16975,0.202379,0.074264,-0.947810,"39b96b6af4854bf543497c6e33d1b0305caa16dcdb3a743f7e8da4e87d8af2b9","145;450;461"
16981,-0.094290,-0.089873,-0.813159,"0f72f3f2e35d37dd1fda7566bedfebacb7599612c774bae2b7d537afae7f8df7","119;440;461"
4461,-0.896145,-0.159113,0.796371,"8f5ae45f229bbbb07cc855e4fd6497ad1669974fa1d46fec467b6b801ea70b75","34;68;294;301"
6383,-0.348865,-0.079098,-0.607138,"35952dee9c264ff8404e9946507e3e60fdc235eeb9033b3f792eef9c397bf073","91;119;241;428;436;440"
12902,1.304531,-0.050738,4.218471,"0a95208bf5f7baef1f4d5d03acec3ec4dc1b939196b879fd2f559ac3970ebddf","312;319;322"
5046,-0.902383,-0.020285,0.374371,"683d3965344f673764ec7e4cf33580301c765c28e9b8710ee7ff251062e24679","62;68;266;275;282;287;294;413"
7813,-0.607666,-0.000274,-0.198511,"63a2ee9d6c8be85b7fbff2f7e1e8d6497f8d7f8daefbc7d11c3efb8cfdac73c5","80;91;241;248;259;266;275;413;426"
14088,-0.602563,-0.061832,-0.130175,"fc2db2fe9dafd6f8bfaea8196ef930d0d9e76b623867dafff3df073b527ee202","80;266;426"
14077,-2.457730,-0.524656,-0.936872,"ceac369ed9fdb6efbfb7ce19ecf62ed5f97feb13764ffbffbf761f7f9254a7ce","119;248;259;426;428;433;436"
14078,-2.224252,-0.484870,-0.878590,"0eb8969e59dfb0e8bfb7c009ecfe6eddf93deb11164bdbdd9d775f7f920c2fc6","119;248;259;413;426;428;433;436"
13158,0.880033,0.414803,2.528341,"a8ed704bf1d9f7ff37ad7c082ad5ccb4199ac65872ba60bf6fdc146b738cc6eb","315;319;322;324"
13159,1.786531,0.120819,4.619121,"29ca6349749be3257c4572c4a30894a45aa8064cc3bc642f24ee3240658ad2ec","315;319;322;324"
13161,0.868812,0.411663,2.514417,"a8b77953f3fbb0ff7b377db88addccb59b1ac63032fe681f2fdf1567c3c0c6f7","315;319;322;324"
13162,1.243576,0.378321,3.166145,"83d2079c6014a8f4bd5bd2d5f88ebecfec01fbcde5c513c3063ada840e9439dc","315;322;324"
13164,0.861299,0.414608,2.519523,"acb67953f2fbb2fb5f3775bacb6dcca13f1bc631b6fc6d576ecf35e7f7c8cff7","315;319;322;324"
13165,1.275289,-0.030878,4.156069,"6297ae96edddbd2589ff3bbdecec5e5bcfa7fb07d46beae05f12debb844e955f","315;322;324"
13167,0.868039,0.410697,2.527488,"3eb77871f27bbb7b3f677dbf496d8e003f9bc7b0b6f86ddf4fcf35e5f7c8cfd3","315;319;322;324"
9188,-1.897538,-0.739992,-0.360240,"2c5c7eed6477fff8544e7723715dbb297ed897eae0b6390c478be08577fb7cfb","91;259;266;413"
14961,-2.102213,-0.561932,-1.541177,"a4e5f967f46f47b877aeff08d375893059de666a79f4792fefbf2514e1fbc6e0","119;248;426;428;433;436"
15450,-0.133453,0.101707,-0.731655,"9aedfe7d83f23da7b5864eb139bfa77027ffb5817ad8a76febe77e83a7d4ad6b","119;436;440;450"
15452,-0.135016,0.101884,-0.733605,"9a8ffe7c93d23da7b7866ea12faf235027ffb5817cd926effbe7748327d4ae4b","119;436;440;450"
8269,-2.197905,-0.495695,-0.398617,"8fcdb79e9df686ae5e9bdb10e87c3defd976ba6375ec6baf2976df07927ff56e","80;91;248;259;266;413;426"
8270,-0.338132,-0.000748,-0.569221,"cf7a7d6522dc7b10efdc56e4f95fdfe63675f5eec794bfdf4fd92b842ea74d75","119;248;428"
8271,-2.567387,-0.570365,-0.968771,"42201eac69d9b049afb4c2098c9e62d2e83deb01060bc3d195700a3b100c2fce","91;119;248;259;413;426;428;433"
11313,-0.596220,0.047693,1.315308,"1fad614397d5eef957601d426978dca4bf2ad6afff383dff2e5f8fe37f86d884","17;18;24;34;44;301;315"
11316,-0.342444,-0.479128,2.139765,"096cc6b115bbe25677e1da46aaa9b2e479ae3e9da9f905ee9c7e9300efcc788c","0;34;301;312"
6380,-0.293329,0.074590,-0.578756,"c8be84bfede514a796ff807de6f942cbc176e913764fdb33ed365d7bca7c9cdb","91;119;248;440"
8263,-0.669226,-0.269749,-0.181445,"139f4bfe36a2eb779449dae679ebb0607eab17a9bb9b24fff8afaac0b5cab0a9","80;248;259;266;413;426"
8266,-0.683432,-0.274035,-0.180061,"119e6beab6a3ebf35449dfe671ebb0607faa17bcbbbb2cfffaefaac0bdcaf0f9","80;91;241;248;259;266;275;413;426"
7129,-0.315136,-0.111891,-0.670815,"58b178e5324b5b3906e57eafbf3f4210b6bdd5415938f11dffc521b574aa077b","119;145;428;436"
3256,-0.553651,-0.303316,1.598482,"6f36e493ee33bcdb5bff1dff486cdfafbf4fb7b7b576efd21e5fffaedffdd9d5","18;24;44;294;312"
9184,-1.901341,-0.737728,-0.359859,"b8fd72e275565af0516cff233b1d37c0fe9c95e2ceb238bff3cda085678f745b","248;266;413"
9185,-1.840565,-0.325643,-0.323026,"a5ede7cffc2beffc7ee2ff52d0e09d657bce7eeef1f1edfe7c3ee7a4fffbf3f4","248;259;266;413;426"
9186,-1.840962,-0.326781,-0.317714,"3020f7cd5d4fe148efb0f60ab290346678ac7aa809f3f3dd1538c33c532875a4","241;248;259;266;426;428"
12119,-0.101023,-0.184725,1.503387,"a1dd14de5dddc6e4d640e842f2f830e5d87a124a692a5abf21be041a5a1ad88e","34;312;315;319;322;324"
12120,-0.106763,-0.194249,1.591609,"31cd33de5dc447e4d440e80273d531e058e8126a49a37abf31ac8418713b70a8","34;312;315;319;322;324"
12121,-0.117214,-0.195897,1.618241,"21dd14de5d9d96ecde0a6902f6f828e5d96a324a6f2a5abf25be451b5a3a588e","24;34;312;315;319;322;324"
12906,1.295400,-1.526730,4.589787,"919f7de9b4266fba544adef6d923b8617fcf3eeef99865ffe4efaac43dc9e139","0;312;315;319;322;324"
12907,1.756466,0.129324,4.486288,"29fc3f7570ce7536680a7e4cb7178031843e162ae1bc302f67fb3000489042b9","0;315;319;322;324"
12908,1.249395,0.599613,3.189243,"83df6a1c70b26ff7f44c5ee670e6b675766e36acf59b246f7c2eaac025a0f4ed","0;322;324"
12909,1.858197,-0.807938,4.159416,"8632f493ff79b8c83ff9b1ffccfecf8fff9fff31b673cbd09c164fffdf6f0f97","0;315;319;322;324"
12911,1.723033,-0.748008,3.873344,"8eb2f491ef19f8c81ffdb1ffcedecf8fff9dffb19663cfd09e58cfffdf0d0fd7","0;315;319;322;324"
12912,1.779742,-0.671038,3.940010,"2d137d65245ee338706d776cdb399a311644146ed1b07d0c46eb60846fab52f1","0;319;322;324"
12913,1.761058,0.125944,4.520563,"01de5b4f74adebb67c0b7e44b0b3b434372a060c83bc207f66bc32804ad243a9","0;315;319;322;324"
12916,1.215176,0.373081,3.097687,"1a5c7a7732f2b066ac4d7ea33c9ea6a0b63b978105b9246fc0e53a8365022fdb","0;322;324"
14498,-1.998252,-0.541597,-1.479627,"2c857d65f44b65bb76ae7e08d3759130599e6e2869f0711e6fef250463f8c6e0","91;119;248;426;428;433;436"
7131,-0.127693,-0.084869,-0.797022,"86b49413f96db0cfbabb2119ccf64a9f911fea10367cdb538d16557fc0448f97","119;145;433;436;440;450;461"
8736,-0.691414,-0.281994,-0.171027,"319f6bebf6a3ebff5741fde671edbc607faa16bd9bbb2cbf7acda2c0bdcaf0f9","80;241;248;259;266;413;426;428"
12409,-0.291305,-0.840840,2.114612,"0b97428cb493feff1d0c5ce76968b6445ea397e5d69844ff367faac23f8eb8dd","308;312;315;319;322;324"
12410,-0.028656,-0.300655,2.201762,"0d993143f4dfe2b04d783f6ad618fce4b108166a95b829150e9c2176da8b5985","17;24;308;312;315;319;322;324"
12411,-0.034518,-0.296835,2.188410,"0d117281f6ffe6714d781f7e5ed8bee43328162b95b11cdc064c21663f8fd995","24;308;312;315;319;322;324"
7814,-0.601746,-0.002483,-0.200385,"0122cfbd7c2be86b7eb1d2d2f1a090497bac6a8db0fcc75d1c2afb44eda871a8","80;91;241;248;259;266;275;413;426"
7818,-0.297585,-0.094217,-0.655544,"85d47dfbac0fffbfde7b3476dd7f9861ff437f6ff3746ff7eedbfff41cd881f1","145;241;428"
12413,-0.277958,-0.815809,2.033709,"0bdf628f7693fef50d4c5ee76948bec47eab97c5d69805ff767daac23f8eb9dd","308;312;315"
12415,1.674611,-1.021193,4.640104,"0ffde69ffd5bfeec3ff6df0fecfc3fc5fbefffe7f4f3dbffbe7ecfbf9f7ff9d6","17;18;315;322;324"
12416,1.316192,-1.584483,4.694761,"099d7bfbf4affb575f495e66bdbfb060ff3b179d93b820ffeedfbec096cab1f9","0;17;18;312;315;319;322;324"
12417,1.262635,-1.288173,4.099125,"4b52fff5243af917eccb1ee6bd3fb56a66373f9d81d8a5c0c6fffe808ef03179","17;315;319;322"
12418,1.289734,-1.538958,4.581938,"0b9f7be9f4a7bb775f495ee6bdbfb460ff3b179db3b825ffee5dbec09ccab1f9","0;17;18;312;315;319;322;324"
12419,1.244184,-1.283488,4.056227,"4b1abff7a4a4b917acd91f64bcbff56aa7373f1d91d9a3c0ceff7e828ec02179","17;18;312;315;319;322"
12420,1.683859,-0.804460,4.424922,"19cf47eeb6024ff94440dae67363b0607ee61ceec9bb2d3df0eca7803dba7029","0;17;315;319;322;324"
12421,1.801625,-1.748784,5.009244,"cd94a5dfa426ed3bdd5b5f56dd62b86f5f063fbdb9d47fc28cfefec49ee8f171","17;315;319;322;324"
12422,-0.420193,0.225179,1.540807,"2a18b6d8adf5d84b8f1f9c010cbf67ccc93bbf910e0b32d19b5edbef924c7c4f","17;18;44;315"
12423,0.926832,0.101191,2.817047,"abdf665f7793bd755d7f75b62808b6e56e2a824ef7fe7cff267b52a35f9ce8dd","17;315;322"
14968,-2.015501,-0.547169,-1.458425,"f030786570ae6113312de619b307025026bc4d18389cd10fc7ad3040608046fb","91;241;248;426;428;433;436"
14969,-2.088690,-1.165009,-1.433041,"f6f4b4c6df279ee813aa993a6c7f4d07ddd5d9a3e86789ae3b0ecdbe857b3293","428;433;436"
12667,1.266851,-1.313886,4.162660,"831aedf920a7b9101ef857f69d1f9169463d3f9d81d467d0c4fbfac01ca111f1","0;17;18;315;319;322;324"
12669,-0.276022,-0.081151,1.428268,"0b9c679df7f3b867bd5378b76cfe3681ef2b9385b5fb16ff3e7fdac3df4cabdf","34;319;322;324"
14072,-2.022480,-0.889648,-0.415902,"a55c6fdf6476ef50d4ce7706707cb56f5e7c16eee1b475ee442ae28075fb70f5","259;266;413;426"
9624,-0.631874,-0.244813,0.040240,"00a0869d1e8ba04b76b1e202e4e2204879ec6ab802f9cf5d9c22df4431287188","68;266;275;282;287"
9625,-0.986650,-0.046169,0.446903,"6931f94f5954511d63cde5043b56ceb69cddc4a88f42f24143f910284b826efd","68;275;294"
13152,1.193237,0.571269,3.065730,"82df6a5c7692ff7774ce56f770efb6607e6e17edf09e244f662fa68125f0f4f9","315;319;322;324"
13153,0.875043,0.413153,2.512000,"7ce910a0d9dd52cc23aca8090fda439098ddc4705e0bd8b5bbd5057f62068e0e","315;319;322;324"
13154,1.171666,0.567711,3.018015,"181f6a6d7612bf7774ce5ee779afb6c07eee97adc4b825ee762fb6816ff67cdb","315;319;322;324"
13155,0.873919,0.412841,2.506758,"28ed5860d0cd52f533846c0933d3421018fac7505ebad83f7fdd25697382ce8a","315;319;322;324"
13156,1.014028,0.152780,3.710217,"010793ff74a0a953be095b72bdfbb06ae63b3f8d139a82c1c4bcba889cc0a1a9","312;315;319;324"
13575,-1.883354,-0.341851,-0.352866,"d7ffc69ffc33aeeebff2dbf7eceafbc3ffefffe7fdd7cfffbc36cfbe9d7fbbd5","91;248;413;426"
13578,-1.883533,-0.632981,-0.316798,"3c547eec64777f78544a7506535dbb617cb897aae9b63c8c57cbe18567fb7cf3","91;259;266;413"
12918,1.640629,0.114204,4.213751,"01ce535b748feb377c0b7e74b083b434172a060ca3bc007f64bc32804a88c3a9","0;315;319;322;324"
12920,0.979209,0.253158,2.853575,"0ca51973f3e931e3ba3529389ef74839a31bc4103258aa17cfd73577c04287e3","0;315;319;322;324"
12921,1.895560,-0.899124,4.989392,"f98747cd34026f7d65c8fee67363b0f57ee43ceee9bb258db2eae3802fba7039","0;315;319;322;324"
12923,1.719750,0.111857,4.480379,"81ca6b4974dbe335764572c4b38894a03a28024cc3bc653d242c3240658ad4ec","0;315;319;322;324"
12924,1.842469,-0.876404,4.857257,"f9d347cc64166e757548f6e67323b4f57ce43eeef9bb258d32eae2802faaf03d","0;315;319;322;324"
12925,1.756900,-0.826091,4.621326,"f99347cd64166e757548f6e67b22b4f57ca63eeef9ba25cd36eae2c02faaf83d","0;315;319;322;324"
12926,0.871173,0.234352,2.574601,"1ebf3d53bbffb3f0fffdbf6c5c76c6b5a777eed2b77939f45fd365e7c3078ff7","0;315;319;322;324"
14973,-0.315110,-0.002444,-0.601280,"de33f281f3123e5129ec57f74deeeed636fd87f7f490adce3e752fc7afa6afd5","426;433;440"
15455,-0.141621,0.043378,-0.647415,"d141dca52a0a5d3d20b6a285f733015306d55dee68c5510ce0a36f1424f2232a","119;145;433;436;440;447"
15457,-1.961056,-0.507152,-1.416339,"d4fc9fbfbaeb17efb6b7ca39f7f7685bf3776d0278cfcb3ff9e77f39a071a562","241;426;436;440"
15458,-0.135189,0.101979,-0.732570,"c9bcaf14a0ecadb7fc5bce50bcb6d07b25767b9db1cdb2627d2f7ec08050a379","145;433;436;440;447;450"
13149,0.895505,0.418779,2.546138,"56a194928be9148fab318989cee24ede83d7ed111e4bdaf199165f7f80478b06","315;319;322;324"
13150,1.267423,0.372189,3.229572,"4b99131523dc3d37bd494640bc9682f4a62f7e8cc1d83145c5f67a800a84a57d","315;319;322;324"
9627,-0.540271,0.110364,-0.137859,"05cfc98f940f6eb876e24bc6d163996059cc2aeee1f05d2e6c2ee7042df36090","259;275;413"
14494,-2.034166,-0.546261,-1.495337,"8030797170ee61137d2d7710b31780582ebc44183abc710fc7af3040e08046eb","91;119;241;426;428;433;436;440"
13171,1.187149,0.483947,2.792024,"c1cb1f5f748e66b478087244f6719570966e7e6ee1bc996f25be260048b24329","0;319;322;324"
13173,1.830651,-0.792230,4.116219,"9672f4816f1bb8482fb4b1ef8d9ecf9ffe9dffb19677cfd09ed08fffcfac0fd7","0;319;322;324"
13175,0.903171,0.242119,2.664685,"0cbe9141d3ff33da7ff93c781c3745bc27dbc6901378b9765fd635e7eb538fb7","0;315;319;322;324"
13176,1.794658,0.099853,4.642553,"890a3f7b74efe990fc5e7735fb09b779a320266ea6b42f7d46bb7080529165f9","0;319;322;324"
12404,-0.270584,-0.817722,2.019135,"2bdb028f7493bef5554858e76808b6c47e2297c5e5b805ff267daa821f9ef89d","308;315;324"
12406,-0.278447,-0.825730,2.051052,"0b8f46baf693bef7150d5ce729e8b6407eab9785d69804fd7665aac1378eb9cd","308;312;315;319;322;324"
12425,1.619202,-1.644764,4.679505,"cf96eeb3a432ac1195dfd7f7cd6efe4b6787bfbdb5d48dc28e7bfec4ade4b955","18;315;319"
11312,-0.144829,0.288435,1.426753,"f2ac129819e5124a8f1c8819aed26794c1f1eb412e0fd2ff91500b3b10052f8e","17;301;312;319"
11310,-0.757776,-0.140096,0.945295,"6bb664127bfd99b28b7d9dbdaabcdeb78f93dd15bf6bfeb55f5d19ffcf8c1e77","24;34;282;287;294;301;308"
