mp_id,mp_x,mp_y,mp_z,descriptor_hex,observations
536,-0.037626,0.073481,0.257560,"7c219860d96d511ba3bdad1917b74b1a91dfed101a4bda00dbc5357da2618602","0;1;2"
541,-0.038295,0.073828,0.258776,"40fa11b2788903ecaa3480e9b6d34850875b4c43424bca35fc903f7a0003076b","1;2;34"
542,-0.036659,0.072174,0.258591,"3c0211bc28cd0158a40ce168f7d3211198284e220807421dd1802138502307a3","0;1;2;3"
548,-0.060567,0.072717,0.264037,"4aabe214e370bee6abd55ca92cecd796267ff1c5165b86e13a704eabc7f5afde","0;1;2;34"
550,-0.065022,0.072597,0.266318,"25af5143f0bbc2e86aa13948e348ddb4195a4278977a6d3d2e9c0574c383caa4","1;2;3"
551,-0.064980,0.072877,0.266573,"7ab4b864a95d15bf7b7fb4b90a3d5ebf97d7fd25fe4efb139b7f55ffc2e4de5f","1;2;3;34"
552,-0.092980,0.077446,0.261195,"62b4b970f9fd9843abf9bc391e9d46388f9bd511976bb2d35b5c1dffc104c7ff","1;2;3"
624,-0.035956,0.034748,0.349492,"41309db009ed1113eefba05c9e97402b85576819336d9300d9d1563ac8408333","0;1;2;5;6;9;10;31;33"
625,-0.054327,0.031603,0.349480,"3522ca85560be24836a1424ac320508878cc62bd28f2cd1e1c26e70465285a80","3;5;9;31"
630,0.003386,-0.036747,0.358005,"b1aecffffeabedff77b3f2f273e990797bee7e9cbbffcfffdcaaf7c4ede8f0a8","0;1;2;3;4;5;6;9;11;14;30;31"
633,0.084463,-0.137748,0.362165,"57c1abc1d456ebc572edde0250b4fe6479de3ad8d8fba5e27d2cbfc4a582f464","1;2;20"
638,-0.047271,-0.022907,0.363566,"dff72c73a9561db5e1fe97b4db179abf0556fdfeedc53d2ce3cbe5952ad4ae77","1;2;3;5"
639,-0.086757,0.031599,0.364107,"0720d7ed6e0be8483fa0f3cad48b9508fedd7fcf81f3cbdc94baebb04cab21a1","1;2;30"
640,-0.007745,-0.035889,0.357455,"95aefeffbe2befff7fb3f2f2ffeb99697fff7faef9fecffffeeef784adf8e1a9","0;1;2;3;6;11;13;15;29"
646,-0.048130,-0.023524,0.363363,"ffdeee76a9745db7e1de97bd5bfddebf87f7fda6fd47baa2fbfbf59feef5fe77","0;1;2;3;4;5;7;11;29;30;33;34"
648,0.061058,-0.122497,0.367326,"2fdc67df6df6eff4ddce5f06797cbee5fffc36efe5f27eef377eef803fff74f5","0;1;2;3;4;5;9;10;11;12;33"
649,-0.052557,-0.017547,0.357749,"7b32ee7c3bdf595bf3fdb42f6bfdd6bebeb5fd048d63b79ddbdb71bf6fac7e7f","1;2;3;4;5;6;7;9;10;11;12;13;28;29;31;32;33;34"
653,0.057800,-0.129577,0.373802,"5f1ffebe72363ad4b78ddbe76deeb3cba7ffafc7a4d3aeebf2736b89b6f62d55","1;3;4;5;9;10;11;12;16;33"
656,-0.029728,-0.035065,0.361090,"cfbfafdfbab73fbebefa5ef4fdf79b6b377f7feef1ddafff6e7fff8c8ef58179","0;1;2;4;5;7;14;31"
659,0.047466,-0.121441,0.371199,"2c11fee5f456fb9546edfe0359bd7aea7c56b7dc90b9b1804feda6c5a7bafcd3","1;3;4;5;9;10;11;12;33"
558,-0.112648,0.076501,0.266848,"5e5b7b66625e3f7069cebf6c5e3f8fb3b6d5d5e2c193b068f3d966824bf727f1","1;3;4"
563,-0.116278,0.072625,0.272586,"662cf6f1762bfa607fa2f38acf6a5518fbfd7f3130f4cdca9efecf46c5e94380","1;2;3;4"
575,0.123584,0.030866,0.303424,"09306fc147d6f950646cd6a6991d92e86e9cbfcc87b075c05769a2812f8c7cf3","1;2;34"
495,-0.023865,0.073191,0.224225,"7aaa90b219a9108e3b31a0f9af83489881cbec103e4ecb339cd6197f92450b0a","0;1;2"
514,0.006171,0.072205,0.249301,"2d636145540f673875a0fe425301953458cc466ec8b2650c67ec810463bb52a0","0;1;2;3"
602,0.024787,0.032892,0.333888,"25717945500fc73870a4bf08d315cd341cdc447ac9f2f90e6f8d253463bb46b0","0;1;2;11;33;34"
605,-0.015210,0.031284,0.344423,"4832875d288ba858b6f8c2e4ede3c042776c6a0881d18b1d4e6267800aa02391","1;2;5;6;30;32"
608,0.072753,0.100410,0.347272,"295d3bfe5dcd57f6cd40ec08bedf2574c8fa5b4849ab72fff3fd901a521954fa","1;2;3"
609,0.071755,0.100077,0.346407,"38dd37fe1dcd5567df41ec18beff2474c8bbdf006b2b72fff3fd121b5218e5ba","1;2;3"
611,0.036221,-0.036443,0.347067,"bdbeefdfbe37defe57faffff73fd9f617dfeffaffdf7efbffaeff594effff079","0;1;2;3;4;5;9;11;13;14;15;31;32;33"
613,-0.024508,0.030937,0.343418,"6ea29eb0ebb9b8c7bbb735b90caf429aaf9be391367a8ad05fd35defc3448f93","1;2;3;4;6;32"
621,-0.033475,0.032549,0.347188,"d87095f029cd5555abbba019bf97401b8191ed104b47b220d1d1573a0210877b","1;2;5;9;10;34"
577,0.110028,0.030960,0.305501,"7a307a886b533940ad44f7ab1c96a274ee95dfa10d83e0c4d3318abf07062d77","0;1;2;3"
579,0.064024,0.030576,0.307446,"24200b404c4fe2406c2cf70812932c10f8944bea08b3014c532da235410a7ea2","1;3;9;31;32;33;34"
582,0.064668,0.033035,0.325060,"29216b69594be948a400e900198730b078095b6e00a3514457e9020c738262a2","0;1;2;3;11;32;33;34"
583,0.053989,0.032277,0.321431,"76403ae80f131a404524c70a0f1a2964fa95dfe34c93518cf3d18a13352b3f06","1;2;3;9;33"
585,0.076062,0.032844,0.326350,"53320381420628402ce8c2e78c8693e0a60d5ae58591854c9420aa822c0623d5","1;2;3;34"
588,0.076463,0.032887,0.322001,"43302b414244a9506c48c2c210969474649c7b8d8193b5401528aa80050037f5","1;2;31;32"
589,0.078203,0.033753,0.326024,"63212b887c02a9486c40c286948294604a0c5aed8183f54454288a0c0c0231a4","0;1;2;3;31;32;34"
13,-0.153386,-0.004515,0.389444,"0a2078606058d910294234808f0f1610ae919581802020c0c3d902a1478447f1","0;1;2;3;4;5;6"
14,0.138389,0.096220,0.534655,"cf7af0736bfc3994af5d17b58d9fdeffa619ff578744bee047797acb8e978ff7","0;1;2;3;4;11;34"
19,-0.000223,0.075580,0.225676,"f8b4fa78f2e971673b3f6d381eb74210b39be510325fa813dbc7357ff04086e3","0;1;34"
30,-0.056282,0.076963,0.253115,"02b4b051f3a5b8c73bbb08198c9f4414851bd311125a92d30f141fef824487db","0;1;2;3"
31,-0.048258,-0.023564,0.365018,"dfdf6f72a9765db1f9fe97b55b7f9ebf87f7fda6fdc53becfbfbf5d7aff5fe77","0;1;2;3;4;5;11;29;33;34"
43,-0.083362,-0.135549,0.410328,"89a69ca57c3f623b40a34f54e522c2a7494e002c35d8fd8aaec7b320aaea0b8c","0;1;2;3;6;7;11;29;33"
48,-0.011938,0.072099,0.253127,"69ae6b65f40f67b771e27a4df329101019ee442cf9b8452feeff25006fead208","0;1;2;3;34"
51,-0.213107,-0.118520,0.442506,"ed1bb9fffca013131ac95576bcffe16ac67b3f11b348eba2cefd2eca9ea911f1","0;1;2;3;4;5;6;7;9;10;29;30;31"
55,0.112563,0.100562,0.506310,"5d753964344c571868e8bd089f97493094dc5c6a4923f80af3ed233c48b34373","0;1;4"
59,0.192573,0.091859,0.537004,"38ade125456bf5276ae6aa09ab2c5612a8af6305dcbaf102cdcd5421654c57ea","0;1;2;3;34"
69,-0.087499,-0.111420,0.403588,"886991d9b5d5a5dd1e895442bc97e1ec583a125843bc79f3ad949e22921c95ec","0;1;5;6;11;12;13;26;27;28;29;33;34"
72,0.006782,0.072147,0.249096,"2d675867341e6e387ca87f64db2199b0164c446eedb06d0ee6ff21844ea34a81","0;1;2;3"
73,-0.001033,0.073056,0.247651,"56a49db4896c508fabbb8b19c6ba485a81c76d111e49cb0099f65fff80608b06","0;1;2;3"
75,-0.268696,0.097667,0.613059,"18006b3932da6903354546b0ab8782fc723ca8180a9c251dc2e7104126842c68","0;1;2;3"
85,-0.025627,-0.137769,0.396031,"12a0d4f5158a48a83b9062026beb5c16bbfd31c00af49bd18ffac70727a2500e","0;1;4;9;12;26"
89,-0.095653,0.080173,0.568410,"7cccc8e61d4642e853a4a20a63791191f9e4c5e268eb59aefbefc515632a7e0a","0;1;2;3;4;10;11;34"
94,-0.061501,-0.103583,0.397986,"4e15b495e576bc8f1bff1e33cc3e566be757bf9190d8f9c02f7fdfc78674b557","0;1;9;11;14;28"
98,0.066126,0.074612,0.500994,"77f1e5064b5cb8e8abf1018f5cfc4fa6afd5f3f7c743bec11d284ffecd2603f6","0;1;2;31;34"
100,0.169294,0.079928,0.580182,"89f9bea36e8db3f4eef8f64dbf995002ae6d7f5dc2ebd320fdc926584c0a53eb","0;1;2;3;34"
103,-0.027619,-0.119368,0.389939,"6c13fe4cac52f515c48cfe26d0f9a6425e74ae78d0a1e3086aad2699d6baf473","1;2;3;5;9;11;16;33;34"
111,-0.040530,0.071596,0.498752,"61f9995d89dd44cbfaa8e048d6f644f2c17e68080b6bfb33bdff05384020c6a0","0;1;2;3;12;34"
114,-0.070960,-0.136110,0.408705,"3288da94540be8ea1bb7a00b646a7511fbe30381226b08ef9c96df2585285b8a","0;1;2;4;5;6;9;10;11;24;32;33"
115,-0.026908,-0.112069,0.387197,"2ed1e6c5e556fde54d59f623483db6cfeed7b7f2d4fa25e07e7bf6c7c77ffcdf","0;1;28"
117,-0.088251,0.075450,0.238510,"d0b115568b4c45adab33a31856f7483f81d66c087b4fba41b9b2557e40108622","0;1;2;3"
120,0.027141,0.073929,0.248338,"7861942c19db5048a7b4a909e6c14a96906ce8700e63db1d9bf1013f422e4a02","0;1;3;34"
121,0.013823,0.028883,0.334199,"fe4d66a7c752eee021e4cf8b416c37873af4f1e368d3bdae3361cd0527ff76d4","0;1;2;3"
123,-0.140862,0.099640,0.378043,"5ca4de60a37e799abbbfb7185f37481bb7d5ed3238d7b940dbdb7755a2f16f23","0;1;2;3"
135,-0.040957,-0.128948,0.401691,"ccd2da41bc10b09fdec1b6f5c0e9eeca5746aa1cb7edd3c26a3d9645cedcf918","0;1;2"
137,0.192721,0.092165,0.536759,"0afb32b0538db577bd0d42172c9b6284a63bab15d2bd12e7bd561e4b4204a56f","0;1;2;3;33;34"
138,0.021041,0.034084,0.332071,"7474fc65024a57b820e6efa957770b1232d46d6a48f0c908f5a7651464f30663","1;2;3;11"
145,-0.038101,0.074257,0.259373,"7c31d8e4f968511b23bd283917b7491a91de6d101a42c200dbc5353da2e10633","0;1;2"
147,0.007608,0.075760,0.238162,"19535f2d364a7b30644876e4df01a0e036348c6bcdb0250ce0e1228064a22921","0;2;34"
150,-0.088455,0.075355,0.238640,"40e09356ca4807edbb37203856f74c36b3df6842534faa73b9b6557e40128722","0;1;2;3"
151,0.213167,0.082518,0.520333,"1d28ec776412ef3876f27782593d93697fcc37eea9f0ed8c47eff784e7f570f1","0;1;2;34"
154,-0.019609,0.073018,0.252414,"52a08db099cd408fabb982198792405a81c76c111f4bd31099f01f7f80008306","0;1;2;3;34"
156,-0.077382,0.077488,0.572119,"07ba8d9bec8da9c09e195044f4e26988cd6b2255035aca710c10ffe898081989","0;1;2;3;33"
168,-0.009100,-0.136460,0.391171,"e419bb5eadf08703cf8dbd30f2f1a56ec8727c0a182beaaa41bc609bd26bf467","0;1;2;3;4;5;11;12;15;33"
170,0.006390,0.072273,0.249123,"6d677965340b4e3861e0fb4cd3299f3098c44c6eccb04d0ee6fd25146abb4200","0;1;2;3"
172,0.122135,0.096853,0.658591,"43a8ac95aa80bd8fbedb12d5dceede6b8767799df64dbe714c3afffe8c40817d","0;1;2;3;34"
174,-0.022816,-0.120802,0.390162,"ecd27a403e5ad39cc9c8b636d8ddee625e5cbf78e1a7f0826bf925dc67b97473","0;2;5;6;17;29;30;31;33"
175,-0.014726,-0.121235,0.389446,"98d8fee375d47910e7dc7f027bdd5362eef5b7d88abcbbc15ff9a3c1278674fb","0;1;2;3;4;5;6;9;10;11;12;13;14;15;29;30;32;34"
178,-0.040625,0.072618,0.499491,"6130996d295f62187ee8ea48d6f440b0995c6e080972fb138dff253c402a46a3","0;1;2;3;4;33;34"
186,-0.071293,-0.101984,0.397894,"0e15f6f5e577fd7715ff7e33d93d3b2fef56b781b4f871c84fdbd787e7fcfcd3","1;2;3;4;5;7;11;12;13;14;33"
189,-0.028697,-0.023876,0.353608,"8f7eef67a27ebf9071ee7ff5d97d97af365dd56ea5d4bdea66fb6584eff74ff5","0;1;2;3;4;5;6;7;9;12;13;14;15;28;30;31;33;34"
190,-0.038130,-0.120536,0.396102,"31b38d8464df41f00bfc3cef7644cf96fcf986458bf27ac99800eba2492a4efd","0;1;2;3;4;5;6;7;15;34"
193,-0.032399,-0.136848,0.399524,"7cfb96e75dc0f2c0c3bdbb676a994d42e8d46f524efb8ba11ed487476b0e7c9a","0;1;2;3;4;5;6;11;13;14;15;17;22;34"
194,-0.031141,-0.144197,0.401058,"2c56ffc5e612f73154c277e6d16dbd445e74866ae9b4758a66efe084effafcb1","0;1;11;12;14;15;29;33"
197,-0.026535,-0.017475,0.352554,"d82c9e74a86c5507b29ba618bfb7401ba3f76d00384f9200dbeb7419e040872b","0;2;5;6;7;9;11;12;13;14;15;30;31"
198,-0.083407,-0.143846,0.415793,"4d7510e26d543ff889dc1d0c8dd7eb27c640df6ec003bac077d907af1abf2bd7","0;1;3;4;14;28"
199,-0.086985,-0.111972,0.403900,"89b4009b7d95abffc77b5416acf2fa86490a92adb71e5ed76e559fee1e8cb995","0;1;2;3;4;5;7;9;12;13;27;29;30;31;32;33"
202,0.047642,-0.138983,0.378627,"e909b1befd78468a53cb507abebcf1eac07abc41af6ce3ab877d38bbf65d546f","0;1;12"
205,-0.051122,0.030370,0.351539,"722052e96e09e8486d20f38a8f8b54966a8d7f8908b3c5d094f88a31658a4b84","0;1;2"
208,-0.103410,0.030010,0.365853,"cb6070e92c18fa302d60d6829d0f9461a6957fefe094e5cce6f9aaa026845335","0;1;2;3;6"
211,0.039070,0.074120,0.245436,"4332174d6b9b3818afb862ececc6c4f6b63d686487d18b5d043841ae4aa403b5","0;1;2"
219,0.170585,0.079805,0.582819,"91f957b72aca7cf5ecf0f260ffdb40232e7d7e434bf9db65ecf06e006c8221bb","0;1;2;3;33;34"
224,-0.141833,0.099300,0.378919,"7cb4de60e17e78daabbfb639cf3b499ba7d5ed32187389c0dbdb5577e2f16f03","0;1;2;3"
226,0.212256,0.082693,0.519117,"0d29ee676412e91867f0f782590d956a7ecc7fee88f0ed884eebe38567a770e0","0;1;2"
229,0.117840,0.092197,0.524539,"d77e01a630164a9879ead2ecdfc2d3f516cd14ffed56eceab078afac0cb71b55","0;1;2;3;4;34"
236,0.122852,0.097097,0.663794,"f095ece5bc6acf3f10ee9eab732d920319f67d2f79eb6d0ef827ed9565fade78","0;1;2;3;34"
238,-0.086798,-0.119718,0.406881,"225c7b485dd75647cfc4bc0a2214a77448b09218cfaf70de331c941b139adc6c","0;1;2;3;6;7;9;10;11;12;13;26;29;30;32;33"
239,-0.087470,-0.128420,0.411990,"ad71e141cd67c7d856f0b44a5b55ddaf58d8926ac3627db05549e53453ff54e0","0;2;4;6;7;11;12;13;27;28;29;30;33"
240,-0.069782,-0.103902,0.396940,"4ebdb2d0bdfcbeaabffc9e23acfe57e7e757ffd1a649fbfdbf5bcfbb86553d5f","0;1;2;3;4;5;6;7;9;11;12;13;26;27;28;29;30;31;32;33"
243,-0.158419,0.100510,0.630130,"3630eb784bc591c89f5dd0bf10dc7718fd99f7d18ee7f2d15b08d9fff50d76d3","2;5;9;10;29;30;33;34"
245,0.137645,0.095045,0.533679,"cffef2f0ebfcfdd3bb5e14b58ddfffffa75bff97e745baf2c7597faf8ef48ff7","0;1;2;3;4;9;11;31;32;33;34"
249,0.010539,-0.138252,0.388251,"68b35ec22db296f8c09aff2582b96cc2dd5e8d2248e3d8ac4ab7761f4acb7c1b","0;1;9;10;11;12;15;33"
250,-0.024547,-0.113424,0.387774,"4efeb2967d70bac2bf5e96a7ac8e67c3efd7ff87e667abe39e758e8f061d3d5f","0;1;2;4;5;6;7;9;10;11;12;13;14;15;17;26;27;29;30;31;32;33"
253,-0.000902,0.072752,0.249062,"40bb9cb1a888018fbabd8278b6b2c25a81576c111249cb31d8b77ffd8040872b","0;1;2;3;34"
254,-0.039912,-0.114284,0.392443,"3a75f0ebaddcff1fcfef7f130fdf57ce8efdf5d3deb0fbe2a7dd8f8be7dfd457","0;1;14;15;29"
264,0.194503,0.092455,0.540812,"0bfc32987381b567bf055aa72c9a22c4a62b8395469916f77c141ecb3e04a15f","0;1;2;3;33;34"
270,-0.080809,-0.113137,0.405802,"9248f69547ace967ab947a076c8a24d6eaefa58148fc12cd99f2da02032475ee","1;2;3;4;5;7;10;11;12;29;30;31;34"
277,-0.214231,-0.100632,0.436202,"9bfce2e376926bd23779d6f6398fd2446fcf37dcebdeade35eedbec42f847079","0;1;2;3;4;5;6;7;9;10;28;29;30"
284,-0.075596,0.075541,0.239149,"38e35a62728b73fca3246cad6fc32a103699c5604233085f728520a573824e9b","0;1;2"
285,-0.087581,0.074636,0.237981,"58eed346526837dc22a56da83de7c954375c61ca0213a8337da425ace2f327eb","0;1;2;3"
290,0.012489,0.074789,0.249541,"1e47ee9613823ef0bcc44e874de73bc0777db3e764d10cee7a67cf8126b72d50","0;1;2;34"
292,-0.213012,-0.138318,0.450559,"ad5a6dcf6412eb3054ca75e6714db5e55e60166ee1b46dae462ba2803fbb70f1","0;1;2;3;4;5;6;9;10;28;29;30;31"
294,-0.086993,-0.112460,0.405075,"0b95209afdd5b8eb1f7d1d178cdceea4dd029b1cd72b7ed71f5f9bff9e0e9dd7","0;1;2;3;4;5;6;7;9;10;11;12;13;26;28;29;30;31;32;33"
303,-0.015480,-0.120801,0.387549,"683572e23574fd79554ebd36b91dba615e9a9faaae23399f73dda2ad27dffc53","0;1;3;4;5;6;7;9;10;11;12;13;14;15;17;26;27;29;30;33;34"
308,-0.012491,0.071775,0.251910,"29a8e25b55bde0577705671c2aa196bc59aaa218bbfaf2b70f7fd041dbccdebc","0;1;2;3;34"
309,0.117565,0.092211,0.527495,"077e45a5643e6ab861ea58ccdd0a93bd96cd14efed907dac847aab802cf712dd","0;1;2;34"
310,0.123617,0.098731,0.673493,"7047ece48c0e5d3500e68e0f732d120338e67d6ffcedf10af3abe51165fade5a","0;1;2;33;34"
311,0.201186,0.087017,0.562824,"a3b659d95e8db17b9e3a747e90f501255db857b9b37ee25f4d1ea1eed92852b3","0;1;2;3;34"
312,-0.043066,0.073203,0.510449,"60bc1b7d39cd7057fea9ea48b6974030803e6e0003f9f233e5fd303b4000c7ab","0;1;2;3;4;30;32;34"
314,0.123473,0.100187,0.528501,"3d01fd6fe45fdf1841f87508db7d3f3ad8c8176e99b079a8c7db6104d3bb56e2","0;1;2;4"
315,0.139576,0.096006,0.533710,"02e1b6d0ed9dfc45af913001acbf742eafb9f395d66992c00f5cdf2f96b4e38e","0;1;2;3;4;31;34"
319,-0.035874,-0.023052,0.357111,"8fd7fd77b37e3fbf7fff5ff5dd7f9bef9757b53ef5d47dae6f7f7fc68ef58d75","0;1;6;7;11;12;13;14;34"
324,-0.118564,0.095607,0.601314,"67ff6966f40edfb841eabde9537d9d329ed6556ffd22ecae7bfda5b46dfbd271","0;3;5;9;10;31;32"
326,0.170182,0.079986,0.582064,"494a97ed208e69172e884a40b713817026356e0801940108c4ad220008920129","0;1;2;3;4;32;33;34"
334,-0.036317,-0.120984,0.393669,"ab3561a5a777fffe15eebcb60b6cbfadde4996effda53d9e23df51a6f7fde4f5","0;1;2;4;5;6;7;12;13;14;15;26;28;29;32;33"
339,0.115811,0.064268,0.460958,"df97610382702f9975524be6d94edffd378bbdffff90bdf2246c8fc4aff7a574","0;1;2;3;4;34"
345,0.039182,-0.130180,0.379026,"5ff67d53b21ebebc1dcf7ef7d86fdec5374fbdbcf5f0fde66e3e3fc0cffe8955","0;1;2;32"
346,0.065518,0.076874,0.509950,"9a6966f30379e84034315793898dd0ad2a1db3db12d487e0c6c1daa127959fb2","0;1;2;32;34"
349,-0.014335,0.073058,0.250835,"792d80259d1f46bf41a0a808f32051b618e6686f69fad12eb9d585306a7eda28","0;1;2;3"
350,-0.018257,0.070059,0.247602,"d884965b93e83103fe13e330eef20cd9a333ec1032dd837789f752438040850b","0;1;2;3"
355,0.012421,0.074865,0.248444,"1e43ee8e5312aa78b4c4c7874def3b4076edb3efc4c33ecc7a67cf8d27b72dd2","0;1;2"
356,-0.005554,0.071790,0.243733,"42ba9e93abe4b4c7ae1f9277acb6644ea773eb91124982e199325efb8840ad9f","1;2;34"
358,-0.145359,0.101135,0.468845,"8d8ceed7f63aefb67ce25692d93f9661375f3fafe1d4bdee676fff8027f1e1e0","0;1;2;3;5;9;10;34"
362,0.022110,0.036761,0.340897,"64737945700e4f3821a4efcc532781145cdc646ac992f90c65ac210463b34670","0;1;2;4;11;32"
363,0.064340,0.032102,0.319541,"29207161600df9402d4072899b0c4432ae19530582b0750045d90000618c43f0","0;1;2;3;32;34"
367,0.171719,0.079173,0.583305,"495a95fd308e613734095260b733807006342c08a198410de5e7728028800129","0;1;2;3"
368,-0.026269,-0.113782,0.389857,"de7432ae2d74ffd8bd4edd3fecde3fe4ffdfdfa3ed07faebb3fd8bbb1fff37d7","0;1;2;3;4;5;6;7;9;10;11;12;13;14;15;17;26;29;30;31;32;33;34"
369,-0.016377,-0.121383,0.389774,"3c1770e9f57f7e7f5d6f7d32db3dbae97f9e972ab8b2618ef7df6285f7fffcd3","0;1;2;3;4;5;6;7;9;10;11;12;13;14;15;17;26;27;29;30;31;32;33;34"
374,-0.000766,0.072852,0.249837,"40ff9c3fb8cc32bebebd8a6df6f3405281766c105349db33e9b737f908220f1b","0;2;3;34"
383,-0.142988,0.098929,0.378238,"fc609230095e50c6bbbbb2398fbf419ab9fdec102c6fc242dbdf77ffe3352e0b","0;1;2;3"
384,-0.139892,0.095712,0.379877,"7e4896be095c5441ab9a83096ff623dbe0f7edc26c479ba993f37e9b32752f0a","0;1;2;4"
385,-0.259502,0.093870,0.594422,"8223e3de52f0b8463841d0f328eebde87e9b9391878aa6e312219a8b05542fdd","0;1;2;4;30"
389,-0.029339,-0.023213,0.355154,"cffefe77b37e7fb639ee1ef5fd7fdf3fb7f7fdf7f5dcadea6fff7d87e7f7c77f","0;1;2;3;4;5;7;9;11;12;14;29;31;32;33;34"
410,-0.179228,0.099389,0.650605,"11bdba3f96a8b167fc457827b5f82600ae2b430516b9346fe8253e03cd40abcb","0;1;2;3;33;34"
411,-0.108053,0.092460,0.588656,"95cdf87fb22e5ebc77826f107b7b1d78b3ff356e68f419afebff4504f2f3c002","0;1;4;9;10;11"
412,-0.212781,-0.137321,0.447860,"9d16fefe2476f950d5ce7736593db76bee74b7aeb5f52cca43ebe281e7ef74d3","0;1;2;4;6;9;28;29;30;31"
418,0.114852,0.102734,0.509409,"b5117945b44fc7b874e87748d3359d315ad4446af9b07d0e65a9250461ab4660","0;1;2;3;4;34"
419,0.115868,0.102033,0.512569,"3c557d65b44f473964acf708d315893118dc446a49b4790ce7ab251461bb4660","0;1;2;3;4;33;34"
421,0.166128,0.079496,0.608453,"dc961cbeaa60153ba41ea7b1d7f7025bc797ed02784d4301d1e37ad93060a573","0;2;34"
423,-0.086387,-0.113371,0.405725,"3efc60d2edfddfde1f7f953f4afcffaddfdb9797be677af2bb5fdfff975ddcd7","0;1;2;3;4;5;6;7;9;10;11;12;13;26;27;28;29;30;31;32;33;34"
428,-0.272744,0.100215,0.622950,"ad44e77cc572ee7a554351525979bded5be817afb5b634ca237fe68cf7f5f0e4","0;1;2;3;4;6;9"
431,-0.075159,0.075612,0.258030,"14965abe12c20b613005e1c7656328d17bb185a23993184fb8a7ab4529212f12","0;1;2"
432,-0.000382,-0.128080,0.384684,"4dfde9c3f67effb434ee7ea6d92dd7607f5e37fee1f8fdea6f6fa784a7f7f4f1","0;1;2;3;4;5;6;9;10;11;12;13;14;15;16;17;26;32;33"
434,0.114446,0.063117,0.463551,"bd4d42ea977b4ff01586fd8a4b61bb9459e2847e79a73caee2ef8515fffff880","0;1;3;33;34"
439,-0.146990,0.100413,0.459875,"12e8ead7c6deebc67eb35e12d9fb5c6c7bee3b9812bcafe25f2ff7c1a7d2f5aa","0;1;2;3"
441,-0.013708,0.072050,0.251614,"29baae5b6dbdb056fe3d747ca0d8feaecd3ae21996fee2b10f5b30ebdb0dda87","0;1;2;34"
442,-0.030958,0.072469,0.256013,"e026bc1cfc79914fc8ffb4b982bc962b8906ca01b46fe6065437707bd54cd7ef","0;1;2"
445,0.115827,0.091506,0.526670,"9d10bd57ac5ed511f8ea8710d6561b3b95357c3bf9c57b0ac9af6f5480228773","0;1;2;3;4;34"
451,-0.143604,0.098405,0.379109,"1c3e92a031eb52d23bafba698f9ec198a9fdcc100ecfc0ea9ad533f7e2454e0b","0;1;2"
452,-0.037077,0.073357,0.257156,"cb225c4c2a3e581ab3a4869d5e0392dd1684fc2cb445e55ed27b309d2e840a45","0;1;2"
453,-0.028725,-0.019218,0.355894,"5b327fe92ddff95faf7df6f59f9f967ea69dfd9597d9a3d1c3f93ad20e84e77f","0;1;2;3;4;6;7;9;11;12;13;14;29;30;31;32;33;34"
456,-0.134545,0.101971,0.582104,"d2bea6ba8bb11ccfbf77809facee665fa7f3f995364f9ef3b9565ffb98548f5e","0;1;2;3;5;9;30;31;32;34"
461,0.082359,0.086735,0.528991,"9d1519e3b0234bb814a8db22d777a961565a15fa3990793ee8c3a7d438db0131","1;2;3;34"
462,-0.255279,0.085127,0.576426,"f78cf796b422cfe6fdf3cb10447a3d6fdf673df7fddb3deeb93edfc68477b024","0;1;2;3;4;6;9;29;31"
463,0.116425,0.069729,0.484635,"2db8fc7bd9dd73b287d5240079fd4632897af35a83687bb54fdb557bf28fd6fa","0;1;2;3;4;31;32;33;34"
467,-0.087145,-0.103545,0.402899,"2eb0f4d3fdfdf8ce9fffbd3fccdc6f8cefdbff119663fbf05f5f9fffd75dcdd7","0;2;3;4;5;6;7;10;11;12;13;26;27;28;29;30;31;33;34"
470,-0.120431,0.095713,0.594832,"a7eced57c4fcefa677f34f127179ddef69ee339bbbf8fff32f2ed500e7fbdcec","0;1;2;3;4;30;31;32"
484,0.193801,0.084587,0.551416,"4797cd93a222ad9f3e7356f7d426de6b27473b9db7d8f5604c26fec48cd0895d","1;2;9;32;33;34"
485,0.122546,0.096404,0.527820,"ec1cfd75e46e611a71be7718d331d93b015c761aa0f4fb2047bb7104c2e95661","1;3;4"
487,0.090840,0.076771,0.531956,"42e99c3a99cd11aeae158c19acd64a1281d3e9d14649da77e9571f7f10048f4a","0;1;2;3;4;5;9;10;31;32;33"
488,0.082869,0.087998,0.536348,"d4d73de7a80e5fbda4bc9375d7578853c6557d62e845691ce0a36fd430b18573","1;2;9"
489,0.077010,0.032036,0.318095,"63222b886c028948ed00c0e08092b574dc9d5bed8983e4c8903c8a9e0c023325","0;1;2;3;4;32;33;34"
491,-0.109902,0.033756,0.365267,"3930fc673653797077e476064b2d92647edcb788adf0719c56efe1816faa7cd5","0;5;9;31"
492,-0.130654,0.033706,0.371049,"88651aebcd4befec5424fd029d83308078ce4aea41b3f9fe75e18f293b1bfda2","0;1;2"
493,-0.153085,0.102107,0.415581,"4670d69d2a283d0cbfe686a5eee6c75ed775ed158dc5d7ca8c365f1a8cf40b1d","1;2;3;4"
494,-0.182163,0.100142,0.650082,"e8900cbe09044d39961f851df7671a53d5867dae7a46db15c3f3f85c1882a472","0;1;2;3;4;9;30;31;33"
661,-0.099812,0.030046,0.359557,"412051e1640ae9006c20f2e29d0b94606e8d7f8d00b0c5c084b8aa84058061a0","1;2;3;11;28;34"
671,0.031423,-0.121703,0.375607,"3d99ee47f456fbd061d5fe06593dbee26ed4b7da91b9bda04fede6c5e78b7cf1","1;2;14;34"
674,0.023972,-0.121356,0.378743,"3cd9e6e7f51e7bf445fd7e077b3dd6026ed4b7decaf83dac7febe5c5e78f74f9","0;1;2;3;4;6;12;13;14;15;17"
679,0.023968,-0.122030,0.380204,"f8fc6a6614d6fbf054ccff025b9dba6178dc9feae8b73daf7be9a385678b747b","1;2;3;4;5;6;11;12;13;14;15;17;26"
680,0.024470,-0.121651,0.377761,"3c1c72e67576ff79554eff027b7db3e17e9e97aaacf3389d73efe38567ff7cd3","0;1;2;11;12;14"
681,0.043818,-0.138523,0.378346,"ed09a39e9df44202d7c9db12bafcb1ecc8ea3cdb3d2be6aab97c8e1a826df464","1;2;3;4;5;9;11;32;34"
684,0.033618,-0.138568,0.380631,"ddeceac19574eb9e76b78e121993536261c43bda6275bde27f0d8745a7d17568","0;1;3;4;9;10;11;12;13;15;17;18;22;33"
685,0.017111,-0.122043,0.380222,"bc54f6eded77fe5c15cfff334bff3ec87fdd97e3bcb779ce73ffe687f7ffecd3","1;2;3;9;10;11;12;13;14;15;17;32"
686,0.040258,-0.144909,0.379820,"6915b9ad3e78128e4f69586afefcabe0d25fbe018730ef9396753abbb45e1d4f","1;2;5;11;31;32"
689,0.023244,-0.128770,0.380122,"57bc6781b676afb63cfb5ee6d92ed6e577cf1fbfb1d8bdec3c2ebec4afd5a17d","1;2;3;4;5;9;10;11;12;13;15;16;17;26;32;33"
691,-0.060053,-0.045471,0.379919,"3a1c54ff5f349e621d066c87696c27406dfba306a0ac57ff67ef0a003bff4d90","0;1;2;4;5;11"
701,0.033474,-0.143902,0.383437,"2e93d5a9eb0b14bd8ff979e5cefdec9edf71a73095604b902ed665dedafe8893","1;3;4;11;12;15;17;33"
859,0.082911,0.084617,0.519097,"8463dbd7e605edf81eba715654c3ed097e4926ea6176aa605488e7ac15f9e1a1","1;2;3;5;31;34"
861,0.118983,0.093648,0.529519,"3a98ed75115e59bb33f566897b3d1639159eb5189ff8778d4bff51d5e7a45e7a","1;2"
863,0.125860,0.100265,0.531670,"ac49fc657c4f5398c7ac7610d3199b2248d4767aa8b47922c7c92115f3ab54a2","1;2;4"
865,0.081126,0.085217,0.526419,"9a903ffa3fe719529f5f97371c5f2a69e7311f91b28d3bdfcb5e9ac3b4052573","1;3;33"
870,0.203909,0.087565,0.569464,"d25a1ebc2a9234e4bc9696b76d8e234ba675ed4364c5026cd0e37a9324312d1b","1;2;32;34"
872,-0.242913,0.073699,0.494832,"aeddba7eb8a596fe950af93976f929119d7b576378ef0a3f7b3f65bbd0fba28b","1;2;3;4;5;6;7;9;29;30;31"
873,-0.261914,0.078109,0.525528,"18ce13ff32c22bb434014ae0fd4788c4763b8dc06398013fe5e7ba80368225b9","1;2;3;4"
874,-0.256216,0.076331,0.514818,"d34646cc38324a3abd0adef06946a5f57794ecaead850dff92b6a29536812835","1;2;3;4;5;31"
875,-0.265157,0.079416,0.533109,"f7435c5a0a125c8ce714e7a249d2af797681eee24e456f511228c31f37b32806","1;2;3;4"
877,-0.270096,0.080569,0.539840,"f6dd670a8b5516e8e556a9074ade6f53f0d1c9e24e033f7f3300053f71376456","1;2;28;30"
878,0.200059,0.086082,0.563086,"2269ebb764c9fd6597e552a9a3cd1600d8b8f3056cf874886f57dc3165acd6da","1;2;3;34"
879,0.200275,0.086591,0.563351,"a0b1eb3e64c9f565be555599f3cd3a009abaf3435efabe214731d049448ed6f2","1;2;3;34"
881,0.199118,0.086517,0.560787,"a6946158ddedb7fb8d52fcdf92dd3d255998d3a1f327f2df6d3c81ee7f6cd6f3","0;1;2;3"
885,0.171614,0.086385,0.561432,"3b327ab835b7d95b594df5bf0e9f361cdeb995859c3e70d6d3df9abb5f8c2fd7","1;2;3;4;33"
886,-0.102777,0.092115,0.567839,"9ddfbb77b17e5fbc77ce7f74df77abf5976eac6efdd4392eebff6584aaf7cc75","1;2;34"
887,-0.110121,0.094374,0.595701,"ffdf6d66b47e5fbc79ce3fed5b7d9f7097d6f56ffda43daeebff2595eff7d677","1;4;6;11;30;32"
888,-0.074244,0.076526,0.540665,"e57dbc7b8d6d479852faa518d279592b99d2687abb66db32cfdb457cd87bd802","1;2;3;5;10;31;32;33;34"
889,-0.090366,0.087639,0.592166,"e564cd652c6b4f9e52f2b2d8d305d13b19d46c6ae974fd1ae5dbe534ccf95230","1;2;3;4;5;10;30;33"
890,-0.091902,0.086543,0.560380,"9cedd67f95226ee877926b124beb2dd1f1eea0f27af41bbbfbefc545e3f3ec02","1;2;3;6;10;32;34"
891,-0.077294,0.076990,0.569877,"87bc83bbf4a1aec69e1340d6f4f06988d97b331333deda732c06be689c59b388","1;2;3;33;34"
892,-0.097729,0.081650,0.578801,"38cb9e6c1dc352ea57acfe2863d92110d8fca4624afbcb3fdbefa157732b7e0a","0;1;2;3;4"
894,-0.108045,0.090644,0.585181,"74cf50e6d62ecea87982ab4a476919d0b3e7406b7823886eb8ae0714e173f300","1;2;4;6;11;32"
895,-0.102637,0.083235,0.582574,"f0570ba41c6f476781eeaa7e42200293d8e4cc6269a7d00eb0a68132497bde52","0;1;2;3;9;34"
898,-0.267684,0.064499,0.576314,"44db96b7e88c36bebfbb32756ef9e8c6a747ee5277698ba12ef255c6c858e99f","1;2;3;30"
900,-0.125125,0.097601,0.581174,"4102534d300a4a3b76a87ae4f302907016240cace194055ea8ae23906ca24129","1;3;4;5;9;10;31"
901,0.162881,0.078682,0.604749,"4db2af151ed2a9b0f6fc56e6d1e6db66736478ddc7d1bf554c2befc40ca23d75","1;2;3;33;34"
904,-0.120984,0.096854,0.598343,"30c91bae58c543e88f04e80926d02510d8f942634a2b1a3db194003a500b668e","1;2;4;31"
906,-0.228611,0.103191,0.575448,"85572f43e466af97e46edb76d1b5b96b7d6e3beef194fd226428ee802cd3f4f1","1;2;3;4;5;9;30"
907,-0.246492,0.103892,0.593206,"0d536b5be29cb9907e5957e4fdc7bbed7639b75e83d02e7146293ac09e97a9f1","0;1;2;3;4"
911,-0.247878,0.104536,0.595977,"078d6bcbde11aff8ec429cc2f1e6ff667fc25befe3032c7b7c0cafacb5f231e4","0;1;2;3;4;28"
913,-0.248104,0.105707,0.601211,"bc494a5e9c84df55168cf58731cb374058a897dc7a0fca3b7a2da4b9fbaaf89a","1;2;4;5;31;32"
918,-0.254116,0.094400,0.615290,"fa3d64444f5bd52781e6bc9f2b2c16b748f6fda1ec6bf48e7b53d4bb67ecdede","1;3;5"
922,-0.154316,0.100895,0.630073,"d0d03ebc2eca9527ac56d737f71b2a41e2257d2364ad131df2e37a933c00ad5b","1;2;33"
923,-0.124595,0.097103,0.614547,"ebaca4ba8df5548fd3538019aefc53ebc9a3f9153f6ffab38b5bdd7b9a4cd85e","1;3;32"
924,0.117520,0.088524,0.629101,"44c994b6abc917a49ab52289eee742568777e8525668db318df75d7bc03f8d4b","1;2;3;33;34"
926,0.265840,0.107905,0.761358,"05de1b4c3486ebfa7c087a6475f1b5607748166cb3b92b7f68ae27ccdcb361a1","0;1;2;3;33"
930,-0.216834,0.104268,0.819895,"4b7128887add3f5da8648cacbed693f17eb9dfefc503f4ddf6150bb91e1727f1","1;2"
931,-0.222232,0.105057,0.832239,"bf77e8668e375ff811aebdaa437ddbb75ddcd5eaec62edaafac9e5bf6ffbda47","1;2;32;33"
932,-0.222102,0.104361,0.830703,"b7f5fd659e535ffa51e6fc8e536ddf335fcc55eeedf6fd0efbcee5b4effbd6f5","1;2;4;33"
937,-0.176832,0.106909,0.814631,"7555ed259a464fb904ea9bee537599227ed47defe9d25d0ef92eed942df23031","1;2;3;4;33;34"
938,-0.183970,0.106506,0.813186,"7e71e40acf5bd6c883f4a58f42cc5f9f79d0e3f34e63feb03b51c53f777fde56","0;1;2;3;34"
939,-0.183513,0.107012,0.813309,"7efde74cdf5796e883febcaf4afc7f36fdd5f7e3ec63faba7b4ccdbff77f7657","0;1;2;34"
940,-0.184598,0.106880,0.814097,"72fba34c7f079e6f83e8b86b60fc7532fcf5ff61cc6b82dc3b5e8dbe512c76df","0;1;2;3;34"
941,-0.186736,0.107874,0.824644,"e2a972cc7c83986b8ba0a88b24993410deb55b25402b82df3a1c0d3e5528338e","1;2;3;34"
942,-0.190689,0.110204,0.848046,"87dfef1efaf037ffbedf09f5f5eeef6397638b77f749be7f6c076fec9cf7a5d7","1;2;3;4;30;31;32;33"
1657,-0.002320,0.029245,0.336811,"9fb4f75ffa1b7ff977fa5ffc5bfddca4b7dfff2ef5f2af1f7eff65a6e6e6a2d5","4;5;34"
1666,0.019713,-0.036298,0.352770,"b5aeeffffc2befff7ff3f2fa7beb9c797fef7facb9ffeffffefff7c4edf8f2b9","0;4;5;6;11;31"
1883,0.104315,0.104679,0.471778,"74713aae3c4f5fe89eacfd0bd7ff2b50fcfd7f634803fb7ef1e5af3d103b37f2","1;2;4;5"
1884,-0.237694,-0.055217,0.429514,"890db9ff9dec6bde5e595516b6b53169c04a1e5f337dbabbedb9b238984b51fa","1;2;3;4;5;7;9;28;29;30;31"
1888,-0.259088,-0.032689,0.425030,"5d31bd67a84e5398efe9bf0cdf77497294547d4a99e1fb20cbff6514caf34263","4;5;6;7;27;28;29;30;31"
1891,-0.265075,-0.031618,0.433956,"5d30bd77a86e75b8eeffa70cdf770b7a85547c0a89e1fb20cbff7510c8f34773","4;5;6;7;27;28;29;30;31"
1893,-0.263864,-0.033514,0.434955,"7d71b964b04e539863e86e0cdf57497294dc7c7acb32f900fbed253c68b34233","4;5;6;7;27;28;29;30;31"
1897,-0.245078,-0.073436,0.436388,"fdfffbeede2d5fdcd37abd7e7ff5e97237de546afb23acbb7bed25bcfbfbc239","4;5;30;31"
1898,-0.213423,-0.100240,0.435749,"dbd1e2a0b612fbd61749d6b6198ff2c27ecdbfd1d99fa1c2986dbec4a78cb059","1;4;5;6;7;9;10;28;29;31"
1899,-0.231222,-0.081652,0.432018,"9d576fecb412ed75d4c8d7f659efb8637ee43fbdf9b7258e7aebe6c4afb8f071","1;2;4;5;7;28;29;30;31"
1901,-0.234533,-0.082207,0.435752,"0d9676f72536eb385d5b5756d96fba695f463f2ee1f47de5cffbf3c40ecf7071","1;2;4;5;7;28;29;31"
1905,-0.277325,-0.039426,0.440131,"b9703962555f5378716e65085b5d1b309898556ae9b6781fd3d901387a8b46f2","4;5;6;7;27;28;29;30;31"
1908,-0.246771,-0.091271,0.441127,"f5cdacbebc6a57af567b1d19d6791b6bd1c63d2f7d4c792aeb8ffdd5bc7bd85b","1;2;4;5;6;9"
1909,-0.247097,-0.091932,0.442666,"74fff7d6b60b4ffc52f8bfee73e5f93537fe35eaf9d3af3ff8ee65f4affbf679","2;4;6;28;30;31"
1910,-0.212437,-0.110236,0.440485,"89d670f9b6ba1996ddcb5cf69fddaae5d77d9f31e3ece4e6eeff36c21edc897d","0;2;4;5;10;29"
1914,-0.246410,-0.101256,0.444740,"f5fec43eac874fbcd2fab57e73f1db3b1fec74eeeb678f3ff8cae5bc3dfb5219","1;2;4;6;28"
1919,-0.265584,-0.104493,0.453907,"5353ffe5660a69182de8f3e6dd0b94727ec57fed8993c5c8d6faaa802daa7131","4;5;6;7;9;26;27;29;30;31"
1921,-0.266177,-0.102812,0.452919,"51535fe5660a69502d68f3e6dd0f94726e8d7fed8993e5c4d4e9aa802d8b7131","4;6;7;26;27;28;29;30;31"
1926,-0.271968,-0.110397,0.457115,"4b317be1201f79106d6877e99f1f9674a69dffec8590e5c8c6f9228626860375","4;5;6;7;9;26;27;28;29;30;31"
1928,-0.263633,-0.118672,0.455118,"aefd71fafdd59ff99bfebc6f6efd7f349ffbd777ff63faff7b5fadffd77ed6f7","1;2;4;5;6;7;9;27;28;29;31"
1930,-0.272941,-0.115859,0.462217,"b57f71e3e42beff66d6afffe9f0b9d747ec75feff9b66deef6fca6846fd3e3b1","4;5;6;7;26;27;28;29;30;31"
1933,-0.264779,-0.122992,0.459334,"b17741c16e0bef5c6de8fbee9b0bd5a46e8c5eeec9b365d0b6d8a2907f9b71b5","4;5;6;7;9;26;27;28;30;31"
1938,-0.036677,0.086462,0.488565,"cd50fde5664a7f1079ca76e6dd7f916b765d3f6ee1f4edcac6fbe3802ef361f1","1;4;5;6;9;10;11;30;31;32;34"
1942,-0.268665,-0.143622,0.464734,"59331fac2acc3958aecc97e5fdd6e252a635fd45c301a259d0e12bb808222771","1;2;3;4;5;6;7;9;26;27;28;29;30;31"
1943,-0.266544,-0.147072,0.464040,"73637ae16e09f8506d24f7e78d8bb6406e8d5fed84b385c0d6f9a2806d876b91","4;5;6;7;26;27;28;29;30;31"
1948,-0.265086,-0.150925,0.463080,"2b327f612c1bf950efecb6ad9f9dd6a4ae1dff0584b1e5d0c6d921b3478c57f5","2;3;4;5;6;7;9;25;27;28;29;30;31"
1951,-0.266708,-0.152315,0.468057,"2bb2e55d7d1fd1795ffcb4edfafddea59f7cf73d8e626f9d4f5f65be57ac56f7","1;2;3;4;5;6;7;9;26;27;28;29;30"
1956,-0.261655,-0.156395,0.467749,"7aa0fded7e5b79581fb4f4aadfdfd6607eddffe18a72efd5dfd9abfd37a855e1","2;4;5;26;28;29;30;31"
1958,-0.259203,-0.168503,0.467820,"2fbefdfbf6bfffff5f7f75b3797d9e29dfdb17bff6fa7fff6fdff5e4f7fdd6f7","1;4;5;7;9;28"
1962,-0.264493,-0.163368,0.466818,"1b307fe96ed7f958afccf6a71d9ff630febdf7858593b3d057f9aaca4f862ff3","4;6;7;9;25;28;29;30"
1963,-0.244077,-0.194698,0.468924,"b52fcfefdea36edad7a0fbd671e9f1606fee6efbbbbb9ffebcaca750b5fbf0a0","4;5;6;28;29"
1967,-0.245839,-0.195157,0.471111,"bd6d4fffdeeb6ffcf4eafef671e3b9617bee7efef9ff6faefcabe7c0adfbf0f9","4;6;28"
1970,-0.263378,-0.174681,0.473050,"f9617be96e69cf546d68fd7a1b1bb5706a8d5eeac933e5c0f6f9a2b87f9bf2a1","4;5;6;7;26;27;28;30;31"
1971,-0.213453,-0.178687,0.465887,"df5ee8f7a4107db5356a56f6797f93696ff7bfcee9d42debf6ebef802ff4b071","4;6;31"
1974,-0.265327,-0.179268,0.473544,"5b327fe52b5e79192fedd6e59f97c27e269dfd848dd9b3c0d7f933832e842f77","1;2;3;4;5;6;7;9;24;25;26;27;28;29;30;31"
1979,-0.262629,-0.181286,0.473021,"13717be1660ff9502d60ffc6998fb460ee8d5fcd81b3b5c0d6f9aac06f8b71b1","4;5;6;7;9;24;25;26;27;28;29;30;31"
1981,0.109780,0.083455,0.524965,"1c9c51ef936346bf15a28ea2f77788a453d69da8798959bfa9e78514b6eaac38","4;5;11;32"
1983,-0.264909,-0.199898,0.482353,"0b327fe92e13f9582d6cf6e79d9fb664ee9dff8d85b365d046f9aa826f8463f5","4;5;6;7;9;24;25;26;27;28;29;30;31"
1986,-0.258286,-0.209875,0.482997,"5e98f6fead52dfb89dded6a3fdffbf6fd7f7ffa3adc1ebedcaffef93befe7d7b","6;7;9;23;24;25;26;29;30;31"
1990,-0.262710,-0.212559,0.482149,"5b3226ac2b563958a7ecd6a79d9782fe669dff848d91b3d0d3e12a832a862d73","4;5;6;23;24;25;26;27;28;29;30;31"
1991,-0.263167,-0.212969,0.482421,"4b307a6c6b577958a5ccf7ad1d9fd674e69dffec8c83f7d0d7f9a38b26862e77","4;5;6;24;25;26;27;28;29;30"
1997,-0.258216,-0.218205,0.477470,"29327d4d6c5fd1584fec74ad9b9dd6a49e1cff2d8770779d475921b65e8e5ef7","4;5;6;7;9;27;28;29;30"
1999,-0.319801,-0.128651,0.489839,"58a43c70a9ed514fa235a5199f974a1b8193ed103a4fd215dbc3357de0008622","4;5;6;7;26;27;28;29;30;31"
2003,-0.286861,0.094500,0.499493,"28b47c7b70cf7977e41d75203917a8110e1a472830b8117d678b6041738aceab","1;2;3;4;5"
2009,-0.289455,0.079432,0.504501,"222073c5553be8475d21f3528a88b4ece88e220810ba25c6151c92424708f1ac","4;5;6;7;29;30"
2012,-0.299547,0.074541,0.505817,"5247868c9b02be6cbd86ca874dea3f507fedbbe7ecc39eceb866cf8d2d76bbd6","4;5;6;7;28;29"
2017,-0.292570,0.097581,0.510246,"23f96a1e5799b2475e45780f28c83620faab9305863a36ff321d1aab5d1efbde","3;4;5;29;30;31"
2019,-0.311481,0.066335,0.529167,"da4f42beb3321ee73506dcf72daea7d5feeb8fe7ec8f04efb277ce8b3ff4ab5e","2;4;5;31"
2020,-0.312562,0.065393,0.530124,"bb8ec2bcf3321ee73d06d8d76d6a37d5ffeb9fa56ccf04efb276de8bbff4ab9c","4;5;6;7;30;31"
2021,-0.309976,0.064449,0.527694,"b7cdc2bed2224eef3d02c9d7656a3d51ffcb1be77c870cefb026de98bd77aa8c","4;5;6;7;29;31"
2023,-0.322896,0.065495,0.534068,"a5cd434fd42beffc74a27a42f161b921796e426e71b24d3f7c0ea7046dfbf0a8","4;5;6;7;31"
2024,-0.306347,0.066853,0.525858,"dd074447941a6eb874a2cfc653619bf779c46ceee9d04d2ebeefe5042ff37824","3;4;5;6;7;28;29;30;31"
2025,-0.314371,0.060339,0.518524,"2587c75fd40be7f856a2fa4af36099a179ee4aee69f24d3f3caee744c97a70a0","4;5;6;28;29"
2045,-0.127703,0.096898,0.574013,"d838bff4a2ec3152a88e46293eb7415ba677ed5020cdb268d3e37a03a071277b","0;3;4;5;9;10;30;31;32"
2046,-0.310452,0.082315,0.592688,"3de1c02b851be6c867b06d80c3e1db84584c207e4bf0cf30aac9876dffff5a84","3;4;5;6;7;9;28;29;30;31"
2054,-0.305751,0.078273,0.537500,"7f67e006d633cee853e2bbef4368df923bc464efedf3cd2a380ee5b4edfffa04","4;5;6;7;28;29;30;31"
2448,-0.129780,0.105966,0.545471,"f8ecbefa0df550ced79fa41a2ad9629bc9f2ef902a6fcab3dbdbd57b530d7e0a","5;6;11"
2494,-0.157552,0.102059,0.629937,"f670ea1a57dbd0c87f55e79f4acc7f58fb98fbd7aef7fff35b379057f51d7e56","6;10;11;30;34"
2504,-0.169602,0.094269,0.615262,"7cfde42f9d5b67fce7e6ac8dcb61cbb679c6ea6e6d63fdafffc7053d63ffded6","5;6;11;12"
2512,-0.395115,0.091803,0.587241,"fd71ed67ac4b479840f2a1ccd341d93b59c47c7ee967fd28f0cbe5346dfb5270","5;6;28;29"
3606,-0.053281,-0.017190,0.358581,"7da6c444bd5b5ffb73e6bcaa4b61d3b67bc4eca8fc6bed8efadfc53f67e44e44","4;9;10;11;12;13;29;30;31;32;33;34"
3119,-0.078838,-0.137226,0.412859,"888610957c9ba930122d575ac52190855b2442a830fe41df0c263ac086880980","0;7;11;12;13;14;27;28;33;34"
3134,-0.087523,-0.187609,0.426490,"3cd9f4f7e55e7db773fd76265b3d96ea6fd6b7d8d9f879a06feff5c1affcd4fb","5;7;11;28;29"
3138,-0.083575,-0.225224,0.433188,"8f1661cd6626ad195c4a56e65945b5ed760417aea1b425ca042ae2803fec71b1","7;26;27;29"
3140,-0.083803,-0.224025,0.430966,"990466cc0536ec5b558ad61219b8b5ed78843eaca9b725ca126be2843fec7824","7;26;27;28"
2574,0.001492,-0.120933,0.381939,"9eb9e4e52dd4f8b883dc3303695f5ec6eef1b5c4ce50ebd19fd98b8727ae7457","2;3;6;10;11;12;13;14;15;16;17;26;27;33"
2578,0.019437,-0.151147,0.387397,"434bfdf47682d8168b9110e2bd0bb458c6f535dd80c806ec80bafa801c812109","6;12;13;14;16"
2598,0.001710,-0.150945,0.390252,"82b09bf383c9374796e343b2b5d768285f3b9b9273dc70a2ed979e231c48853a","3;6;11;12;13;14;29;31"
2540,0.005310,-0.036163,0.356040,"bdbefffffe2fdfff5ffbfefa7ffd98393fff7faef9ffefbffaef75b4eff9c2f9","0;2;4;5;6;9;11;13;14"
2111,0.056603,-0.129451,0.371332,"0a9ea69ef9b4bee69f0fdc97a8ee37ccefeba385a6cb42ef3e769e8b9754addf","4;5;9;10"
2112,-0.033533,-0.019351,0.358518,"dc3e9cb2aa71149e9bbf94f9cfffcb5b87d7ed103c47cbb2dad37dffb4718f43","5;6;11;13"
2116,-0.042148,-0.024381,0.363369,"8d566d65e076bd3f705e7ff4d93d9abb1754952ee5d4758e66cb74846fd4cef1","5;6;11;12;29"
2118,-0.042035,-0.024445,0.357943,"8fd6ed65a17effbe317f5ef4d93d9faf1757952ee5d46d8267df7587eff5cff9","5;6;11;12;29"
2134,0.037997,-0.151296,0.380288,"83b09bf103e5b8d29e135056bcdf6829df1b138113d412c1c5809ba21c5901b3","5;6;9;11;13;14;15;22;24"
2169,0.028246,-0.180077,0.392637,"9cddeee7f576fff675ff7e32593dfeea6fd6b7daf8f8bda27feff6c5a7dcf4fb","5;6;9;10;11;12;13;14;18;24;30;31;32"
2173,0.026961,-0.179856,0.391880,"deddf6d6ff76fffe5fd7ff1768fd7ee77fdebbeaf4fbb9ef7b7fd747a7fffcde","5;6;9;10;11;12;13;14;24;30;31"
2189,-0.009684,-0.137096,0.391872,"68bf1e5abdb696b6c89dfcad8ee92ec2cf7e85625aeadaad6ab5346b4adbf81b","1;5;7;10;11;24;30;32;33"
2193,-0.085795,-0.046840,0.383702,"94dfc8b69ee046bed29e097763e0290131e204e27b650e3f2886e53cb97bd412","0;1;2;3;4;5;6;7;9;11;12;28;29;30;31;32;33;34"
969,-0.064184,0.072615,0.265555,"7420083a188903482a048109a7c20b1090a94c634a034a1d9180093830230702","0;2;3"
977,-0.115961,0.072877,0.273631,"fe3ff5e1f77e7ada79eeff7f5f7f1779ffd5fff3b9f6f9eedfffebd7efe76677","0;2;3;4"
985,0.109703,0.030892,0.305433,"7a2072e84b533848ad04e4ab0c9f27f4ea95dbe10c03e2c8d3f18a3b37062fa2","1;2;3;11;34"
994,0.093378,-0.048582,0.334149,"f6dfeadafea0def6971ad9f269ebbd417ffb17f3fa670eff382eef88b5fbb081","0;1;2;3;4;9;10;11;12;13;14;15;31;32;33;34"
1000,0.021405,0.035462,0.340964,"2d4d5345745fe73075e8fa48d31095b418ec546ac9b2652e26ec210063b342a5","0;1;2;3;4;5;10;11;32;33"
1001,0.084663,-0.047469,0.339534,"1748e78e8e228ed887c299c759ecff6a7fc1bfef89030ee0984eef9cbdff3055","0;1;2;3;4;10;11;12;13;14;16;33;34"
1002,0.084837,-0.050629,0.341635,"b796418bd4a3cb59574bd9564148bc20798a16bfbb267d97200ca2ec358bf0c5","2;3;12;13"
1003,0.083732,-0.047340,0.338252,"df09c3aa9e104ad896c0d1c259ee79e07ee13fffab030ee0b8edaf8cb5fb3000","0;1;2;3;4;9;10;11;12;13;14;15;16;33;34"
1005,0.084116,-0.047768,0.339648,"830468b1a42bac171cb21a529528d04923061fadb0d445c6241efb8484d89100","0;2;3;4;10;11;12;13;14;15;16;31;33"
1006,0.084203,-0.048487,0.339592,"84cd98b3b42abfa73c335b12dd6a1949a34f130370dc09e26c165e4084799188","0;1;2;3;4;9;10;11;12;13;14;15;31;32;33;34"
1007,0.083228,-0.048304,0.337833,"84cd9fb7b6a22fefbe9b5b72fce3a941336b26fa72d40aefac866fc48c73a181","0;1;2;3;4;9;10;11;12;13;14;15;31;32;33;34"
1013,-0.024408,0.031452,0.343862,"22be901afbb994cf1f3730bdaea8468c8f1bc315366acaf31e541c7bd35c8f9f","1;2;3;4"
1017,0.039518,-0.035776,0.343993,"b5aecfffecabedff7fbbf2f6f3e99c7b7fee7e9cbbffcff7fcaaf7c4edf8f0a1","0;1;2;3;4;5;11;12;13;15;31;34"
1019,0.029161,-0.036129,0.351459,"fdbcffffbebfdefedffbfefe7ffffb7b7fffffbffbffaffffafffffcf7fde379","2;3;4;5;6;9;10;11;13;14;30;31;32"
1020,0.035274,-0.037027,0.348912,"b5aecffffe2befff76b3f3fa73e999797fee7ebeb9ffcfbffcaef7d4edf9f0a1","0;1;2;3;4;5;9;11;13;14;15;31;32"
1025,0.098164,-0.122745,0.358344,"2bdd229e5595bee65f495c0628fcb7e4dceb93c5873a72ff377c9a8a1f5c79dd","2;3;11;12;13;14;15;16;31"
1026,0.098340,-0.121704,0.356097,"065c669f6c82bf728dc65a8728ccb7446e7133c7c09d36ec263ece8015af35d9","1;2;3;14;15;16;17;33"
1029,0.015785,-0.036024,0.352232,"adfeeffefc3fffbf5ffa7ffffffd9b313fee37aef1fcaffffefff784affdd7f1","0;1;2;3;4;5;11;13;15;33"
1030,0.097512,-0.130503,0.361067,"ecd17def2c4e5fbd415eb73cdf57887356d47d6ae944f985e6fb649426bad471","1;2;3;14;15;16"
1035,0.011621,-0.036566,0.356259,"b1aecffffeab6cff77b3f2f673eb90597fee7e9cbbffcfffdceef7c4edf8f0a8","0;2;3;4;5;6;9;14;31;33"
707,0.015632,-0.138554,0.387469,"f8e0aac09556e3cdd2a5961210917e6679d43af85afda5c27b098755c708f46a","1;2;3;4;15;17"
710,-0.139707,0.097318,0.379813,"d84c9ebe09665f90b50ec6027ff7215be2f5fde268c793abd3e3ea193273242a","1;2;3;4"
714,-0.064215,-0.057406,0.381036,"a9d429df7c454dbe575f5426f07dba60d84a374ceb2263bfe7b9f2981ed8d07b","0;1;2;3;4;5;6;7;9;10;11;13;27;28;30;31;32;33;34"
716,-0.065526,-0.057742,0.384407,"9a1e7edf4e36bf7a1dc24e867def27e17efbbb83a1bd35ef77eb4a0337fd25f8","0;1;2;3;5;7;9;10;12;13;27;28;29;31;32;33;34"
717,-0.138700,0.096366,0.380370,"da1b96bca8585441ab9c9369eef6a3dbe2f5ed016c43c2c992f3ee9b1234ac47","1;2;3;4"
720,0.000942,-0.128067,0.386199,"e413fe4cbe32b11dccc996f6d0f1ac6e5654ae38b1e1e5c26e2f67d68ee8f831","0;1;2;3;4;5;6;9;11;12;13;14;15;16;29;33;34"
724,-0.084997,-0.046593,0.385261,"d61d80e8bd665eab150a9b73cc7b39c6d1d7bda37c0549cebbf68f97b67fb407","0;1;2;3;4;5;6;7;11;12;27;28;31;32"
729,0.003613,-0.137990,0.390756,"f749a3de9dd0c701d7ccd712f2fcf566c8e43c991927a682b93c8f1bc63ef464","1;2;3;4;5;33;34"
730,-0.085434,-0.046264,0.383568,"2b86f296f5365faf1dcf96bb6c7eaf8ddfd397a5b4eb29eefb57df93877cbc68","1;2;4;5;6;9;11;12;13;28;31;32"
731,-0.085589,-0.046316,0.383544,"94cf409287e846a6d016091643e0794123c2004a72051e3321868439b55bd502","1;2;3;4;5;6;7;9;11;12;27;28;29;30;31;32;33;34"
736,-0.003509,-0.143959,0.392480,"2c93d6e5ed02709c851d7ae54ba9e8cadc54ae509cbb83a04af5f4c6ebaff893","1;2;3;5;9;14;15"
737,-0.084774,-0.057739,0.389312,"afcde3cfd776ffee55c26f93687d3fc47fcf93eef5b03dee3f7e85027ffffcf4","1;3;4;9;11;12;13;28;30;31;32"
738,-0.083907,-0.057876,0.388623,"f5f24f6a8e014fd8c252b1ee53c1f93b7fc07cee8b47ae31f089e5fcbdbbe031","1;2;5;9;11;28;30"
740,-0.152935,-0.004680,0.388832,"4a2070606009d810a9b834088e0d541aa6955518806080400ed901f0c7844311","1;2;3;4;5;6;7;28"
741,-0.004587,-0.144834,0.393301,"b9f97aefd39e2ffd500c78c639c831f07cfb82f7f73a3cef3d6d2428399ba0bc","1;2;5;10;12;15;26;30;33"
745,-0.154113,-0.004132,0.390411,"5a207860204cf910294cb0089f0f5610ae9155818922a0c0d2d92aa045804749","1;2;3;4;5;6;7;11;28"
750,-0.033931,-0.121744,0.392917,"bed9e6e76d56fef807fcff2769dfdfe6ffddb7ebcff6bbeb7ff9a7c727bf7cd3","0;1;2;3;4;5;6;7;9;10;11;12;13;14;26;27;29;30;31;32;33"
751,-0.012835,-0.151001,0.395354,"2a7969ab9dc399c506e094a3b19f614048bb93910b1a74bcedd59e73b41814fa","1;2;3;4;5;6;7;11;12;13;14;15;16;29;30"
754,-0.188712,0.034199,0.380671,"4b667a987b99ba58ae0c9cad8ccab6905e29df2d86238ed9f2192bb95ea60bc3","1;2;3;31"
756,-0.051131,-0.112921,0.394684,"7e55f2fcf57e5fff1dcefe2b4f7d3ff9ffdfbfa2bcf379cef3ff6797a7fcec57","1;2;5;9;10;11;12;14;28;31"
761,-0.071145,-0.103627,0.397589,"8abc32dafdfdbbffbf5ffd3fecff2ee5fffbff03b66ffaf7f37f9afb164dafd7","1;2;3;4;5;6;7;9;11;12;13;28;29;30;31"
762,-0.037015,-0.136408,0.398146,"3cc9e6f3c55272a4c739b6036bb97cc6e9c6afda4ef90ba15febd645e30f7c8a","1;2;10;13;30"
765,-0.048395,-0.136919,0.404863,"3689d4bf950642ec1319f34763292ddae9cf25d21efa59a19bf6d647f93af80e","0;1;2;3;4;7;29;30;33;34"
767,-0.075287,-0.127496,0.408399,"db5ab59d2f78900a4cc292e2ee3c97efe677bc438c21e7a990737a93367d156f","1;2;3;4;5;6"
1341,0.094034,-0.048691,0.335524,"06d22eba6ff0bae08d1f5fb3ecfe3e4afe73b7c394112af15772cac3151fbdd7","0;1;3;4;9;10;11;12;13;14;15;16;31;32;33;34"
1374,-0.047622,-0.023512,0.360271,"fffef4f6ad7c5fbebbffbdfd7fffdf3f87f7fd47fd47eae3fbff7dbfc7f7c677","1;3;4;5;6;10;14;28;31;33"
1375,-0.053661,-0.016278,0.360263,"dc71b165a84e479873e8b04cdf77493295d47d7ae962f90af9e96534eaf30633","1;3;4;5;10;11;12;13;14;28;29;30;32;33"
1388,0.035571,-0.121097,0.371084,"fcd46ac03456dbf054ced6165bddfe657ffc9ffae8f7bcee7329a7dd67f97c73","3;4;5;11;12;31;33"
1394,0.055650,-0.153223,0.379241,"e9952ded0d0f4fb95f731516d13d3861d1043f2ef31c7997e7fbcb341e2ad070","3;4;5;10;33"
1399,0.038068,-0.151207,0.380509,"020e2ba1b4efbbd61eed5ee784acb340ed3b8715929861beed57bae194cd15d9","4;5;9;11;12;13;14;31;33"
1404,0.020582,-0.128885,0.381988,"1f59eac37656fbd865ec5f22795fbf607edcbffb8bb13ded7f6da78427b77df1","3;5;9;10;11;12;13;14;15;17;31;32"
1405,0.033453,-0.144084,0.383273,"6d1bd84bfa9d9a158fe13dcfddef46c21675ab549728dfd06e4d2578ffae8911","3;4;6;12;14;15;17;25;33"
1411,0.008266,-0.127868,0.382480,"4ff9ecc36656ffbc6ffc5fa6593cdf667fc4bfefc1f0bdec7f6be78427b7f5fd","3;5;9;10;11;12;13;14;15;16;26;32;33"
1414,0.001002,-0.120391,0.380416,"fe7070e52df47a7887e8bf036bdf5f76feb5bde2ca378bdbd3d98b8f27ae7c57","3;4;5;6;10;11;12;13;14;15;16;26;31;32;33"
1415,-0.000500,-0.120557,0.381945,"3c5ff6eef5565efc01ecfe2f4b3f27d4fedeb7e2dcbb69acb3ff8497e7ffeedb","0;3;5;9;10;12;14;15;16;26;30;31;32"
1417,-0.064911,-0.057643,0.384581,"1a5c27be0d954ff6954edc0679ec31e04ce2bbc3c90b32bff3efda181ffd3058","3;5;9;11;13;14;29;31;32;34"
1421,0.018970,-0.152199,0.390042,"c75b9bf6f884bbd488691074fcdba94ac6771fc9a147a0e7f4befaea8891a1a1","3;4;5;6;11;12;33"
1428,0.005330,-0.153667,0.395406,"935899fb13c611151ee34356bc174168c73b1b90e39c79facd8f1e22b810213b","3;4;5;16"
1430,-0.022534,-0.127338,0.394203,"7721a3ee9dc4c341c0c9cb02d3f8f464d8ac1cd999abe680b9fcaf5a802ef064","3;5;6"
1431,-0.021270,-0.127446,0.390796,"8fbde9b3fbfcfd9f1bfb3fb7f93ddf2f4747371fb778fda36f5f75c4efded4ff","0;3;6;9;10;11;12;14;17;29;33"
2548,-0.010424,-0.035585,0.364633,"bfbceffffc37feff5ffbfe76fdff9979dfff7faeb9dfebfffeffff84affdf0f9","4;5;6;9;13;14;29"
2555,-0.015697,-0.035461,0.360378,"bfbfffffbebf5fff7ffbfefe7bfe9c7937ff7f3ebdf9effffafff7d4e7fcd07d","0;2;6;9;11;13;14;32;33"
2647,-0.063900,-0.188187,0.418203,"df1eefb6a2223f50b1ced7f759eeb36b7ef53fefa9d7a5cad22beb80adf73171","6;27;28;29"
2650,-0.062809,-0.186626,0.415185,"0ed4eefab576fbfe1fcfdeb7d9ffbe64ffffbfb1b9ff39ee7b7fffc7affdf5ff","6;7;10;12;13;14;18;19;20;21;22;23;24;25;26;27;29;30"
2657,-0.072110,-0.205861,0.426393,"1ea3a2e3a572f5c7179fdf3208bfea0cf9db87901afba9e2fbd7f6c7835ff5cb","6;7;10;11;13;24;27;28;32"
2660,-0.074111,-0.206056,0.427660,"be24aef2c576fd4f919ffd1258bd7e2bf9ceb7a338f7aac05bfbd70fc77df4e2","6;7;13;14;22;24;25;32"
2663,-0.073277,-0.218292,0.423987,"ba5c6dfc2e1f9b7a9d46d48ffffd37215e31d767e1a7769fc37b69987fed15f1","6;7;12;13;14;27;29"
2664,-0.071562,-0.205208,0.423624,"8b1e7ef737f7bf779feefeb7fd9fb7e5efbbbf85e5df71fff75fbb8336cc2d7f","6;7;12;13;27;28"
2665,-0.073608,-0.225909,0.437792,"3a5e2fbe0fd597f8964ed4ef78dcb721fcf197c3e9273abd7343e9bb3d3f34fb","6;7;11;12;13;14;20;22;25;28;29"
2666,-0.071503,-0.224552,0.428432,"cb1cfeffaf7ebd179ddfd6b7ddbfb3ebe777bf95b5ddf3e2c7fbfe838efcb573","6;7;12;13;14;19;20;21;22;23;24;25;27;28;29"
2668,-0.071329,-0.224917,0.428931,"ef16fffc2e769d5995c6d7f65dffa36bdef5bfa7a9c770cad2fbeb9a8eed2471","6;7;12;13;14;18;19;20;21;23;24;25;27;28;29"
2670,-0.070647,-0.225876,0.432388,"df5ebffe2eb61f509dcad5e67cffa36bc6713fefa1872aead2fbeb9a1efb2179","6;7;12;13;18;20;23;24;28;29"
2673,-0.095342,-0.209387,0.432498,"1288e5fb15c258af3f11ca0368ff3444f39bbd811e9853f50b7edac33784e40e","6;12;13;28"
2674,-0.096936,-0.209423,0.435736,"3284e0ff3782d82f5f07d393687e3c54f7bfb581be8801ff037edac33504f00e","6;11;12;13;28;29"
2681,-0.097237,-0.207567,0.433689,"3a9d62feb7565e37514ede93697e36e4f7f7b581fc8c35ef337f9e8337f4fc5f","6;11;12;13;28;29"
2684,-0.101464,-0.206793,0.437552,"2e92ac9af5f791d91f7db5bf4cdc6ecccf9ba71597eb7bf55f573bd7d70d9d77","6;7;12;13;22;24;25;27;28;29"
2689,-0.093026,-0.221669,0.428826,"62836a8a6a80b8408b1d51a30cce7e48ee19b3d5860282d116308aeb950637d7","6;11;12;13;14;24;25;30"
1780,0.022708,-0.152418,0.387878,"033f3bf8eca5bd578eda1866bc9fe123863b1711c10b22d859982eaa186821bb","4;5;10;31;32"
1784,-0.067253,-0.058153,0.384768,"f5efcb7a8e214fdcc212b9ee53e1f93a7fc254fedb638e33f888a5bcfdfbf2a1","0;1;2;4;5;7;9;10;12;28;29;30;31;32;33"
1785,0.021281,-0.150675,0.383074,"dacb6ebca6823db79c5ed6b76debb243e665bdc7e4cd06fff263ee833c3cb95b","4;5;9;10;11;12;13;14;15;26;30;31;32;33"
1787,0.019991,-0.150408,0.383570,"128f6deb92e339879645dea38d07204067b39f91329821dfe9c7bac5b54ab57a","4;5;10;11;31;33"
1806,-0.085362,-0.057242,0.388031,"364753a6b502cfe8198cf94a4e683c04fad915e368b308eeb0d48d92457bf003","4;5;9;11;12;13;29;31;32"
1809,-0.017261,-0.151160,0.395635,"8f1ee7b2a632be418dd793f7cceef4cbe725bfb7b5d50cc29a53efc78e6fb9d5","4;5;6;9;10;11;12;13;14;15;29;30;31;32;33"
1810,-0.020664,-0.127128,0.391126,"0ff8f8c376dffb987eec5fa6fddddf20375d3fdb8330bdff7f4dafa427875df1","2;3;4;5;9;10;11;13;14;26;27;30;31;32;33"
1814,0.004352,-0.177114,0.396288,"be15e6e7e5765efe11cffe134b3f37ddffdfb7a2fcbf31aabbffd687e7fffcdb","4;5;6;9;10;11;13;14;15;27;29;30;33"
1823,-0.050915,-0.113537,0.396627,"fe5572e635567e7835ecb7376b5d3fe2fed5dde2eca779cef3fda39327af7c57","0;4;5;7;9;10;11;12;13;14;29;30;31"
1825,-0.079873,-0.102437,0.401808,"aa95f6d7e5d678a7bfdd7e3368fd7ec6eff7b791f6fc33e35f7bd4c3078cfc5f","0;4;5;7;9;11;12;13;26;27;28;29;33;34"
1827,-0.015755,-0.178794,0.401911,"3e9df6fafff05ace975ffdb34dff2ee0fffbb7913e6b7bf7fbff9fcfb7cdecd7","4;5;6;7;9;10;11;12;13;14;15;16;18;22;25;29;30;31;32;33"
1848,-0.076498,-0.135818,0.406728,"7271168a4fd192488e74f9ab06d6ee12e899e2534e23ced190000b7f510f2fd7","4;5;7;9;11;12;13;27;29;30;31"
1851,-0.085727,-0.128370,0.412686,"ef77e8c7fd55ffd887ec9dafe9ccdfa65ffcffefce43fffb7f5dafbd2fff5cf7","0;2;4;5;7;9;10;13;26;28;29;30;31;32"
1853,-0.085544,-0.127377,0.407669,"ef94e496e53eceb853fa9d5f5b68dfac5dc6b73ffd765daa3e5fe594efffd855","0;2;4;5;7;9;11;12;13;26;27;28;29;30;31;32;33"
1856,-0.075640,-0.144499,0.413955,"3e4de6e787765ef05186ff025b6c3fa479de95eaecb23daef3efc58567fff4e6","4;5;6;9;10;11;12;24;25;28;29;30;31;32"
1872,-0.280053,0.075072,0.412591,"58bf1abebb9d5eecbb8cfcadefef0390b7fbede76c4b9a3ffac72fbb2a760f1b","4;5;6;29;30"
1873,-0.227756,-0.039359,0.425162,"f4edc9bace2147fc829299ca53e1e90259e24cee7a278ebaf8c7a53cf5fbf2a0","1;2;3;4;5;6;7;9;28;29;30;31"
1878,-0.113793,-0.184740,0.431097,"2e5030886dd5b8488f149d0b8cde6f8fcc19dbd30603bad017508b7f161f1dd6","4;5;6;27;28"
1142,-0.056275,-0.120671,0.402060,"d61f70debe089311598c55f6af4087455679ac53f26ce58afcf022dabea80535","0;1;2;3;4;7;9;11;12;14;30;31"
1144,-0.057779,-0.137204,0.406256,"a81e7dff74fb5673154a7ce77b7da1d14eba9742a1b668bf66ef60817ffd4cdb","0;2;3;4;5;6;9;10;11;12;13;26;28;29;30;33"
1147,-0.070120,-0.126777,0.402585,"0ff9fb937fd4bbd0af5d5fa77cdeeee6a77bff559759baf15f5d8fca06072dfd","2;4;5;6;7;9;10;11;12;13;28;29;30;31;32"
1149,-0.085611,-0.119572,0.405779,"2ad0605a5df5dac84f59f10f4adc7ea8dc89b7078e265ef5175e90fedf0fd8d7","0;1;2;6;9;10;11;12;13;28;30;31;32"
1168,-0.209972,0.079359,0.458152,"a15c7959f0edbff63c66fcbcb225a7396f1a122ea32f757f760b303851d9c2f8","1;4;30;31"
1169,-0.213492,-0.118883,0.442301,"0a9c76d093f630b69d5f56978cbf66edc75fbf10e3dc78e78ff756c60accad7b","0;2;3;4;5;6;7;9;10;28;29;30"
1177,-0.245463,-0.100305,0.442335,"fddfddbebe5b46fcd2fa197e77f8f9a337d23c63ff61ae3fbac765bcbcfb9815","1;2;3;4;6;28;29"
1190,0.108510,0.103930,0.480924,"5c7598e7384e573834a4ef09d7770b5030d46d6a4897d90ef3e7251520b30462","1;2;3;5"
1195,0.029886,0.063057,0.465124,"785d53ed34cb673435e8fa68771780f472fc5f6a499a613ef5ec200022b26669","1;2;3;4;5;9;10;30;31;34"
1200,0.033102,0.065730,0.498438,"56affc3fead9b7ecfefdbcafede8de863fefefd3b66beff97c777fffe5f6afcf","1;2;3;33;34"
1203,0.028918,0.068089,0.485488,"55b5bb67ba4bb7e87ee0ee20f7f64930b37f6c6247f1bb3bf9e7270760722723","9;10;30;31;32"
1204,0.030992,0.065140,0.482857,"786d7344504e4f7831acee085357013438fc4dea4993f12cf3ac251063b26620","1;2;3;4;9;10;11;30;31;34"
1205,0.033526,0.084043,0.487214,"50b48abbbca5b94ebe2dcd1595db6248f92b7f951e0bda13dda5bbf9984239d3","2;3;4"
1208,-0.043873,0.071807,0.515433,"40bd1b7f39cd7057fe296e48b6950030803a6a0003b8f23fe5fd103a4000c7ab","1;2;3;4;5;9;31;32;33;34"
1209,-0.042043,0.061372,0.483423,"41b819f8c9ed3187ba71a8189e974078811b7810134bd253dddd127e9840833a","3;4;5;6;9;10;11;29;30;32"
1215,0.204028,0.086846,0.528775,"a936390c7a7f917b14ee94fdbc1682b55e34de2da50f651fd4473bb81aec07f5","2;3;34"
1219,-0.295006,0.084114,0.514545,"a3b939d76685bd375d69565ab41d1425ae3b778dd3be70e55738bac24d8083f9","2;3;4;5;7;29"
1220,-0.284612,0.092620,0.495838,"2093784934cbf3f5640d7e20d21186143e10066890b8615f668f20c1538ac4a9","2;3;4;31"
1222,0.124666,0.099230,0.527868,"2bd13be065dd7954ad5d7d051e9f7efcec99975c8f3232d1d7d9026b5b876ef6","2;4;5"
1223,0.124751,0.099471,0.530697,"ad346b68f57d7f53754efd1c9b1d3f34dd9a972efb26708677dd807c53dff6f2","0;1;2;3;4;5;11;32;34"
1227,0.184228,0.088751,0.561506,"03ba2b9963f4b807bb5d52f5ac9e16c9a73bb39597dce6d50f3edacb8504afdf","0;1;2;3;4;34"
1231,-0.272459,0.080387,0.546785,"da1707ae19064b39a50ccbc56d6720d764a47dacf88111cdf0f2ea9022a63471","1;2;3;4;9;30"
1234,-0.289022,0.078028,0.560646,"38b57b6ad2c057fd73057da831d7e8307ada06f85b3aa87f7fac246c7382a6f3","1;2;4;5;31"
1235,-0.299368,0.080156,0.578355,"05f4b9cad2a7a3d85649795654f368607f4b12fa933618737d0e276ed953a1b1","1;2;3;4;5;9;30;31"
1236,-0.303804,0.081649,0.583794,"1df2b12bb40fc39956e97144df58d9a41d4c147fbbb05d1ee8cf27e4fbbb4381","1;2;3;5;6;28;31"
1246,-0.108570,0.085344,0.596160,"546d0327ac2866e0a9922be9a2f04d17a87668625c318a60b4b0052a407bd386","1;2;3;34"
1247,0.168519,0.075254,0.592868,"47b287132ad52998aefc96e5ecc6cbf635656e9d8741be518c102ffe08262775","0;2;3;33;34"
1253,-0.117405,0.091737,0.605080,"e571dd61a8474f9802fab06cd357c93b5cd47cfac946f918ed89e5b4b8f30231","1;2;3;5;9;10;30;31"
1255,-0.242021,0.106484,0.595793,"bb1e47bc65b34e7a15c2f0f72b8a21dddea917a7ed8744bf92f2d88a3ffd70dd","1;2;3;4;5"
1262,-0.129696,0.094905,0.635984,"12907b9a52e0b14fbf5559b32cde2e48e7bb9b91168b22d75b261acb9500a5db","2;3;4;5;9;10;32"
1270,-0.175834,0.097475,0.638817,"e2a2ee1664d8f005fb5d7799e2cc3e5b8023ef05f6fdaae1063b50cb4004cf4e","1;2;3;4;5;31;32;33;34"
1276,-0.213143,0.102519,0.804685,"b8056b6cd5d7476d5506e41a7bdd33b158a893e87cbf301f73c9811973b8f6e2","1;2;4;33;34"
1294,-0.074292,0.076655,0.256028,"ad16ff7de06e7511718a77745b73813bb6346628b1f4310847eb7000ebf042a3","0;1;3"
1309,-0.116045,0.072731,0.273836,"ee3cf5f3f67afe9079e2f7bfdf7fd779fff7fff3bdf2edeabeffe7c6e7f5c7d7","2;3;4"
520,-0.029223,0.075148,0.244397,"8d10bf74e37c3111f9476710dcbf227ba635f110b1d4324047fb5202e260a7f3","1;2"
1050,0.067152,-0.121691,0.366754,"bf7e63de74d6ef7055ce55467bdcb7657efc17ffe9f6fcae3578afa837bf74f5","1;2;11;33;34"
1054,0.063382,-0.122397,0.369946,"2551ff4dac56ef11c4c8ff425075b5667e743aead1a13548652ca780edbaf0f1","2;3;4;5;9;34"
1062,0.057315,-0.128919,0.369921,"1f3fcabef3b63ed3bdcedfe76dee33c0ffeb9797bcdb9eeafa7faf83aff7a9d7","1;2;3;4;5;9;10;11;31;32;33"
1065,-0.028666,-0.035837,0.364270,"45eaefff3e036afc7ff956e6f9ebdd60776d7ffea3d2effd7eefefecbeb371a9","0;2;4;6;7;9;11;13;14;29;30;31"
1066,-0.028051,-0.036590,0.364395,"956e4fef6e2b6fd8f6a2dae6f3c1b1627aec7eeec9f7cffff4aaa3843dfb70a9","0;2;4;6;9;14;30;31"
1069,0.046787,-0.122063,0.373143,"3c747adaf5f6dff055cefd025addbe657ffc97eae8f278ec73fbe7c967ff7cf3","0;2;3;4;9;11;31;33"
1070,0.047130,-0.122078,0.370756,"2e1dfedefdf7fff1ddcefd0278fdb764fffab7cab0a37aee777fe78bd7fffcf3","0;2;3;4;5;9;10;11;32;33"
1073,0.048033,-0.128589,0.372061,"5f95e2a7f776feff3beb5ff74deebee2ffcfbfb7fdd3bdcebe7fefc6aff6a9d5","0;2;3;4;5;9;10;11"
1095,-0.076906,-0.048463,0.385415,"0f8cecd78032adb616d75692d9679aeb475ebb9cb0d8ffe06f2fffc4a7f99478","2;4;11;29"
1106,-0.025040,-0.113244,0.391584,"9a7632eead74ffdabd4edf376cdebfe4ffffdfa3ec07aafbf37d8bbb1e7fbd57","2;3;4;5;6;9;10;11;15;29;30;31;32;33;34"
1108,0.005784,-0.152683,0.392779,"85eb9bd8ac082d9fde5850649cc2f16bc70b2e5cc34082d044b86fac9cf0a1a1","2;3;5;6;33"
1129,-0.191673,0.035830,0.386031,"83656f8f6e6befecae62ce82ddc6b3647acd7bef61d5affeb4208b0004ff35e0","1;2;3;4;6;9;30;31"
775,0.159066,0.079601,0.450315,"d35b6d453656eb3864ec9ee6711c97643ec43fefc1b425ff7629ab802da3707d","0;1;2;3;10"
792,-0.216565,-0.101629,0.439002,"ab9e629bf5b3f8f53f4fdfb768aeb6e4efab9794bebe6cff3e5fbec39fcefcdd","1;2;3;4;5;6;7;9;28;29"
793,-0.214370,-0.110984,0.441677,"8b9efed9b7bafdb7bf5f5eb6aceeb6ede73b9f95b7dc27ff7e7f3ec3bfc4add5","1;2;3;4;5;9;31"
802,-0.146957,0.100488,0.470016,"8fd7ed57f61affbc7cea5fe6f97f9b61375e37efe1d42dee6e2fef84aff3d1f1","1;2;3;4;6;9;34"
815,0.105783,0.104176,0.476751,"56633bee78477fe8bc8cff8b57ff2950fedd7fe34883eb5ef1e5af9d003b2773","1;3;4;5;34"
820,-0.210693,-0.177151,0.461028,"9f586ee3a6026fd6155ad6e6192fb16b6fd73feea99d25e2d2ebfa84afd97039","1;2;3;4;6;10;28"
834,-0.037625,0.087226,0.491355,"fd426fe7060e6f3075e2f7c6530391737ec43eeee9b46dcaf6ebe7802dbb7030","1;2;5;9;30;32;34"
837,-0.036529,0.085823,0.492294,"4d42abe5642e6f1065cafe44d3299170d8cc3eee89b0f1c8c7ffe3804afb70f0","1;2;4"
844,0.209986,0.087114,0.512055,"bc777b6d768b6f7c508c75e25345b8317efc076ae0b22c0c76a9258477ba76e1","1;2"
846,-0.040946,0.080179,0.499813,"a9454ce5140e6f3834e0e644d303925158cc1feee9905d0ee6e9a3002dba5810","1;2;3;5"
847,0.032689,0.084919,0.488192,"0fb88ebbede5b85bbf595597adff7248ed2bfb95965bdef14e73dbeb9e44bbd2","0;1;2;3;4;33;34"
852,0.088134,0.087946,0.521919,"66fdfae2ee05fcd48998b9eb1cdd7d33eed1d743c6239ae07fd9edbf75fbd293","1;2;3;10;34"
1715,0.058740,-0.122437,0.367174,"2b9de39ef5f1aeef5f4b586228fcb4e4ff6b9285b7ba7eff3e3e9eaa9f5cf9fd","4;10;11;33"
962,-0.018125,0.071707,0.253229,"c02a9fbc28ad104baa9ba05db6c2401b81a16811334fd25199905b3ad800030a","0;1;2;3"
2800,-0.266399,-0.195597,0.488762,"13227fe56e0be9582fe8f6ee998ff4607e8d7fad89b2e7d8d6f9abb47d8851b1","6;7;9;24;25;26;27;28;29;31"
2818,-0.317706,-0.113810,0.483402,"43ba39996addb99aaefc14ecbcd6c6e6877bff058349ee710c102fbe1c8407f5","6;7;27;28;29;30"
2821,-0.262227,-0.248546,0.496028,"2b327be96c17f9516d48f6e79d9f9672ce1dff8d85b3e7c046f9aa824f8462f1","6;7;24;25;26;28;30"
2826,-0.258062,-0.248650,0.490856,"0b327fe96c9ff9512d68f6e79d9f9460ee1d7f8d8399e1d0d6f9bad24f8c21f1","6;7;24;25;26;28;29"
2830,-0.263693,-0.268132,0.506452,"5a32f3a56b5f39593bfcf6ad0f9fc294b69dfd1485d9b1d0dfd13be72e840f77","7;22;24;25;26;28"
2835,-0.258180,-0.266775,0.496963,"0b3279e96c9cf853ad49f2e69c1ed468ee11ff858799e3c1c6f9bad24e8461fb","6;7;22;24;25;26;27;28;29"
2839,-0.262876,-0.268727,0.504716,"0b3277e16c17f851adc8f6e59d9fd636ee9dff858f83e3c096d9aafa4f842bd5","6;7;22;23;24;25;26;27;28;29"
2848,-0.249231,-0.282796,0.490555,"7bb1b9e43d5fd13babedbc2dbfbd56328e95fd018d2bf390dbdd21ffde2e477b","6;22;28;29"
2853,-0.251202,-0.298422,0.513607,"7df97b6874dd5bf86148fc683bddb9307eb8556ecb23b81df3cd21bc7fab6271","6;21;23;27;28"
2878,-0.307380,0.068780,0.531518,"fd86ce0594126eb875a2cfc643609bf779c46ceeecd2ed0ebeefe5052ff77804","4;6;7;28;29;31"
2889,-0.486083,0.099014,0.461332,"5f736ae5365e7b582decdfa7df1f9b707e9d5feecd9125ccf2edab942fa72f71","6;7;28"
2919,-0.455070,0.085836,0.548685,"0351f74d2e2eadbcec727ec6d924bd6e7e547aeec1b135c8043a42045dfa61fd","6;7;28;29"
2933,-0.529089,-0.042008,0.507768,"0a63c69febb3beccbfb4dbe748caf6c47fefffc786d78ff11e328f8f3fd7b9d5","6;7;27;29"
2937,-0.560807,-0.042537,0.511844,"c5977d67b40e6fb87deaff6cd737907057d47c2ee9b0e90eefff25946cf24071","6;7;27;28;29"
2943,-0.517304,-0.041492,0.497580,"5eaee6befbb3beecbf97d6b76cee6f4bffffefa726c38fffba67cf8fb775add7","6;7;27;28;29"
1434,-0.018151,-0.152056,0.399107,"9a58effd07423d16818ed6a72d3f334beef5bdc768cda0e8f3ebfe8327fc346b","4;5;6;7;9;12;13;15;16;17;18;19;20;22;23;24;25;26;27;30;31;32;33"
1438,-0.013394,-0.151206,0.396202,"92522abc268515458c0694a72ecf2341e6b18f67688722ddf1c1aa9b3418b56b","3;4;5;6;7;12;15;16;18;29;32;33"
1442,-0.188528,0.034597,0.382936,"667b3a9a7c8993c88e4c94adaec4f7048e79ef47c263ea79b8142fbb542e177d","1;2;3;31"
1443,-0.049321,-0.112962,0.394938,"dcbe6ae775747b9077eef7277b0fdfe26fdeb5ceeef4bda37feda78527af7cdb","3;4;5;9;11;12;13;14"
1445,-0.196296,0.034961,0.395310,"4db3fa9a7a99bbd8ee449cadacccfe101e61cf5d8663ee757e152ff9568e1fd1","1;2;3;6"
1447,-0.199468,0.035419,0.396488,"03236f8d7c4bab48aee452e7dcceb740b64d7fef85d1afdc2430ab8004a335f5","1;2;3;4;6;29"
1449,-0.038235,-0.120148,0.396562,"4dae9890dd59a7fb8ac69c8eade26b861b60ca2c6323beda7c052f3d9a7c0fd0","2;3;5;11;14;15;17;33"
1450,-0.069736,-0.104370,0.398972,"cff8e4d3add4bbbe8ffd9fb6e8bfdee66757ffdaf34cebf34f7d8ff78687057f","0;1;2;3;4;5;6;9;11;12;13;14;27;28;29;30"
1462,-0.055840,-0.136076,0.402948,"78fb52e75d9072f8c7acbb67289965c2e8c4efd24e2b8bb57eed874f2b0f700a","0;3;4;5;6;7;9;10;11;12;13;14;24;29;31;33;34"
1468,-0.070093,-0.128080,0.408086,"c613b2deae2cb111d98787b6cee0ee4e5775a811b065f7c28c300f5a8ce89535","3;4;5;6;11;12;13;14;30;31;32;33"
1470,-0.069735,-0.127148,0.404669,"0bbab493f9fc3cb73f7f1674ac36c6efc557fc10b758ebf52f767fc38a548ddf","0;3;4;5;7;9;10;11;12;13;26;28;29;30;31;32;33"
1476,-0.075209,-0.144387,0.412690,"bc96fedecf76f7fe558eff7658fdbfe37ffeb762f0f72bee7f6ff785e7fdfcf3","3;4;6;7;9;10;11;12;13;28;29;30"
1482,0.142514,0.077785,0.442575,"3f11ffedad7fdd580d4efdafdf3dbfbcde9df7678db27180d3fd6896dfff5ef7","0;1;2;3;34"
1483,0.141937,0.078411,0.445927,"3b10f9ed2d5fd9582d6dfcad1f3f9fb4de9df72d9db271c0d3fd20b7dfae4ef7","2;3;4;34"
1484,0.141703,0.081161,0.453544,"bc4472ef57a86a50710079122bcb31d07aa917aa28b6409ed7eda20977ab7282","0;1;2;3;4;33;34"
1489,-0.264760,-0.030979,0.432688,"8d36bd75a42f75ba7cfe7654d7738b7b954c7c2ea1f4790cc7fb7594c8f143f1","3;4;5;6;7;27;28;29;30"
1494,-0.257464,-0.039146,0.429793,"7de69df7ac2f4dbaabfabf5cdf61591b81c67d3ee965e908efdb75348af94271","3;4;5;6;7;27;29;30;31"
1500,-0.238547,-0.055573,0.429639,"b5fdbdfa9dad4ffed6f3ad5cf3f17933ddca787efb67ba33ebdf453cd9fbd278","3;4;5;6;9;30"
1505,-0.270251,-0.042913,0.437156,"eeeff0f2fdbddfde9bb7bd9feeef5f1e9fd3fdd7f66fcaf3fbdfcfffd7ffdfcf","3;4;5;27;28;31"
1515,-0.271635,-0.109341,0.456545,"49333bad2adc3918aeec97ecdfd7c272b635fd6cc101e35dc4f12b980ea60771","3;4;5;6;9;26;27;28;29;30;31"
1520,-0.265335,-0.119072,0.457100,"2eb6e57c7d1fd8fb9ffab46dfefdd6359fd9f735af6b6adfdb5f65bed7ac56f7","3;4;5;6;26;27;28;29;30;31"
1522,-0.270500,-0.119013,0.462167,"2b317d652c1bd8180fe8f5e89f1dd4328e9d7f458f70e3d5c6d931b65e8e42f5","3;4;5;6;7;9;26;27;28;29;30;31"
1533,-0.268887,-0.144509,0.465344,"4b327ae86a167950ad68f6e49d9f96f4e69dffec8503e5d0d6f92a8a2e862b75","3;4;5;6;9;27;28;29;30;31"
1535,-0.246115,-0.177365,0.466436,"7d86cffefc23cefa16ead9fe53e8b9615fee3fafb943cfbfb8efefbcbdeb7011","3;4;28"
1540,-0.264487,-0.179977,0.473110,"2b327be16c96f9502d48f6e4991f9670ee9d5fac8592e1c046f9aa824f8463f5","2;3;4;5;6;7;24;25;26;27;28;29;30;31"
1543,-0.280641,0.104978,0.478422,"0010bfd944e7e95ac657c712d11d3c6a691c1b9883b533dc45abd2401589f5f0","3;4;5;6"
1546,-0.040141,0.078952,0.498452,"2bc548a5340e6eb834e8de45d36392505ccc3feecd905dcee6efaf842da67810","3;4;5;34"
1559,-0.285637,0.092498,0.496348,"22af6a1a7d99fc67df4d7caf288cf6008dab8305d63a66f73e5d98eb558cdedf","3;4;5;6;29;30;31"
1570,-0.300965,0.073829,0.505500,"7eef86bed9c05ee0978ec90368ef2350c9fbefc27e4b8affbbf78f9b93773e42","3;4;5;6;7;28;29"
1573,-0.307005,0.075225,0.512961,"78e89cfe59c113ee9715ec09a6f76252c9fbe9c04a4bda35fbf7de3b1011260a","3;4;5;6;7;28;29;31"
1576,0.124472,0.083857,0.541132,"bd872da99cafc3f88e75815fd7493a01d1025b7fbe21593de9c98d74b40bd042","3;4;31"
1578,0.170893,0.085943,0.558817,"3212fbe96617d9531f4d74b71f9d3638de9997959eba70d0c3d9b8ebf78c76f3","1;3;4;33"
1585,-0.270875,0.085240,0.525426,"c2ad149abfa49ea78b190919ecea445687737951320c9af7a93c0f7b10538b0f","3;4;5;6;7;29;30;31"
1613,-0.171687,0.096942,0.631730,"fd6ad449b43a4c9e77aeb6540b2097fd31c4ec3cace4e59ebaff65d5eab55a04","0;3;4;5;6;11;28;32;33"
1614,-0.171868,0.096097,0.632143,"996bd457a51f4c1777aeb614ab00d7fd02aeec1cecfc65b88afb541362f4c84d","3;4;5;29;32;33"
1619,-0.206824,0.119432,0.894238,"07b6ef1ffad33ff8fef65ee5d9eeff6b176e3ebcf7d1bf776e3e67cc9ef625d5","3;4;9;30"
1734,-0.052122,-0.022693,0.360566,"fffff5f6a975dffedbffbdbd6efddf3f8ff7fd17ff67faf3fbdf7dffcff7ce7f","4;5;6;7;9;10;12;13;28;30;31;32;33"
1735,-0.052216,-0.019785,0.358463,"fb327de82dfdd85acbf9b4fd1f9dd63e8e95fd158f67f7d0d3d939ba4f8c5677","4;5;6;7;9;10;12;13;29;30;31;32;33;34"
1749,0.054925,-0.152932,0.376960,"dcdefdf7ac455fbc175eb632fb7f8063efd7ffcae9e77bfbf3fbf79c34f9a479","4;5;9;10;12;13;14;32;33"
1750,0.055403,-0.154507,0.380736,"dcdcfdf6ad5f75bebffeb638ffff437ba7f7fd42e865fbeafbfb7793a2f0857b","4;5;9;10;11;12;13;15;16;31;32"
1756,0.039676,-0.137388,0.374201,"9ebf7292f3dbbef5bf6d75f70cccb6a53e7b97d3f6bb2cff3e552fe7378cafd7","4;5;9;10;11;31;32"
1759,0.024139,-0.128449,0.379706,"d61ff0dfbe188b195d8c57f7ef6c974f76ffad1cb1f4edcab4b02a9aadeb8115","3;4;5;6;9;10;11;12;13;14;16;17;31;32;34"
1762,0.029889,-0.138649,0.380712,"9fde66d76397bef4bd7e76f769ceb78d7ff997e7e5f53cff365bdf837fbd29dd","4;5;9;32"
1764,0.009191,-0.120956,0.382738,"3e99f4b735ded8b45bddf50b6b7f1e15ffe3b585defa68edcbdbdfc36fae785f","0;1;4;5;6;10;11;13;14;32;34"
1767,0.009054,-0.121790,0.384500,"2ab0f4ed25ded838cbdc740befdf1e869eb9b5a18ef0e2d587f9cb8767ac5c47","1;4;11;12;13;14;15;33;34"
1771,-0.059887,-0.045401,0.378782,"a85e78df3e9197fa5d0674e62b0ca5604e7a8342e02c66bf66ef421b37b944a9","4;5;6;11"
1774,-0.061723,-0.046234,0.381345,"fdc7cbfa8e014fd8c250bdee53e1f9af7dc25cfecb632e33f0c9e5fcbffbf2a0","1;4;5;6;9;11;29;30"
1775,0.035920,-0.151575,0.380704,"dade6ebe2fd63fb49d5ed6b77dffb243e6f5bfc3e8cf2bfff3f3ee913ebc3d5b","4;5;10;11;12;13;14;31;32;33"
2200,-0.020571,-0.136745,0.393469,"b4eec5f35d80e2e057b8727763495582e9cc24922efecbb71ed68543690b7882","1;5;6;12;15;24;26;28;29;32"
2205,0.009352,-0.180991,0.402726,"1cdff6e7f5567ef675ff7e374b3f5a42ffd6b7dafcf839a67fffe7c5e7fffcdb","5;6;10;13;14"
2206,-0.017276,-0.151642,0.395845,"8f34a692ad36bcc18ddb9317ccfefeefe565bfb7b5c5bec2985bffc68e7cb9d5","5;6;9;10;11;12;13;14;15;16;17;29;30;31;32;33"
2221,-0.015965,-0.178364,0.402133,"be9f74fbfdf15bef1f5ffdb34fff2ec9ffdbb7913efa6bb7dbd79dc7b7cdfcd7","5;6;7;9;10;11;12;13;14;15;16;18;20;22;24;25;26;27;28;29;30;31;32;33"
2226,-0.049510,-0.136566,0.399453,"3c7e7ac2349752f055a4dd2e6ad9a71578b8856aeab318bff2dda33b0fab7ebb","0;2;5;6;7;9;11;13;14;28;29;30;33"
2241,-0.061031,-0.187139,0.419869,"9f17e7e4a6767f7115cedff659ffbb6b7ef5bfafb99325caf2ebea84affef471","4;5;6;7;9;10;11;12;13;14;18;20;22;23;24;27;28;29;30;33"
2253,-0.080471,-0.183896,0.420259,"be5572e0b75d5e543d4cbe2f0f1d3780be9197e3e8b330cef3dd2ac32f9fed53","5;6;27;28;33"
2254,-0.080929,-0.189528,0.425054,"0f99ec57e75effbc56ff5636f97d9e6f375eb5deb1f8fde14f6ff7c0a7f5ddf9","5;6;7;11;14;27"
2268,-0.099641,-0.187588,0.430229,"8ebcf2f3fdf47b96bfcd7f3769ff7ee2efd7bf91bffcbbe3effdb7c3a7cdecd7","5;6;7;12;27;28;30"
2272,-0.285013,0.075518,0.410847,"db4c67b5535a7c6b3de2c29a7f2e13f53f9ddda5edd665cef7ebdf0127e42774","5;6;29;30"
2278,-0.115103,-0.188642,0.437631,"ae50f4ffe576dc981b5e75134a7d3f8fdfd9b7a2acf67be207dbd587f7fdfc57","4;5;6;7;11;12;13;27;28;30;33"
2285,-0.099122,-0.203626,0.429712,"228560cafd859eef1d03b91b68683c40d9931321742b48ff3f3e8e5b554af08e","5;6;7;13;28;29;30"
2287,-0.100326,-0.206485,0.436524,"a2960a9ad5e3c1eb1f0df1174e682ec9d983a7913efa48f71816dbd3d509fcc3","5;6;7;12;13;27;28;29;30;31"
2288,-0.282930,0.075381,0.414593,"5bf743aeb21a5efc3dc8dbef6f6e83d0b6fdfde7cd93ddafbaf7af922ef62b5d","5;6;29;30"
2289,-0.282464,0.075250,0.416997,"7bbf0abe3b9b5e7bbdc8d8edefee22d0f6effde76d8b8abfbaf72f9b3a66ab5b","5;6;28;29;30"
2291,-0.230952,-0.039451,0.427549,"f5aecf7e9e2347ff56a2fada7361993179e66caee9f36d3ff8efe514edfaf220","1;2;5;6;7;9;29;30;31"
2308,-0.332524,0.026615,0.453670,"22ef63bbf6c1beee1e0558a3acec3600ff6b8395a6ba0eff2c179febd51cb5cb","5;6;7;28;29"
2314,-0.259576,-0.041305,0.433319,"7d319966ad0d57986bf9b74cdff7493295d47c5e9963fb20fbdd653ccaf3c273","4;5;6;7;27;28;31"
2317,-0.244431,-0.064798,0.438129,"ddfffffebea74ffcd6cabdde7bedf9627ff77deefb63aebffaefe5bcbdfba071","1;5;6;9;28;30"
2318,-0.333973,0.023578,0.452966,"0aef2abbf483aee71e0d58e7ade83280ff6b83d5f6b84cffac47bfe9d51cbdc9","5;6;7;28;29"
2331,-0.266511,-0.043733,0.429376,"7eb8edfa9dddd9d8cbf5b40fefef5e22ddd9ff918a6bfad1dbdbc77fd3ae56f2","5;6;7;27;28;29;30;31"
2333,-0.253099,-0.074989,0.438319,"bdfde75ffe73e7fc36fafff671f7bdf57b6e7efef9d7efbf3eefe784affbf0f9","4;5;30;31"
2335,-0.278509,-0.036306,0.440527,"7970386a2ddd5b58eb6ca50cbbdf5a308094dd4ece23fa95d3f9013b6a864672","4;5;7;27;28;29;30;31"
2352,-0.041790,0.066756,0.497311,"68a0bd59c9dd414ffa31a018b2b544ba893a68181b6bfa118fdb557bd000c6aa","5;6;9;11;12;31;32;33"
2359,-0.152030,0.101510,0.474091,"87dfed47f23aafbc7cea5ef6dd669f65374f37eff1d46d6e6c2fef84acf391f5","2;4;5;9;30;32"
2370,-0.324783,-0.041747,0.462850,"78b13961b00f533d6029bd0897130830949c5c781abad10cffed2574e082c223","5;6;7;27;28;29;30"
2381,-0.265636,-0.139614,0.467226,"4b0257cc6c12e8512d60f2e68d8ab4fe6e8d7f8d859385c496f8bac02f8c6985","5;6;7;9;26;27;28;29;30;31"
2387,-0.277257,0.105410,0.475882,"31146bcd74c7eb7b5649de0271ddb4607ebc17a8a9be35df75afa280358a74f9","1;2;5;6;30"
2396,-0.263630,-0.197738,0.478262,"5b32fe65735e795833ed56ef4f9fc2fcb6ddf5b487d2b5dddffb3ba72e842ff7","3;4;5;6;7;24;25;26;27;28;29;30"
2406,-0.260888,-0.219160,0.482554,"1b327e612f5ff9586fe876ef1f9d9624ae1dff0d84b1b3d0d7d92192478c47f3","5;6;7;9;24;25;27;28;29;30"
2409,-0.254278,-0.210665,0.470510,"03327be16e08f9502d69f7e69d0f9468ee9d7fcd839be1c0d6f9ba804d8861b1","5;6;7;24;25;26;27;28;29;30;31"
2410,-0.249948,-0.233298,0.475848,"2fbefcfbfccbfeb85fdb34e7fd7fdf019f5b57bff7e84fff6edfffe6fff45b99","5;6;27;28;29"
2411,-0.261279,-0.228379,0.484209,"5a326fe909567950376dd6a7099f96e4fc9dff958dd3f5c0d7f9bac32f843c77","5;6;24;28;30"
2413,-0.262802,-0.230307,0.488722,"6b337be96c1579516d68f7ed991f9674ce9dff8d8d92e1c0d6f9aa9a0e8c72f5","5;6;7;24;25;28;29"
2414,-0.258558,-0.238822,0.489486,"0bb2f4fd3c1bd938dff8b4e5fdfdde269f7dff3d87e06fddcedbefd65eac49d7","5;6;7;22;23;28"
2419,-0.319168,-0.134119,0.490294,"43ba959a288da998aa7d90edecc6c67687637c1d8741ee7188102bfa1c040375","5;6;7;26;27;28;29;30"
2420,-0.285701,0.090702,0.497726,"78b012e80bed5243ab05a8092f9f6090b0b1cd000e0b9093d3d5007bb2422f0b","5;6;7;28;30;31"
2422,-0.357311,-0.048608,0.476282,"db727be13b5d795029ecb6ed9f9fd634a69dfda585e7e7c0d7f92bbb6f8447f7","5;6;7;28;29;30"
2424,-0.361490,-0.049077,0.482082,"f7adfaf3dc6dffe67d63bf1bdf3f1f39ffd75fafb8fff9e2ffdfdf75e5fbe3f2","5;7;27;28;29;30"
2612,-0.063359,-0.057433,0.378599,"2d8511c9b48f47b95f395d10d011a864d90a1628d33869976cdea5f4168ad0a1","6;7;10;12;13;27;28"
2638,-0.073414,-0.121112,0.407026,"892c57d126ff9c321cf25ef7b90d93c9572e962ea5f4648e464b72a42ecd10d9","4;6;7;9;14;28;30;31"
3156,-0.215323,-0.100513,0.432353,"3ff3efeaee71dfd8c75cbdef5bedff2a7fc0ffff8b63feb1facfe7fcfffff4f1","2;7;9;28"
3171,-0.213270,-0.127295,0.444153,"4ad1b6e89bd41b96af55cc078cff62c6c67bff51538bf2e1fbf51e5b8a1ead5b","7;9;10;28;30"
3182,-0.271303,-0.046055,0.440474,"79b939e81ddd5bd8c3b8ac0cbbdd5430c9905f588b63fa95dbd9857e5a0a523a","5;6;7;29;30;31"
3189,-0.256023,-0.081113,0.443359,"9dffffffde3faefc76f3dbd6fbecb9e17fff7ee3f5f3ffffbcaf6f24edfbb5b1","5;7;28;30"
3201,-0.265847,-0.106387,0.456402,"9d5eefffa632ffbe74cad6f6796fbb6b7ff73deee9d52deee6efef842ff1f0f9","7;9;27;29;31"
3202,-0.263438,-0.105111,0.451603,"178df7f7340a6fb87d86f3c6fb6b9d437ee53fefe9f14decf6ffe7802ffa7021","7;9;29;31"
3215,-0.259843,-0.138362,0.457838,"5b82f6ed6e1af8383ff0f6e6f9eb94f676f53fad8dd0cfdd9efbeb842fac7905","7;9;29;30;31"
3216,-0.268060,-0.149190,0.467886,"be4f6aebee236fd66d0effff1b099f507ec75feff8a74deaf6fda68c6fdbe2d1","4;5;6;7;26;27;28;29;30"
2728,-0.236865,-0.046118,0.423735,"de3598bfd30c3b4d1aa545976d8f6b4b34df8bf6325d9de2ffe11e68bb0385d8","6;28;31"
2732,-0.153049,0.099824,0.467873,"8fdfe947f63aefb87ce25ee6d96f9f61375e3feff1d07d6e6e2fef84aff3d1f1","3;4;6;30;31"
2739,-0.259245,-0.039218,0.433137,"fde68cb3ac0f4db81bba9159d74f5b1bddc47d7efd46cb92fbd3e5fd00f9da11","3;4;5;6;27;28;29;31"
2740,-0.256355,-0.057783,0.435884,"beedc65fd9a66ffc37beff9771e3bf577dee7ffe78d7db7f78aee78cabf7f2b8","4;6;9;29;30;31"
2765,-0.244477,-0.136576,0.455097,"97fed79edf51a6fcdad290f269e8fda73f6aba63e767beff3806cf7ab7ff398c","3;6;9;28"
2772,-0.340372,0.074821,0.428652,"de2cbcb78b6d1d8abbf68719eef74b1ba1f7f98320459bf2d9f35f3f80750742","6;7;28;29;30"
2777,-0.315751,-0.042631,0.455207,"78bcbc70a96d5597b33fb408bfb7403b81977d182a6ff231dbdb7479e2c0c67b","6;7;28;30"
2786,-0.258213,-0.166573,0.462807,"2eb0fcf974cbf9f85ffd74e7fbfdde00bf7d373da2f02fdd4edbe5e4ffac42d3","3;4;6;24;25;27;28"
2794,-0.312309,-0.042096,0.447879,"f8bcbc71a9ed519eb37fa418bf37423b81d77d082a6dfb33cbdb7439e2d0c67b","5;6;7;28;29;30"
3565,0.069421,-0.122697,0.369483,"0bdde1cf75d7aefe5d4a5842e8fcb4e45c6a32cfc5b87fff243e9e821f7ef1fd","5;11;12"
3739,-0.001759,-0.150463,0.387107,"cf16a797ad72bc23bddbd3f3ccfe96efc767fda5bdc5e3c28a76ff938e64b957","5;13;30;31"
3754,-0.016773,-0.150464,0.393847,"821969d786c39d3504e0dfa6311f20614eb39383e99a75fc65089e803ddab4fa","9;11;12;14;31"
3755,0.008629,-0.179695,0.398772,"1c9dfee7f776ffb677ff7e12493ddee27fd6b7cabaf8b9a77feff7c5e7fffcfb","5;10;11;14"
3764,-0.023280,-0.145700,0.396564,"a61ef6dfeeb2bd71dd9e75f7c8eca76fcf7aa703b1f66eea0e3aef8acfff75f5","4;6;9;10;11;12;13;15;30;31"
3768,-0.038950,-0.136273,0.396208,"b81e50fe6a9b56f8150e7def6b4ba1915ef987626cb64abff2c321b97bbf469b","0;4;11;12;13;32"
3057,-0.038709,-0.113814,0.392634,"be7570c37d7dfbd80b6cbd3f0add5fa4fed9dff2ee27f8c27f5987bf47ef7ef7","0;7;31"
3071,-0.016187,-0.178485,0.401113,"beacf6faddf1dece9fb7bc1b4bff6f8cfbfbf7933e6f4af3fbdf977ff75fecc2","6;7;9;10;11;12;13;14;15;16;18;20;22;24;25;26;27;29;30;32"
3568,-0.002559,-0.036017,0.357641,"ffbeeefefe2b7eff3ffa7efb79efbd717fff77afb1dfaffffe7fffa4a7fdd3d1","0;1;5;6;9;29"
3620,0.057183,-0.138253,0.371921,"bf1e6cd2adbdd8f69ffeb41f2aec77e9c9aaff17be4f7abe9b5fd9fb974d5adf","9;10;11;12;13;14"
3625,0.065253,-0.147113,0.377430,"da562fb6b5ed3d479cdd5fb3ecef2a49a533bf1122d923ecfbd3de83805cb57b","9;11;12;13;16"
5198,0.202551,-0.035482,0.302134,"6cfdbc65a84f57b87beebc08df3f43339dd47d7a6872f918efdb653542fb4673","12;13;14;15"
3440,-0.639200,0.066571,0.584324,"b8b11a68f1dd5077350d7c183f9b2290b8bbc5087aba101ff3dd30697288ce8b","6;7;29"
3780,-0.066978,-0.137870,0.411222,"36fb96e35d8472d0c31dfa676ad96c56e8cd67d20ebb9bf11ef881424b0e709f","0;5;32;33"
3783,-0.088538,-0.102319,0.406096,"ee95309afd759eef1d4fbd1f4c7e2ec4dd8393a1740b78d63f5f9eff964cfc57","2;11;12;13"
3792,-0.220474,0.039382,0.410021,"2c674cafdd5be6ec76a4ff0ac3c91ac478ceeaea48f0cfbc66eb850167bfdc80","5;6;29;30;31"
3798,-0.076399,-0.143673,0.412151,"477731c6ed557ef8c9ec1d6f8c4fff268e41dfeec423bec8375887bf16bf05d7","0;2;9;11;12;13;14;29;30;32"
3823,-0.098592,-0.203243,0.430279,"22d562cc7dd49ee5894efc0b28dc36c4cca197e3c42b60fd37788e9b171efdcf","5;29;30"
2952,-0.475770,0.092576,0.560524,"21e56fc1d6467d7f25447f8251073a317e9413bef1ba354c6f0ba6442d88f0f0","6;7;29"
2964,-0.605534,0.087675,0.539535,"1d9210ab33b36ad817415fe6cf43aac47708861c9b906dbfaaf713c7be8f29b5","6;7;28;29"
2972,-0.618599,0.090017,0.552358,"199713af97c3073f4449db66fd73a8c4760b0ea05b980dbfe8e622c03e8ea119","6;7;28;29"
2973,-0.584372,0.080222,0.590867,"0616821b93bb380b3e7743d5cc660bdcb70fab95b7d01d5604769ac79845a955","6;7;28;29"
2980,-0.665961,0.066745,0.610423,"2c385d79cbef7052a51b61151f17201ba793c71032d81a15cfcb7047fa8126d3","6;7;28;29"
2983,-0.652475,0.066210,0.597992,"acb45e7970ef715a341d75111f570a19ad19c73832fe10154fc92045e2816e93","6;7;28;29"
2995,-0.606639,0.090931,0.704279,"925d3ab8a3d514679d4ec00bae966341e43b9f00680f30dab3d01e3b1058a57f","6;7;28;29"
3089,-0.056916,-0.120327,0.398989,"cd3e53a23626bfba1ceafbf7dd0fa3c9570f9e26a5f2fdee227f638c4eff2951","5;7;9;10;11;14;28;29;30;31;32"
3102,-0.079566,-0.112498,0.403857,"bacbe7e555d678a6e11d72036b2b34d7e8d6b5d84ef8a1a11ffbd6c3a78c744a","2;3;4;6;7;11;31;32;33;34"
3103,-0.085668,-0.103512,0.399412,"2a91e4dbf5f6f88b1b5d5f1368fe7ee4df9fb79196d87bf50f7f9bc7978efcd7","0;7;9;12;13;26;27;30;31;34"
3654,0.018195,-0.121713,0.378646,"be746ae975f7fa7a15caff227bddb7e17eb897aaeab7249f73dda3a937ad7cd3","0;4;9;10;11;12;13;33"
3656,0.017750,-0.122152,0.382313,"381472e875f7fe7a15eefe236bdd37c1febd97a2acb3319ef3ffa38377ff7cd3","0;2;9;10;11;12;13;14;15;31;32;33"
3658,0.031808,-0.128508,0.377178,"5bf46381e23eafff3dea5ee7dd2edee537cf3fafd5d0bdcc3c3effc42fd6a9fd","0;5;9;11;33"
3659,0.040926,-0.137274,0.373723,"2eb6f0abeff9b6cf5f6f7d3b8cfccea4bf5ba7119630aaf37e5527afd65e8fd7","5;9;10;11;12;31;32"
3667,0.039683,-0.144681,0.378160,"06b3fa88d69fbad55b215dc70dcc3a64369f937196bb1cdf7f240565b78ead84","3;9;10;11;12;13;14;15;22;23;31;32"
3674,0.030408,-0.138180,0.376677,"bab773c8f69bbafd5b2d74ee08dcfcb57e9d9771f6ba2cdf3e5c25e7778ed6f5","5;9;10;11;12;32;33"
3836,-0.278420,-0.042578,0.441962,"79307a686ddd5150e76cf42d1b9dc6b4ccbcfd048e2bf290d3d900bb738c4ef7","4;6;7;27;28;29;30;31"
3859,-0.273655,-0.119186,0.461772,"2900715155df691275257618bb1394bd4888f2188bbc71c447f91041438c4aac","4;29;31"
3871,-0.264441,-0.163229,0.467748,"1b327fec6b57f9586fcdf6a70c9ff67cee9df79484fbb3c057f9338b67842ff7","1;7;25;29"
3880,-0.257620,-0.186667,0.474519,"2f967dffbc1fdfb85ffeb4efff6d9e215fd3ff2ffb606fffee5feff457ac5df1","7;9;29;30"
3889,-0.259502,-0.200301,0.475459,"2bb2fe457d9ff958effc74edf9ddd6b6963df77d86f0fedd4e5921a647ae57f5","5;7;27"
3225,-0.262511,-0.175925,0.476725,"5b32f9ed6c1ef9183be8f6eefbffd472fedd3f8d8952e7d9defbeb9c3fa85071","1;4;7;9;23;24;25;26;28;29;30;31"
3235,-0.263446,-0.185110,0.476153,"1b327de12e1ff9586fecf7eedf9dd624ae1dff4d85f061dcc6d923d67f8c4df5","3;5;7;27;28;29;30"
3237,-0.261822,-0.210833,0.488921,"5a92f5ed2e1a78381ffcd6efefff9662f6d5ffe18d50ebd9defbeb963eac5571","7;9;23;24;25;26;30;31"
3246,-0.265546,-0.216831,0.489857,"fb577bebee2b6f576d6afffe1b0f95706e875feff9b765e2f6f9a2906fdbf2f1","5;6;7;24;25;26;27;28;29;30"
3265,-0.261991,-0.249582,0.495817,"7b327fed695779582fecf4ed1d9fd674fe9df78c8dd3e3d0d7f9a3a22f8666f7","6;7;22;23;24;26;30"
3274,-0.287735,0.082554,0.501776,"8681f3dbf5e8f987bf115d929cdf7c6ca33b1399123832f34f1c9e4a96c4f5f6","5;7;28;29;30"
3281,-0.317320,-0.115300,0.482434,"78bad8b2a899589fab3db0fdaf8bca928713cd159e4bca31cad13dffce848b1b","6;7;26;27;28;30"
3296,-0.362794,-0.048678,0.482268,"d5f31da5b80e7fb82ce8d3e5d7678943b6556d67e1d0c90cece32f942cb20951","5;7;27;28;29"
3997,0.034261,0.031524,0.327439,"002013c90d08a340ec00c240858331c4700c6a6a0091954885a08a00003221a0","9;10"
3686,0.037392,-0.152512,0.383841,"9a976fbab6877ff59c4d5fe77defba4176a33f6df0893fdffacbaec0358ab57b","4;5;9;10;11;12;13;15;16;22;31;33"
3688,0.021295,-0.137060,0.380922,"e419b5debdd08103db1cd138a2dcf5efc07a3c13bb6eeaa88970c65ad629d467","9;10;12;14;34"
3692,0.026250,-0.144107,0.379878,"b9ff716b529e6b7971647cce2f06a0f4369986fefbba3cff3fed24607f8606f4","5;10;11;12;30;32"
3695,0.034190,-0.151142,0.378088,"ce1ebebfaf703d9abfdfd637ecff534be777ff83a4c5ebe2dff3ff9386752d5b","5;9;10;11;12;13;14;15;17;31;32;33"
3705,0.043368,-0.178903,0.384148,"d704eec48472fd5f55cbd71259bcbe6b78c53fb9bcf7a5c2d36bfe85a7fcf0e4","9;10;13;15;17;20;21;22;23;24;26;32"
3709,0.041328,-0.178840,0.384312,"ded5f6bca576fecf9dcfde374cfe7eeeffffbfb3bcc3b2c2bbffdfcf867dbd57","5;9;10;11;12;13;14;21;22;23;31;32"
3714,0.040802,-0.179561,0.385989,"fefdbefeddf75ffebfffdd13cfff7ffffdffffb3feeffae2fbffdf1f837ffd52","5;9;10;11;12;13;14;15;17;18;19;20;21;22;24;25;26;31;32"
3984,0.086429,0.032608,0.317501,"ba206661655af9106d54779b4b0c9ea42a84f78d84b025c0567b82c167845fd4","9;10"
3526,0.048294,0.031441,0.321624,"23226811249968037f15f29d8388d618caa86e1d8efcc7d106185051c48c5244","9;10;11"
3527,0.047827,0.033122,0.325469,"206242a04c89e040ac34f2eb0288541ae8884b510233c3411400027945085682","9;11;33"
3528,0.047134,0.036309,0.339402,"f67002be19dd126889c0810946d42394d8b9cd634c83d2bcb110093b502f3e56","4;5;9;10;11;32;33;34"
3531,0.047954,0.031814,0.322857,"723302b45bc39268aba4a18f0ecc6794b8b9cde30c639adcb150093f41262f56","9;10;11"
4420,0.042769,0.033482,0.327452,"610322085d5da260c46ce52e0088b6e4d884ca62cc23e59c3620823b510e7cc6","10;11;31;32"
4427,0.028545,0.034685,0.338470,"74627861520b5fd832b4a5895347491237dc457a4852c91cfb89257463b346f2","3;9;10;11;33"
4956,-0.085757,-0.057132,0.387117,"0a7135936fd9b4c58fb810228c9c658bea39935346700ad007104f2b141e158f","6;11;13;28;29"
4961,0.073808,-0.138497,0.369490,"f6bbff54cb559ffad3f6b4bb0afc6e1bded5ffe2fc67e6a05bd9c5bf677d4473","5;11;13"
4040,0.097257,-0.120920,0.349383,"2a9120ab95f5ba6b1f055d138cfe6ec4dd1b9391161a5ad78b559aef960ebdc6","4;9;10;11;12;13;14;15;16;17;31;32;33"
4042,0.096539,-0.121110,0.350948,"a6b8b8daedf598ce9f7fb5138cde6e09cd1b931136677af35f1b5f7f9159c5d3","4;9;10;11;12;31;32"
4049,0.089145,-0.121935,0.357246,"2bdf428e5791bee71f4d5ca728e8b6c47eaa938dc61a14f7367d8eeb1f9ef8dd","4;9;11;12"
4053,0.099914,-0.137897,0.353744,"0efcb19bd5f5baca1f4b58138cde7dc8dd1b9391169c58f70f559ae7924d3dd2","9;10;11;12;13"
4054,0.099502,-0.137289,0.352518,"0ef8909bf5d5bece1f1b5013acde6dccd91b93d106145bf30f569feb921db99f","9;10;11;12;13;31"
4056,0.098522,-0.137419,0.352313,"06fd98baaca5bfee9e3a9c07acfa6601cd4b1f4356695af1fd99cfba10799183","9;10;11;12;31"
4057,0.098146,-0.137393,0.352029,"80bd38bcecc5bd779e8e580bbcff6201cd3b3b01706af2fffd93ff2a107895fb","9;10;11;12"
4058,0.098524,-0.138881,0.358537,"819d1bffb48f6d3714aa5a40f7f30041542e3e0869d8713fe18f770000c881a9","9;10;11;12;16;17;31;32"
4062,0.086247,-0.145245,0.363430,"856adbf9b4836fda1e0250d69dc3f9687749167ca3b405f2e88f2fc4bcb921a1","9;10;11;12;13;14;15;16;17;18;19;20;22;23;24"
4067,0.085264,-0.147168,0.368909,"d55cfdf5ba6e5fbe7efabe50d737817b67f77cb8a9dc712effef77d4a0f12139","9;11;12;13;15;16;17;18"
4076,0.057963,-0.138574,0.372246,"6bd220ae4d054dbd1757c59ff1613a445d823b8fc806db93f43edcbc1e9ed05a","9;10;11;31"
5291,0.048697,-0.120006,0.363857,"3e9be6e3b5527ff43d5df7874b2f2e4d7fdb97d098f829e4bbdfdec7e7befcdb","12;14;15;32"
5296,0.068504,-0.129905,0.367611,"dc17dabef67a3298db7f57fbcffcebfab7dfae61a451acd3d2676bbfb4ff0d43","1;2;12;13"
5305,0.047260,-0.121876,0.368051,"daf074e127f8583a2b843e032f5e5652feb5b591ce1cd3d7dfdd8bc3270e7d53","12;13;15;17"
4479,0.089913,-0.123736,0.333596,"2b9d765ef5d4bc67ed4dfe1228bc36f4eeb3bf81f6ab36ef377f924b474ceddf","9;10;11;12;14;17;32"
4481,0.067080,-0.121802,0.366082,"d775638034d2cb5451c053f651ccf5e47eec15ffed96a48ab86cafc82fbe7075","2;11;33;34"
4485,0.060954,-0.121239,0.366562,"bdd9fae764167bb064c47f02599dfb627ec4b7eec8b1bda04fe9a48467bb78f8","10;11;12;33"
4486,0.059690,-0.121973,0.368213,"2c41eacdf442ef75c4ccff0251fdbe62787433f891b125086f2da7c0f5baf4f1","10;12"
4489,0.067609,-0.128818,0.364249,"0d3795ecec27adfb0eba18669df3f1a3df5917afc1430bd8ec89efac98f821a9","10;11;12;13"
4502,0.054329,-0.128351,0.371062,"dc993ebcaf4917218d7e173b5ff92243a3653d67745d0fb5f0636bdf3c2c9d53","5;11;25"
4507,0.048619,-0.127278,0.365909,"9c8f2ea19daf5bf284340e17972b3341cd651b7fb89971bce9c3ab54b02d1152","9;10;12"
4508,0.048751,-0.128659,0.372441,"5dce7aa4264b36b1dc7a1fbb5ff9b24937e5bd23c4150d96f2676fd53cbe9943","5;10;11;31;32"
4512,0.038925,-0.130360,0.377391,"dc8d55cda8424faa857087b24b7780d74ad6ecea79436fddfbe2e1d536a1a430","10;11;12"
4517,0.027434,-0.136263,0.373294,"f70da3debdd6cb01d5c8d712d2fcb56dd8ec3d99b9e7a68abbf887da872cf464","10;11;20"
4086,0.031631,-0.137667,0.377680,"7991f1ccad7c568f4b6dfc0a6afc7df4dfd6ac119e33fb91df7f143f97cedc7f","9;10;11;15;19;24;31;32;33"
4096,0.045073,-0.152501,0.380126,"2e8f2da9bc8f4fb29e3c9ec7812f3240cd663ffff81869bfef53aff414add461","5;9;32"
4098,0.044194,-0.152064,0.377689,"d99d6eb6b68977fd35ccd6af7ffda24132e23f65f8ab2fbffacb7dd82f8ef17b","9;11;32"
4099,0.008712,-0.128399,0.383408,"8dd6f3e1f416ebbe57f976f7990dfae65746be7ce7fceda22ef936c44f8d70d9","9;10;31;32"
4102,0.025676,-0.144422,0.380495,"aba7644bf597aefd5d48f4c6e84cbea5fe0b96fcffba6dff2e5b8ec05f8ee9dd","4;5;9;10;11;13;14;15;31;32"
4123,-0.038078,-0.113002,0.392396,"3e9cf0d6f57edaa2191fb413ee7e3f9dfff397b138ea78ef9bdfdfc7d76c7d57","4;7;9;10;11;13;14;30"
4129,-0.035487,-0.119800,0.388766,"a9fe53477636baf010ea7be7790daf815f5d8726e5f6ecaf62c921a46fcf68d9","9;11;12;13;14;15;27;32;33"
4131,-0.020492,-0.128495,0.392092,"4ffcedd3b4ddbfbf1eff17b6f87dde6a075fff1fb35cfff36f5fffe48fdfd5f9","0;9;10;12;13;15;17;26;32;33"
4135,-0.000011,-0.151346,0.390082,"df5ecebe8f321e9699d286f76dfa23cbe767fde7e4c58febf263cf932e75391b","3;9;10;11;12;13;14;15;31;32"
3925,-0.318519,-0.130893,0.489171,"7ab2d8b2aab9108fab3db0fdafab4a9a8793ed101e4bce31dad53dffa6c48f0b","5;6;7;28;29;30"
4000,0.033732,0.033625,0.333195,"406103c94d88ab40ec00cb0a9082107078a46aeb0083d44c35208a08001373a0","9;10;32"
4002,0.019574,0.032154,0.330681,"6fb0ad4e295d119883fdac8deafdceb68dd4fd148f63fb91db5945bfd2ae5e77","9;10;31"
4008,0.093400,-0.048127,0.335498,"03136f8f66a2b9718c445be7348eb6606e331785859924cc442efa823d8235dd","3;9;10;12;13;14;31;33"
4009,0.095373,-0.048670,0.335399,"a2d8628877d1ba401d4c54b3289cb624feb997c5a6be24df26188aeb170c75d7","0;3;9;10;11;12;13;14;16;33"
4010,0.094687,-0.048952,0.334899,"824a66996793b8471c5e50b3080cb769ef399385e4bc04df061ada83150c35cf","0;4;9;12;14;16;34"
4531,0.027146,-0.144670,0.383693,"4cd3bac8bc901695ca8dbe64c4c3ee42d674ec50d22bc240eab526df8e9aed03","2;5;10;11;12;13;14;15;24;25"
4534,0.039368,-0.145410,0.379600,"0a2f229ad5b5bad75fcddc4328ec7784fcfb93d1b6aa22fe2f559eeb97cefdcd","5;9;10;11;12;13;32"
4592,-0.004287,-0.144134,0.390032,"aaef655bd595a8f75751f0d6a9ecb4a5cdaa9294b7ea76ff2e5e9668d78cf6cc","10;11;12;15;29;32;33"
4593,-0.018399,-0.136435,0.390984,"2d2a93aa69e193488f4cf9efeecc638cdca9e6060f23cab190d401bb530f2ec7","10;12;15;31;32"
4595,-0.013785,-0.144486,0.395581,"68977ac0369292314c85cfe6dacdecc4563c8878d1b9d4ce6abd06564e8af911","10;11;12;13;31"
4597,-0.015585,-0.147095,0.404045,"17247aca57fd9b411dc05d971bcd364476a9173c33b6b48ef3ed0368f92b29d0","10;12;30"
4604,-0.027841,-0.137725,0.399047,"b8fe187a79dd52f05108bc6d3ad10095d8e8846a6a274a3ff2dd217b521b4a8b","10;12;24;26;31;32"
4606,0.041471,-0.180031,0.388377,"df14e6e0a772fc57bddfdeb749beb6eb7fc5bfb5bdffb5c2ba6ffec6afdcb95f","5;10;11;12;13;14;15;18;31"
4623,-0.083051,-0.112995,0.403500,"0b9e149f5f85ab668c8f5056acf22286ef6393a1200e12ff2c169aea1e0ca98d","10;11;12;13;26;30;31"
4625,-0.011391,-0.158411,0.392422,"debc959b8bed3c8fbffb9175ecfe4edfa757fd95374dcbf39d727ffb9255815f","9;10;11;12;13;14;15;30;31;32"
4646,-0.006442,-0.180523,0.405213,"bdd4ece3f4367fb855ff7f165b2d9eea7fd7b7feb9f46da26fefe7c5e7fffcf1","10;11;12;14;21;30;31"
4150,-0.020320,-0.142959,0.395657,"1d168993d5fea1123c5ff7768c268add6d828e15b7fa71c6dd07fac0994dbdf5","3;6;9;11;15;27;32"
4164,-0.020642,-0.144632,0.396595,"bd04e3dec572ed4151c2751259ddb73d78a813bf31f62c8a5769c700f77ef2e2","9;10;11;12;15;29;32;33"
4168,-0.071997,-0.112885,0.400382,"9cabf4e35f147bb843b53f02694b5ac66fd4b5d89a78efa34fe987c5278f7488","0;5;9;11;13;32"
4177,-0.060248,-0.127754,0.404099,"5684b9588b7c988f9adb9493d8eddecb375fbd1c726de3c05b2b77fdc1688953","0;9;10;11;12;14;28;30;31"
4179,-0.059140,-0.127658,0.400536,"42fbfc83ba99bbbcaefd1ee5a42fc6428657ffd5d358ebf56e14afe28c928559","9;11;12;28;30"
4181,-0.056615,-0.137063,0.404218,"5ce9e4e71dd07ab0c7b4970369d95ae268f4f9da42398fb55fed8741278e7c0a","0;9;10;24;26"
4187,-0.044629,-0.144466,0.404675,"871ef7df263aaf105d8653e66d6cb5ef66702a63a1b46fea14224a0237ef5565","0;9;10;11;12;29;31"
4197,-0.058515,-0.145238,0.411531,"971cf7cf0636af505cc653866968b56d76e52eefa1b035c8142a4a807fef2135","0;3;9;10;11;12;13;14;28;29;31"
4213,0.149278,0.074601,0.453346,"07ff438bf285afd42c495be4ddc6bae4360b1effd7912dff3c3c2ec01e97a1f5","9;10;11;31;32"
4254,-0.210447,-0.108967,0.437570,"6f13a7bcacb6cd11c5c9df74d8fcb4eadc263f1d9da2e280427fee8896eef051","2;9;10;29;31"
5061,0.005713,-0.145401,0.389599,"243b59a9f6d8561951c050ea371c81f056fa9653979ae4ae7e2524cbb4abdc89","11;12;15"
5066,-0.077638,-0.103630,0.397985,"0f99f4d7a3563dbf27fd5ea2d937d2ef2756bfd891d8ffe06f7bf7c4a6f5a579","5;11;12;13"
5070,-0.078980,-0.102685,0.397883,"4a95b69efdd4bc6faf5dfd13acfe2e46ed33fb81566b9af53f7f9ecb1306afd7","0;7;11;12;13;26;27;28;29;33"
5083,-0.085985,-0.104346,0.403379,"5a95e0d4d5565eb711cf5e83686f36f4f7f7b5a5fcda39cf3b7edd83a6e4b45f","0;7;11;12;13;26"
5092,-0.057981,-0.126537,0.398707,"4413fe5fac30b511ce975f74c0f1ee4e4f56aa3090e0ebc04e37774f96fafc23","11;12;13;32"
5111,-0.036968,-0.144683,0.401954,"9504efcf8676af515cc257c6516cb56b76e43aafb1f5bdca542aeb00cdfb7174","11;12;29"
5114,-0.015136,-0.156508,0.397281,"de36fff0a2623b51b99fb7b50da7685be7b5cdb230c5a8c0dbe3ebc7a061a763","11;12;13;15;33"
5115,-0.084730,-0.119459,0.403058,"af7e608aed35deda5f6e9d9f4acc7facddca9777be265ef3365c8dffbfdfd8d7","0;1;10;11;12;30;31;32"
5121,-0.085541,-0.126339,0.405766,"c209a08c1d24828e5e01c803a4b83140c8ca3b41022ad2f115349a3b145d350a","2;11;28;31;33"
5139,-0.073467,-0.205526,0.426698,"aebbfae0b452b7df1fcdf4f78cedee02df5b8751d6fbe8e2fad5a7c786bcecd1","6;11;13;26;28"
5140,-0.070360,-0.205198,0.420530,"8fb0f1d3f6f1b9d31f7b55f29c9ff428bf1b9791b3946af20e5fbee69ecd81f1","5;10;11;12;14;27;28"
5168,-0.124362,0.097938,0.570421,"5874bff620686f10a8cb6f38f7f7897bb6747d2a21d5a828c1b3608000f34771","6;10;11"
5177,-0.108380,0.090951,0.568484,"bd064b49b43a47137522eed05301987470840c2cf9b5650ef2ef2004e2c0f020","6;11;12"
5179,-0.109909,0.092145,0.573683,"9d064b69303a4358742267d0d381b97d528c0c2e39b4250ec2ef2004f2fb6020","6;11;12"
5199,0.200031,-0.035646,0.296545,"6c353f65b04f773879ec7f08df770a3294d67d6af9f0f10ee7ff251042a34673","12;13;14;15"
5237,0.085728,-0.050403,0.346098,"266d4098cc8186ec8e92b40a20c87505c9e9136360270af83012cf2a557b7288","12;13;14;31;32"
5239,-0.052133,-0.016446,0.358393,"7cf0bd63286f539822f8a108d777493295d57d720b62fb30d9c96574e8730673","7;10;11;12;13;14;28;31"
5248,-0.041343,-0.023433,0.356647,"1120f7e5040ee8037ca17252971a1468ee0d7e0d81fcc5c085f85a40450053ac","12;13;28"
5250,-0.035650,-0.023133,0.360967,"87966d1fe22aaf39385b53f4d4669e6937473727b1d42d4704326a840ce381f5","11;12;13;14"
5254,-0.038278,-0.023757,0.358156,"8d5ebf73e07e3fb731ee5ff4dd3d93ed2777951ff1dc2dae6e5f7dc08ef58579","7;12;13"
5259,-0.022380,-0.035365,0.365931,"adafeffefc2befff57fb7cfe7bfd9d317ffe77befbfaefbf7effe7e4fdf8d2b1","12;13;14;15;32"
4259,-0.212699,-0.127093,0.441351,"9af832ea1bd51bc08f4c9423ae9f63e4e6b9df424b0fbaf593d10abb3a0f2d7b","3;7;9;28;30;31"
4279,-0.156429,0.102970,0.472811,"8fdde9c7f63aefb87ce25ee6f96f9f6037de17efe1903dee6e2faf84aff3d1f1","6;9;10"
4281,0.028532,0.068560,0.481547,"45b89f56e9dc76c6fbfba258fefe44fea177f8183769ba739bdf557aca50cbbf","9;10;31;32"
4311,-0.040106,0.064458,0.497896,"68a8aff889ec4917b71de618b7874058c1be69981a4bf331ddb294588200a66a","3;5;6;9;11;30;31;33;34"
4314,-0.041776,0.066024,0.505623,"68a0955ec9ed410fbb35a418b2f744bec93e68181b6bf2158ffa547ac200c66a","4;5;9;10;11;31;32;33"
4318,-0.044482,0.071081,0.504570,"39ac7555d5dfe7ee56a0ea0af33c14b459fe622829f8793f2fce0530d3fa54ac","5;9;10;30;31;32"
4321,0.203890,0.079192,0.515836,"7f8cec56937e5fbc53ffb6185b7d9f3f11d6b53ef8f07daeebef75d5e7ffd46c","9;10;32"
4322,-0.043608,0.078152,0.519806,"0d4565c5d41eefb875e85a46d16c95e47ccc36efe5b07dce276eaf842ffa70f4","9;10;30;32"
4364,-0.086365,0.083326,0.577595,"3a3032e80bf7105f1761c4130f9f222cdc3993000e9f3390d3d9986b320ca4ff","9;10;31;32"
4365,-0.085510,0.082998,0.576335,"3a303aac4bd7904b17e5c4ab2e9d628cdcbdf3910edff291d3f1197b770c3eff","5;9;10;31;32"
4393,-0.158406,0.097539,0.613392,"d5515de1b84f479824a2a76ad757897b76d45c7a69d4590cf58a251428bb0031","5;6;9;10;11;30;31"
4399,-0.158103,0.098449,0.619856,"3471e9eb4e4fb3d816e8d1ef55dd49087cdd37d38bf2db30d581ebac7d3b36f3","9;10;11;29"
4401,-0.113770,0.087643,0.599093,"f597dd67ba060fb850aabaec5563893317c574eee9d2cd0eb8ae65b42df30221","4;6;9;10;30;31;32"
4402,-0.158357,0.099309,0.657922,"85154de5b40e6fb834ea5a66d33791223fd45ceae9b0790eecaea7942cfb5031","4;6;9;10;29;33"
5382,0.074001,-0.147469,0.375758,"8ab19bf3b1c933119ecb5732fcd72860d73b9f90739c70ebcfd7be839848853b","12;13;15"
5385,-0.016856,-0.121480,0.387147,"1a91edf507d4f9188ff45602f9df56a6ae39b5d98378bbd14fd9cb8327a65d7a","4;11;12;14;15;33"
5406,0.056507,-0.153733,0.378063,"85aacbf5242b6bfa5c4a56f4b7c1b0205c4a1e6cfbfc2423c49fe1900ce95031","12;13;15;16"
5408,0.056092,-0.151667,0.373208,"2146abf3b48f4f1556ea5f64f3c1b968dd2a1e1ec9b469beee9fb490889a5039","12;13;14;15;16;17"
5413,0.025953,-0.145131,0.385279,"59e15148539c1afc19c064cf1fc746d036a995fec70ad45ffbed04783b860958","2;12;13;17;32"
5430,-0.000414,-0.137808,0.391179,"e41e305abcd89521d986d538a6f0e46dc9380c11fa6eeaaaa9f0077bd628f427","0;12;13;31"
5435,0.026491,-0.153145,0.385026,"01eb9bf9e088bdd7fe195864bdd2f168a70b171cc31802d1c4993e881cd0a1a9","11;12;33"
5443,0.019050,-0.151353,0.387022,"1b89fce52692789027907ec2390fd56266a535dccb9827c1cec9abc02fa07009","12;14;16;33"
5450,0.022743,-0.151283,0.383359,"035a9bf67c81b8549e891176bd8ab02a86611f4da14d0aed0c1e3aa89c8981a9","12;13;24;26"
5459,-0.020475,-0.137485,0.394901,"323609bd5cafe16a9fae7b4762e00584f9ad22a11fb0cbdf14b68326e9695484","6;12;32"
5460,-0.060581,-0.127875,0.405472,"4ab7b4d1ab72bdbf0ebf1e638c3fcecb875fff919648ebe00e1f7ff7c6448d4b","0;9;12;13"
5465,-0.018935,-0.136641,0.392120,"af7e51ba70bd9a581f4a71edbfdca390de399746af2658bbe65521ba5eff0ad1","12;14;15;33"
5474,-0.003739,-0.151427,0.393059,"02549ff3b0e33d079ee34bb3f5f72148dd3b9b902b9470daed979e93985885ba","12;13;32"
5476,-0.020756,-0.144362,0.397961,"2b20eb817431e9420f657f83198cf7247e89139d96b224c25f5d82e4a7ce70e4","9;12;15;27;30;31;33"
5492,-0.018483,-0.151975,0.399230,"038a4e9d368268373c4152e7edaab241762f3f8db49805dd0c2afac03c843919","1;14;15;16;18;20;22;23;27;29;31;32;33"
5200,0.202187,-0.035835,0.301680,"ec75bd67254f57bc7becbe08df7d0b3294547d6ae9f0f93aefdb653542fb4673","12;13;14"
4985,0.073125,-0.144910,0.366340,"a23999f383c7151716e38516b59741284dbb3b906bdc79aac5979e32985894ba","10;11;12;13"
4986,0.073120,-0.146712,0.375028,"8ab4bffab0e939da1e5b56763cd72860f75b9f1033cd3be7d9d7baca9849a573","11;12;13;15"
4988,0.073279,-0.145876,0.370047,"dc943dfb9b6717bb3e578f12df770869d7d7ff223b4d7bbfdbe77756b068a573","5;11;12;13"
4999,0.048815,-0.138304,0.377036,"0bb4f09397fdb4d3df7b171ecef85eaeb70eb711b7fcbed32f5f55f78f4cd9d7","11;12;17;33"
5013,0.031483,-0.136713,0.377688,"f405abde8d40c741d48ed712d2fdb56658f43eba7827eaca7138e799d17af462","11;12;25"
5016,0.046502,-0.144969,0.377320,"6bd4d28c77eb37e75f695f2b0cf1e254332c370341118cd3743425a73efe9983","11;12;13"
5025,0.033256,-0.138344,0.382062,"22b3bec4ed3657c4cb85cc26c0f8ef66d9fea22188f2f6c09b57d70f847af6af","11;12;15;33"
5051,-0.068848,-0.102564,0.394953,"0f15ffd9ad76fd5b147f5f16597fbbef7f06b7a8b1f03bc04fcbf784bffce9f1","11;12;28"
5578,-0.051799,-0.023356,0.359420,"feb4e21acff1d0cbd357a5bf0aec7e9fe9c2e191be6fbef31b53d57ff74dfed6","6;11;12;13;14;31;33"
5204,0.201597,-0.036301,0.298351,"6c353d67b04e773879ec7f08df37003194547d6ab1f0f90ee7ff251442a34673","12;13;14;15"
5205,0.198423,-0.037087,0.293293,"6c75bd65b04f573069ecbf08df77483294547d6ae9f0f90eefff653442f3c673","12;13;14;15;33"
5207,0.202474,-0.036749,0.299504,"6c353d67b06f733079ec7f08df370131b4547d6ab1f0b90eefff215042a34673","12;13;14;15"
4658,-0.059389,-0.145215,0.411162,"871cefdcb476ef71dcced772d0fdb56f78e43faaf9b535ca372eee8087f9f465","5;9;10;11;12;13;29;30;31"
4679,-0.210043,-0.136486,0.445278,"ad4a6bee74864b7044c8f54653cdb1615ca817eee9b6648c62e9a2883fab70f1","0;2;10;28;29;30"
4688,0.030214,0.066586,0.481391,"5c777b65324a777830a4eea85377803436fc6dea48b3a90ef9a4250461b22673","9;10;11;30;31;32;34"
4695,-0.134237,0.104464,0.503705,"3b9cfef7b5fe7db77fef7eb7ff3d9674f7ffb59db8f8f9eeeffff783e7d4c47b","5;6;10;11"
4737,0.122847,0.084576,0.527816,"7f8d765ed912d6afe1b6ae084a68bff733c6e86ef463bffc3a7b451f6bf6ea44","10;11;32;34"
4756,-0.126352,0.097614,0.582758,"d1151765322e693360a87a6cf333807324b67c2cb998f10ce4aa608028a04039","3;4;5;9;10;11;29;31;32"
4792,-0.103726,0.081671,0.593417,"45aff556f8824eb8daba3268f4e2dd739766647ee4608f7f2e3e65ecc0f24325","4;5;9;10;29;30"
4904,0.088757,-0.122365,0.359082,"bbdd669f3d939cef9d4dd487296cb6c5ce0a97e5e68b46fd22798a831f9cf8df","4;11;12;13"
4906,0.080492,-0.122390,0.364253,"3d51eee5e656fffd41ef7e065b3dbe627ed497ead9b2758877eff484effef4f1","0;11;13;14"
4908,0.095431,-0.129220,0.357088,"df5cfaf4727a3bd2bbeb77be5cffe77ab7fdbf32a1d5b8c236fd27a6aff103f3","1;2;3;11;12;13;14;15;16;17;19"
4910,0.080939,-0.127587,0.355083,"c7ad938cfc24aeeb8a8a1868d4eaf50297535f2f71638a5e381e6fbc9cf003a1","4;5;11;12;18;19;20"
4926,0.077885,-0.126843,0.359923,"b3b53de4fe279d7b08ea986a143f5022ef775fa1f16bc1ce790eefbe1d6823bb","11;14;24"
4928,0.078103,-0.129710,0.368448,"191f1cadac176c7f46a85c46b533e0654c2e3688c9984118ecc977a43ae8a989","11;12;15;16;18"
4929,-0.076859,-0.047984,0.384244,"2a9be5f735ce69b81fd55607e96f51c6566eb54887d84bad0fffd5c0bfae58da","3;7;11;29"
4835,-0.028887,0.031970,0.346317,"c970975049ec3002ebd3a618be9745bf813768100347b2509fda513bca410732","6;11;34"
4851,-0.027710,-0.017158,0.354591,"46bb97b3aa8c3497abfbb2fdacb2c0dea777ec1097498b618cb27ffa88548b1f","11;12;13;28;29;30;31"
4852,-0.032556,-0.019291,0.355249,"dcd49de78c6e47bce0baa718d733497b41d46c6a6945f922e9eb6514a0f1c422","6;7;11;12;13;14"
5209,0.201163,-0.037336,0.298108,"ec353d67b04f773079ee7718df770a3194547d6af9f4f90ee7fb651040b24673","12;13;14;15"
4856,-0.042471,-0.016241,0.354902,"f4edd6fec829f6ceb392e91947e3491b79de6be278678a6b7ee6472de1f3eb82","6;7;11;12;13;14;28;33"
4858,-0.036614,-0.016828,0.358092,"78a394ba89e914cf931fb079aefb489b89d3ed113e6bcab1dbd375fbd2548f0b","11;12;13;14;28"
4861,-0.043060,-0.016165,0.356975,"1ca49eb5994b07eb36a2e200f76209d1716ce82079d1590eb8a76714a8702b88","11;12;13;28;34"
4864,-0.028291,-0.023482,0.353746,"12ac3e9533f2b967bcc746b3ac9e2661a73fbb8126dd206fe7675a830444adff","11;13;30"
4865,-0.046426,-0.016258,0.358217,"b4cddc6f9c0a46ac5632e350d3630c51d9466c6a78f4493fecaae714587bd002","11;12;13;14"
4879,-0.039389,-0.023116,0.358780,"8fdffd77a37e7fbf7bff1ff5f97ddfef9757b52ef5dc7dae6fff75c6aef7cd7d","11;12;14"
4886,-0.051277,-0.019425,0.360960,"fe61e456897856ccf3f6ad9f4becdfbe59c6ec5e3c67fea2bbdb453fe3ffde56","6;11;34"
5317,0.037248,-0.120773,0.367088,"ba4564e5453e580a0bb4bf026b4f5e16fe95b5a08eb473cd97d9c38767ae7444","12;13;14;17;26"
5324,0.019732,-0.121119,0.380425,"3ed9f4f7e5567eb4335176026b3f3f56fbdfb5d058f809e5bfffd6c7a7be7c9b","1;2;5;9;12;13;14;15;17;32;33;34"
5351,0.086729,-0.144740,0.361641,"89b29af324cdeb519e6b5774fddfba20953a170ef3b420abc6dfba800cc8d1f1","12;13;14;17;20;22;31"
6013,-0.015377,-0.035773,0.361005,"35acf7fffeabefffffb3faee7be9b4797fef7fbfb9fbcffdbeeef7c4edfae021","6;11;14"
6022,0.270723,-0.214214,0.301737,"43b08fb728ad6913ba59b37db4b6083b87237f0db34dd261cd9a7ad88800837b","14;15;16"
6027,0.266867,-0.211578,0.296755,"01b49ff5b0ee6133be4b4254f7f70063a5777d08b3dc9327cdaf7e0088408139","14;15;16;17;18"
6032,0.270810,-0.220690,0.302108,"81ca9ff520ae69b77c137250d563807b07646e2cb1fc410fccae724088a081a0","14;15;16"
6033,0.268711,-0.217871,0.298396,"019e1ff520ae69377c0b7254f533806907267e0cb1fc510fc4ae72c008c08129","14;15;16;17;18"
6037,0.265196,-0.207809,0.300881,"d448bd75884e47b870b6a608d763015b80c46c6a69c5f90ce1eb651460f14662","14;16;17"
6039,0.271072,-0.224845,0.299568,"702c12fa8da5cc47ed23a21a038b7458e9876b9b7a2f92e2b1f89a784158f28a","14;15;16;17"
6043,0.266271,-0.213912,0.294167,"509c9ffd92ee0137b4138a30f737207323777d0839c9312fe9a77650a040a53b","15;16;17;18"
6045,0.268569,-0.217341,0.299587,"d0de9ff4aa4055b7a096a6b877b7005b27f76d82684da328d1e3741820f0a66b","14;15;16;17"
6046,0.271766,-0.234612,0.300581,"89743b65704e773078486608d6170131941c506a61b4b10ce7b9000040b242e2","14;15;16"
6047,0.271978,-0.229500,0.302050,"fca438ea1d3d43885736a508b3595911d990496a6a67db17d3d9813d520a5622","14;15;16"
6050,0.268394,-0.220269,0.299137,"81a45df5342e6f327ca26a54f7638851536e002ef1dc552fecae770028e1c1a8","14;15;17"
6058,0.270552,-0.213365,0.303575,"5c3e9eb4aa205c92a29f8aad77e7435aa7f76d850c4b8220d8e7ff99a8f32f5b","14;15;16;17;18"
6065,0.267627,-0.213099,0.298501,"d05aff742a485537b096a6b977b7415b27f76d02684da320d1e3741920f0a66b","14;15;16;17;18"
6066,0.272782,-0.230828,0.303420,"246139415d4f430842a0ac08d211413098dc426a0832f91c6f9c053c503b5622","14;15;16;17;18;19"
6069,0.264744,-0.208680,0.305102,"7c34bd76896c519ae2b7a718d777493b81d67c182965fb00dbcb753cc0714662","14;15;16;18"
6070,0.067218,-0.120634,0.363048,"ea9c70d0fd5dfeef89de3c1aacfe77878f11d721e42fa2db2f5ddfbf967c5fdf","14;15;16"
6075,0.266032,-0.210644,0.304690,"7c20bb74a868511af2bfa71817b7413a23d66c181a67aa02dbcf753de0e14663","14;15;16;18;19"
6078,0.265726,-0.209006,0.307267,"7c34bd70a86c511af2bfad18d7b7483a81d67c181a65fb00dbcb757ce041c622","14;15;16"
6082,0.271813,-0.234918,0.302229,"61653f45544e673168606608d6170131903c406a41b4b10c67b9000040b246e2","14;15;16"
6085,0.269965,-0.231933,0.300051,"29713147554f67386d606b48f2110cb4981c526a49b0710f25bc00104a2a52a2","14;15;16;17;18"
6092,0.264633,-0.208822,0.301717,"7439fb60f2e8535363ad7c2813b7c03032fe44181a3aa000ff8d2569e1c2c663","14;16;17;18"
6098,0.098810,-0.122183,0.355996,"0359e39c66f0bad68d485ae728ecb7606e6bb7c7859ba6e9122caa8ab5ff315d","14;15;16;25"
6104,0.267736,-0.218346,0.305532,"7c34bd72a869519aa2bfad3817f7491a83d66d101a63ea10dbc3757de0f1c623","14;15;16;18"
6110,0.267090,-0.217936,0.303080,"7cb39860aa69559fa3bfa929d7f3481a87d76d101a4bca10d9c7757de0e28603","14;15;16;18"
6114,0.271758,-0.232730,0.302747,"286b60055d1be4af73a46e898308579408cc426c4cfaf51e265c053547bc5ecc","14;15;16;17;18;19"
6120,-0.028331,-0.120973,0.392642,"591bb1ee3d7882024e48da62a7fcb5e4c262bc438d28e7a980f42a9a167f546d","14;15;28;29;30"
6122,0.270812,-0.231934,0.308556,"4d709565200e67986ea8224cd773097f94547c6a41d0d908e5fa65140ab30321","14;15;16;18;19"
6141,-0.070230,-0.119401,0.401569,"6c13ba4cfc12f05dc68dfe6650f9a8c2dc54af5090b983804aada4c5cbaafc83","5;10;11;14"
6145,0.268040,-0.222154,0.309381,"76a896be8d8956ec9f91a1096ffb6c92e9f3e9521e6b9ab1bbd2557bd17ae60a","14;15;16"
6149,0.266860,-0.219621,0.307940,"78a994fa8ded54cf9317a0192afb6e9ac9f3e9101e6bdab1dbd3557bd25cee0a","14;15;16"
6160,0.047485,-0.128367,0.368735,"1ff96bce5647effc57ecdc8a7954bf247ec817efc9b22dff710dafa435bb74f1","13;14;17"
6163,0.001943,-0.128163,0.383011,"d1d00cab2e0e54ad0c768797d7493a41c1052d276c055b15f4a3eed53c1a9952","6;14;15;30"
5501,-0.024189,-0.150636,0.403770,"e724e7c2c776ad41d9d29f9358ec7eaf7dc573bfb5f7bcc21d3acfc6cf76f1f4","9;12;13;15"
5507,-0.059695,-0.144020,0.406553,"8614efd7e4f6efb7dccedf32d0fdb56f7df63fbbb1f534ca6d3efec085f8f575","5;12;13;28;30;31"
5513,-0.014204,-0.179088,0.403814,"3a95fefeb7d25c671d477e336fff2ee0fffbb5807cba32eff3ffd6c337ccac5b","5;9;11;12;14;17;24;25;29;30;31;32"
5517,-0.095979,-0.187035,0.428218,"1e99f6f3b57679b727dd7f37493f5ec2efdfb7d09cf83be04ffffec7a7e6ecd3","7;9;11;12;13;29;30"
5526,-0.086170,-0.223607,0.430134,"19186d456627e91244e25686110d95216ebc13ada1b875cc470ba2806f8870f0","6;11;12;13;14;24;25;26;27;28"
5527,-0.086903,-0.222105,0.427435,"880c73f3c5eee932550a7a12793d30ac283b178da0bc30ee47fef280e7cc54e0","6;12;14;22;25;26;28"
5529,-0.101278,-0.225200,0.448986,"2f7708aafdd58fd88e4c9daf8ccc6f84de0997f7c70378f2b0558fbf1f5fbdd5","12;13;22;24;25;26;27;28"
5531,-0.096817,-0.222346,0.440444,"0e5702aafe85aacc8e0c99e78cce6dc0fe198bf342030af33414aafe1d1fb991","22;24;25"
5533,-0.097963,-0.228983,0.439923,"6269528c5d80d6c40900f80b28882584d8e98351462b00ed31340e3b571e7e8e","6;12;13;26"
5534,-0.098604,-0.230453,0.442515,"66756082ec05bee889ee99cf00687f02dcc153e7e4235cea3c1c8dbe5d7ff2d7","12;13;28"
5597,-0.007474,-0.035735,0.356502,"affdecfebd37dfbe5ffffd7efcfdbf21dfffb7fbf7e73bffeb7feff69f7fd573","3;11;13;14;29"
5599,-0.021439,-0.035588,0.365601,"ffbfe7f6febbdeff9bfafdff7bfdbb213ffff7f7fdffaffffaffeffce7fdd6d1","9;10;11;13;14;32"
5607,0.067675,-0.121550,0.363269,"aab0f0d06d5db86fcbfb301bacbc76a7af11d701e66fb2d31f5edebb160c57df","13;14;15;16;17"
5614,0.069770,-0.122755,0.366820,"bed1724e75d6daf855ccfe274bddb6e47cfc97eaccb338ee7bfd858d77bf7cdb","13;15;16"
5615,0.059293,-0.122429,0.368267,"3cd97a6e75d7defc45ccff025bdd3be07efc976ac8b338af7beda5c1679f7cdb","12;13;14"
5637,0.048772,-0.128490,0.372198,"07dcfb93faf0bb900ffc7fe6fdd6f766475fb75e83f0fde16c3d2fc40c8b25fd","13;15;17"
5653,0.005593,-0.120770,0.382116,"5e98f4f437dcf898fbd93622ef7f5fbeb7f1b59186703add8fde4fc7e7a64557","13;14;15;34"
5658,0.080468,-0.137959,0.363536,"e739ed90cf559fdacbfeb4bf38dc7f1bcdc3fbc7ef63f6e1575bdfba1d7d54f7","13;15;25"
5670,0.065604,-0.139559,0.373351,"ae44aab0ecf1b9cadafdbcbf89ecff08cd0bb7958663eeb04e59bffdddddded6","11;12;13;15"
5683,0.050156,-0.138244,0.374300,"0b9571cff7f9b3ef5b297cea687cbca43a1b960193382dd72c1c25e6d7dec5ed","13;15;17"
5692,0.041994,-0.137182,0.373092,"f8f69ac03512f2fe548dfe621899e8c27954ab786aff81a67aadb6452f88780b","13;14;24"
5756,0.055648,-0.151776,0.379792,"21a748e76c0bee7045a2d9eaf328d0234eee168fd9facda88cc8feb065ea5089","13;14;15;18;20;22"
5784,0.051022,-0.152032,0.379859,"86b2abb7b48def119eeb53f7f5cff800bd7b1707e3d42882c417bf800cca91f1","13;14;15"
5788,0.055306,-0.151435,0.372974,"016ac7f5a4086d973c1252e491a3912b4f08369ca1fcc78184baffe48cb85088","13;17;18;19;20;21;22;23;24"
5822,0.022663,-0.151217,0.384908,"c74b5bdee480ed954a1118cefdcab92886031f5fc36106f1e018fed81cd88109","13;14;15;24;26"
5832,0.000320,-0.151512,0.391997,"033f98e4ee25bd770eba99661cbb6123ed3b1781d15b92c0d9986fae9868218b","13;20;32"
5839,0.019736,-0.150314,0.384951,"c74e5ff2e480ed978b1218f4fd8abd48c6a337dfd38d02e0a4b8ae980cd08121","13;14;15;26"
5843,0.019871,-0.151539,0.387037,"c5a31ff1ec88a95bca1910709dd3d12b87037e3ce34182d1c49a7fec8cc003a1","6;13;14;17"
5850,0.260912,-0.259928,0.335322,"0aa6c71ffad3a8ea3ff952f268e6a4e57f7fb7b0a5d98fff1c36ffc687a427c5","13;14;15"
5858,0.263101,-0.262271,0.339980,"92abf61ffb93acefbfbdf2f7eceee485ffffee91f6fb8ff73c727fefe724ad9d","13;14;17"
5864,-0.058030,-0.144715,0.409299,"268f0da9b8e30ba2863dda83812f3041cdb38fd53a1940bdcd71aaf5948d1471","2;9;10;13;30;31"
5865,-0.075443,-0.142720,0.408235,"1e9464ca1ff31aca8f578eb20c57aee44f939b901f0d69df9b569ad7b60f3c76","11;13;26;29;30"
6471,0.277431,-0.146030,0.264124,"bc94b43f8967958dd757a111df7a0a0bd9d3e8a33e625f93c9f2d75dfb758242","15;16;17"
6476,0.275214,-0.146035,0.268590,"e8eeacb88d3d5dbed3f3a4199fff1272cdd3fd89aa4fdbb3fbdbd53d12dcc61a","15;16;18"
6487,0.282261,-0.153895,0.267667,"eda4953a896d548ef3bba018f6f348bb89d268103a6fdb3399d3557ed058c20a","15;16;17"
6488,0.281088,-0.157867,0.267453,"a7ad041b99a5efe6b5dead15f0e30f1fc9625bde7bcf5beea99ecfd88b77e2f2","15;16;18"
6489,0.279881,-0.157573,0.265790,"a7ed449bace9c7a8bec2f821f0f38d5459627f7e7bc04b3fec1eefde8877d28b","15;16;17"
6495,0.285067,-0.160018,0.271151,"b5ec913fddcf46fe57e3e95873f0497459ee7a2a6b7eff3fbdee557efa7ad28c","15;16;17"
6499,0.279760,-0.162828,0.265741,"9ced4263b62be7f83c827be3c9738d847b625fee69b049aeaccca786eff7f081","15;16;17"
6505,0.281527,-0.168172,0.267517,"bf6d45dfd1364fee3906e01668639dd579ca17fe7bd679ef3e7e9e82a375f2ec","15;16;17"
6518,0.298656,-0.229740,0.260469,"5b71d8a6b2487e342be87fe9ff77ca5036cf7dce091089e8fefd2d832eb78b53","15;16;17"
6521,0.281182,-0.175948,0.276141,"4bb83e5baa1b3dfebefed6addcb6c6b1a747ff0ea1c9e370defb7fba8e44037f","15;16;17"
6523,0.281028,-0.176098,0.274691,"d267fef7aa297fdfbfb6dfbdffebd65037ff7fcfb2d7eff3feba0fb024f3a761","15;16;17"
6526,0.297854,-0.229834,0.261369,"38bbca66d2726fde33e17eee19b380947ece17cc999aac6c7eeda5a02fd7e2f9","15;16;17"
6528,0.279675,-0.175293,0.272844,"8ffcfffba86b7fdfffbefebdefefdb72bfdfef7ffce7ffeafffff78ac6f7877f","15;16;17;18"
6536,0.285258,-0.186850,0.271638,"dddf6a6e990e4eb876cace44f3e33b6077c67d6ef8019d3ffbefa79c3af7d910","15;16;18"
6542,0.288481,-0.194049,0.270553,"a57f6147d66be7fc45e27dea51759d341e6e576ee1b26c3e660ca5a46ffbd2a1","15;16;17"
6543,0.283630,-0.191981,0.268207,"a79e675ff20baff875e27ee67161bd253f7e126ee1f06d3e2c2e45846fff42a5","15;16;18"
6546,0.298393,-0.239693,0.260643,"a934a978cdbd495bb31fa01c9abf509bc98a7b9c3b6ff2929fdb9578ca40c272","15;16;17"
6557,0.284443,-0.198515,0.276491,"cf24c6be0fbbfacabfa39e97cdea324273ed7f8da4458ff2d67f8bb9afe53987","15;16;18"
5884,-0.013396,-0.156267,0.392821,"deb494b38b351c8fbf7f8295acae4adba757fd95364d9bf39ff35fff9a54895f","6;10;12;13;15;16;30;32"
5891,0.034867,-0.179383,0.388920,"dfd5e6c1a576fdfe5dfffe3648bdfeef7fd4bfbdbdf7a5c27b7fd7c7e7fdfc7f","10;11;13;20;24;25;31"
5896,0.021306,-0.180392,0.395172,"1fddecf7f776ffb653ff7f36797ddeaa6fdfb7dbfafc3de36feff7c5e7fffcfb","10;11;12;13;14;32"
5899,0.247361,-0.257461,0.359301,"05407d45240feb387ca87640d11395647e5c3e6ac1b0754c45ba230445bb41a1","13;14;15;20;22"
5901,0.244351,-0.252483,0.351971,"fefde6469f725eedc1f6ac8f4a6c5fb779c6ede2ec63bcaebb5fc53f67fffe56","13;14;15;16;17;18;20;21"
5902,0.243105,-0.252482,0.348239,"0500754f340feb387ce87742d1559d645e5c3e6ae1b06d5c05ba638455bb41e1","13;14;16"
5904,0.245113,-0.252100,0.352953,"05607545740febf87ca87742d0559c247e5c566ac1b07dcc6598278447bb41a1","13;14;15;16;17"
5906,0.245178,-0.250751,0.350690,"2420574d4c0be06864a0e202d3011d24788c6aa848b2454c15a8830465a870a0","13;14;15;16;17"
5911,0.242888,-0.257298,0.351407,"29147d47340fef387c6e7f40d3759d645e543e6aa1b0790e67bf218447ab44e1","16;18;20;21;22"
5917,0.241698,-0.256821,0.346778,"571287a52436aa303ccbd3e5dd6a9ce0f6457cad859055ce847eeb820c263955","13;15;17"
5926,0.243120,-0.259773,0.348969,"2f04e1cf740a6b187f605bc6d9679df47fcc36ae81d2fdde043ee384bfaf70f5","13;14;15;16;17;19;20;21"
5928,0.249209,-0.268201,0.359152,"b760628c4f939e488fc4c18348ca7fc6fce9fbe7ce078eddb0108b3f173f39c6","13;14;15;18;19"
5929,0.245740,-0.266143,0.352904,"7ae92aba19d556e08305ac092adf6390c8fbc9c34e0bdab5f3d58d7b521f2e4a","13;14;15;20"
5938,0.245552,-0.273075,0.356097,"5a0266ac4b90b848af04d6a34dcf26d6fefdef850c43c7d992718a9b37842dc7","13;14;15"
5942,0.251324,-0.281040,0.364783,"7ee916ba19dd52c88f35a109eedf6296c9f1eb520e43daf59bd18b7f12070f46","13;14;15;16"
5951,0.195914,-0.267610,0.360573,"ce54b497a97ebc88bffe8711cc7e0fef8757f92334c5fbe28f735f1782778d77","13;14;18;20"
5954,-0.072037,-0.205149,0.422490,"8b72e0d3e6b4b9961b5f149fac8e5eabaf5bb795a654eee24e5bffaa87d587d5","6;11;13;14;22;24;27;32"
5996,-0.050173,-0.019131,0.358172,"4db495f7a92e47be32bbab58d673491a95566c3a1964db22e9d66554c8738021","5;6;14"
6172,-0.021794,-0.127547,0.392567,"4f96ad55a23ebdbe1afb1ef7d82ddeeb77463fbcf550fdc04e2fffc48ffc8171","6;7;14;15;26;32;33"
6178,0.266577,-0.226207,0.305362,"d4cf95af8c2e8eacbea28b42c762094271c76a6268c1db3eb9a64714807b8124","14;16;18"
6183,0.268616,-0.222354,0.311469,"70a99c7a8dcd54ce821da419a3fb681ac9f3ed105a6bca33fbd7157bd058ce0a","14;15;16"
6184,0.270557,-0.231419,0.311385,"4d479465a00a66b864a26a40d76381f612446c6a49d0cd08a4ea671428f34920","14;15;16"
6196,0.267323,-0.223372,0.308379,"74a99ebe8d8956e89691a00967fa6852d9ef68430e63da3999e74f3bd02b2b02","14;15;16;18"
6197,0.271432,-0.235187,0.311162,"45701165204f67986ca86248d61341f494547c6a41d0d908e5b8253408b30321","14;15;16;17;18"
6198,0.269442,-0.228485,0.310884,"4d059425100a663864a0ea40d72381d61044686a48d0d50ea4ee471428f24900","14;15;16"
6202,0.265719,-0.231254,0.304930,"49691045211e643769a86a4c9e1381f4846c4c4cc198d10ca4fd25004ab04b29","14;16;17"
6204,0.268064,-0.232978,0.306748,"4353cd85320a2b302cc853e5d5268262b6657cefc1d0a54884302a800ca20175","14;15;16;17;18;19"
6206,0.063143,-0.137575,0.369753,"3e89e4f7458068a043b163036b695c826acd31dd0af85fe1cffacf41e7ae580a","14;15;20;25"
6209,0.268932,-0.231843,0.310453,"454719a5a00e6fb82ca88a40d7730972b6557c6a49d0d94ea4b42f1408720320","14;15;16;20"
6220,0.269334,-0.233197,0.311060,"447119e5304f773a29a87a48d737013094dd5c6a49d0d10ce5fd250448b10233","14;15;16;18;19;20"
6225,0.276227,-0.236858,0.319637,"4879135451cf7176fda06a083e9721b4a07c4a480198306eb59c0002423007aa","14;15;17;18;19"
6244,-0.005563,-0.145124,0.392388,"8bc06cb93d93a8ef5e795097e8083ec1ca03bfb5e7fc5795ae5bfed71c1cd9df","14;15;30"
6250,0.042943,-0.153347,0.385998,"909d3ffab0e633b69c444e27fc372241e633bf40318930bde9e32a421800a57b","13;14;33"
6265,-0.017785,-0.150855,0.394655,"139e1fbd36a6aa32144b5a76fc7eb8e0f7773fadb59c31efac2ebac09d002115","7;14;15;16;18;19;20;23;24;25;26;27;29;30"
6276,0.244652,-0.198171,0.339088,"fd6be445ad1a4ebd61e2b6eccb20d7b71ec4eceeedf2ed88267be5b46ffe5a0c","14;15;16"
6310,0.242046,-0.208749,0.339921,"ed6ae445651e6e9871ea76eccb68dfbf1ec4ec6eedf4ede8267a65946fff5a05","14;15;16"
6313,0.258641,-0.219153,0.343015,"098e577734ae6bb77c036a54f72390f0176e2c0cb19c452fecff3240ca82c129","15;16;18;20"
6334,-0.012761,-0.182251,0.403380,"8a9dfe5ffbd0bd77b4475eb279ffb2e42777bb88f789bfff676ffe8127d4ad7b","12;13;14;29;30"
6338,0.260174,-0.264937,0.331791,"8114fdd5b42fef3b7ceb7e76d07594647f5e3eacb1f87d4e6dbe3780cde8c1f1","13;14;15"
6347,0.242816,-0.249028,0.349038,"25f57543740feff87de87f62d0579c247e58176ac1b079cc6d1c278447ab43a1","14;15;16"
6352,0.243489,-0.251685,0.347390,"2550774b744bebf85c607342d1519d247adc166ae1b07dfe259ee30477bb50a4","13;14;15;16"
6361,0.243892,-0.259978,0.351795,"de3262a262003bd03d0cd7e74dc7ab5476ddefe3a0d38de0d4e0aa8127e72571","14;15;16"
6371,0.257548,-0.278839,0.373688,"7f4f640c8f134eed41e6bcaf4b6897977ac4eceeec63ed883269c5bd67fffe44","14;15;16;17"
6373,0.246523,-0.269016,0.355299,"1660768a4b93ba48afa4a38b4cca6fc6fef5ebe304638ed892500b3b57272f06","14;15;16;17"
6378,0.248959,-0.282241,0.359415,"68e93a7ad9dd56e6eb15ac083edb621080f3c9504a2bba35fbdd147b521a4e2a","14;15;16;19;20;21"
6385,0.272022,-0.286782,0.361121,"218acf55748be85576a972f2712190297eee261cb1f8451d4c2ef3c0ed88d0a8","14;15;16;17;18;19"
6386,0.217668,-0.296960,0.368797,"b1717965744f6f3865ecf64c531591315edc576ee9b6710c67a921946fb846f9","14;15;16"
6387,0.220623,-0.303100,0.377726,"a1527d4d644f693b65e8f66cb31595355eb4566ce9b6750c67a820806fa856f9","14;15;24"
6388,0.219533,-0.304261,0.377638,"899a7bf9e4ec7917ec597674bf1fb069e63b179893bc30c1c7f932c0dc80c5f9","14;15;16;17;18;19;20;21;22;23;24"
6389,0.195464,-0.283804,0.376668,"9fdfeefefcffffffdffffff779feffebffefffefffffbffffe7fffe49ffffddd","14;15;16"
6392,0.215774,-0.296292,0.368066,"48b8bef024ec7917a95d7e09bf9f027a8633fd089aa9b201c7fd7081c2c0cf7b","14;15;16;17;19;20;23"
6394,0.221115,-0.309492,0.370267,"0a84129955f7b0431f0d5a13acfe26c4d93b9391369c11df0f369a43920cbdce","14;15;16"
6398,0.196848,-0.299098,0.372880,"7b327ae16e1df9526d6cf6ef9f1f9670ee99df858cb7e5c0d6f9babb678c7ff3","14;15;20"
6401,0.199988,-0.303179,0.378850,"7b127be1675cf9506d4cb6ef9f1f96f4ee91df8d8d2364c0d7d9aa936f8c6ff5","15;16;17;20;24"
6407,0.089637,-0.299208,0.417335,"0eb8e6dd7ddff8e8bffcd60becfe7fc7fffdffa126d3ebdd9f7ecfbf962c7dd7","14;15;16"
6408,0.167980,-0.302607,0.385728,"6b327ae96d5df9506d6cf6af8f9f96f4ee9ddf8585b3f5c0d7f92abb4f8c6ff7","14;15;16;25"
6409,0.166314,-0.302585,0.390008,"4b327ae96d5df9506d6cf7af8f1f96f4ee91dfc585b3f1c0d7f9aa934f8e6ff7","15;16;17;18"
6560,0.300853,-0.261051,0.261719,"5836d8742a3c5d1233aea6fdcf27421a87d7ed002841d102dbe775b922e00e33","15;16;17"
6563,0.283624,-0.203819,0.276822,"da277aee8b7b1c6bbfa6bdb9cfef48507fd7ef813847efd2fbf10fb9b6c48f63","15;16;18"
6569,0.282511,-0.207647,0.273942,"fb6c337c095d57ecbfa6ac097eff4114d9e47b6e2b47fbbbfbfb053b423f667a","15;16;17;18"
6594,0.289299,-0.230873,0.271659,"36edc61f9bcbc7ec3fe26a8163e30f9479eaeb4278d85b3fbcc6cf13e977c208","15;16;18"
6634,0.304674,-0.283066,0.265857,"ecf4f976e83d569833beb138d7f3c9bbd9d4e4322c42eb12fbd765bd60f34653","15;17;18"
6637,0.098528,-0.122105,0.355071,"931d66dc1c86eed69740504238f9b5616cea17c3a3af16ff22288a881f9d7099","15;16;17"
6647,0.299266,-0.271711,0.268722,"9baf4aaed2827ef431407c8f39c723107eeb17ee6e9b0c7f7aedad882f962ad8","15;16;18"
6651,0.297339,-0.270046,0.267406,"974f4fb672826ef031c252c371c7b1117ee917ee69960c6f748aaf8025b262a8","15;16;17;18"
6662,0.061114,-0.121908,0.365207,"5a50f4e4375258181be9952f4e1f365c9695bdb18cc311ccd3ffdb97a6a52d57","13;14;15;18"
6665,0.067155,-0.121025,0.365712,"02a0f0c06d59b868cb39351aac9e7486ae11df01826b82d11f1e5aff160c0f9f","15;16;17"
6673,0.068525,-0.121830,0.365670,"ba5170e2e579de4c0b24b91a0e9c7e04fa9b97c3de3618f3b3d88af7775fdb87","14;15;16;17"
6675,0.297447,-0.270851,0.269014,"114e4f2742226ff434ea7ae6716391397eec17eee9940d2ef0aee3802df362a9","15;16;17;18"
6677,0.068556,-0.122163,0.362363,"bedd70e2f753dee81926f11b4f3d3f85fbdb97e3fcb238f2b3dd8ea7f7dffcc7","14;15;16"
6685,0.300261,-0.274054,0.275065,"55515d67a40e4fb860a8b344d373997314c45c6ee9905d0ce0abe59428b34221","15;16;17"
6719,-0.021379,-0.127199,0.390533,"d616f5cdaa3a8b985ffe92f6cd6cbfcf37d5aca7a175adca90726b96ffed0575","7;15;16;17;26;27"
6743,0.100348,-0.138199,0.353778,"99c76fee2402ef7d1442dfc6714fb8617e821fefe9872ddf72ebaa80359af049","15;16;17;18;32"
6751,0.100507,-0.137388,0.352882,"3d844cea9c234bf816629b425361b96079c21fae99a36dbedacfa3d4b5ab7020","15;16;17;19;20;21;24;32"
6755,0.074214,-0.137182,0.366565,"3881eee5c55674c7419dfe024b3938ea68d6a1d858fb01a07beff445e38afc0a","15;17;22"
6762,0.098150,-0.138155,0.352397,"050f4aa1b4abeb9244e05ac69328b3606eec1fff99b825acaecdafc4ade95011","15;16;17;18;20;25;32"
6800,0.034479,-0.145170,0.379821,"aba760cbd5959aed5dc5dd86a8cc3ea5dc2b93fdbeaa7cdf2f598eeb570efbcc","4;10;11;12;13;14;15;25"
6802,0.070580,-0.145813,0.369313,"848c51b3f488aee3bc12b852fd6a69436be31fa2722448e3fc97aea89478a180","15;17;18;20"
6811,0.086818,-0.146401,0.368794,"1d94fdebb6e7739a1e695f66dd77a860f75b1f7ab3b069ffeccf23c6bcdb2171","12;14;15;17;18;21"
6442,0.278062,-0.140899,0.252797,"547fae67020ebff874aedf62d173997230dd7febc8d18d6ef52faf8521332703","15;16;17"
6449,0.283072,-0.141728,0.259323,"55756fe5104e6fb834e8c700d357897234d47ceae9d0f90ee5efa70420b34670","15;16;17"
6450,0.039140,-0.035327,0.341162,"bdbeef7fde3f67fe77fbf6f673fd9f797dfe7e8efdffefbffeeff784effdf0f9","2;15;34"
7507,0.049253,-0.128137,0.364457,"5280e4f71682e8a87b912282ed6b5c2b33f1319912780ecd0edadf44a5a0710c","17;18;22"
7522,0.049297,-0.127956,0.368297,"af9aff93f056bbb01f5d7ee45c34aeeecf5eb65c93f869e00c3f7ec68e8f20fd","15;17;22"
7528,-0.003162,-0.129482,0.391535,"d71ff0dfb6188f195d8653f6ef68b5ef76fd2c33b1f4e5cab8602e9aadef9135","17;18;26"
7537,0.100858,-0.136307,0.350091,"978f60a9fcb3cafa176951f7484cb6407f8317f7b63b2dff1e0eabe4bd8f30c5","17;20;24"
7541,0.101812,-0.136370,0.350063,"9f8d60a99ea38afa1679d9d7516eb8405f8b17ffbb184dffdc07abc4bd8f10d1","17;19;20;23;24"
7563,0.071261,-0.145296,0.369525,"4200f8ac7c02b81e5aa11112bd8a3008ce051f11a06b90d584dffab814082189","17;19;25"
8671,0.096262,-0.127248,0.349686,"1c7a81e136638bde16ead8e69517e1085fdd17d88b94411aecc7afb4bcf910b1","11;21;23;24;32"
8672,0.100755,-0.127145,0.350659,"dc1d3ee1ac8f53b2adb89620df158143a6f57d7bb8e921bcead361d426a91123","21;22;24"
8674,0.095525,-0.127856,0.348541,"de1977d4e7cf77b6bdea166e1e97a1fd26f4bf4ef19d32ee9f5a61c22ead147b","22;23;24;25"
8680,0.102198,-0.136853,0.352532,"bf8f608b9493ebf016e8dee65128b2607da21ffdb99c6dbe8c4fabd43f8f50f1","21;22;24"
8683,0.101046,-0.136579,0.353941,"169664899ee39ada067599f7494eba497f939fb7ba034ff51800abfdb5cfb451","19;21;22;23"
8684,0.099529,-0.137134,0.352072,"96974c8abae198699615d9b34d6ea8417f93bfb33a034fd59802eacfb50fb553","21;22;23"
8697,0.092328,-0.144037,0.357734,"9069c1a9ce03ccdf16b0d0c2118bf1497f8937d54a52c7d0b080efac35f8b088","21;22;24"
8703,0.088217,-0.143685,0.359241,"0239f8c766a1bc770ea259e2bdaed0234e3b3781d1dac7c00c08fea035c821a9","21;22;23"
8282,0.248207,-0.187059,0.314494,"012897bd6e83a84a1ea05242d582b0407a2d3a8d03da43591422bb801d083180","17;18;19;20"
8300,0.102796,-0.136582,0.352190,"0385618b9e838ebd1641d9d7716eb8405f821faff3086fd72c2caacc358eb070","19;20;24"
8313,0.251346,-0.214824,0.318267,"0122fff574abe9137e2972f2b70994696f8e3f1db3fc455dc4aef2c0ad8851a9","18;19;20"
8332,0.261976,-0.280633,0.334716,"9d9cf79dbc3feefb5eeada76db789da1ff477eafbdfd6dffae5fef94ddfcf99d","18;19;20"
8335,0.263411,-0.286672,0.337697,"212afdf574ab6917772172f2f30190797eae361cb3fc451d44aa71c06d8850a9","18;19;20"
8343,0.244900,-0.281840,0.361810,"7a30f2b80f959148cf95b40f0ed9660aeaa1ff550e63f2d1d3d9537b770e2f46","17;18;19;20;23"
8347,0.244844,-0.288596,0.361620,"5a98fefeabf019cbbf57f4b36dffaefb6ff3ff913e4feef3dbf7ffdbb7c42d73","18;19;20;21;23"
8350,0.220631,-0.292079,0.366596,"693cf9e1a47f59177befb65c9b3fd23acfbe7d1cb9fcf182c7fff0f0eac8c67b","17;19;23"
8375,-0.009212,-0.325030,0.432912,"03a8efd7ecb2e9df7ef356d6f1e6de6f6fee7f9db3dcefe34c2effc08dc0f1fd","18;19;21;25"
6821,0.264518,-0.210534,0.303839,"faaaee500df95047c357a49d2a8c561fc9a2ed94be6ff6915b59907bf30c5e5e","15;16;17;18;19"
6823,0.266394,-0.217787,0.301992,"72b0ef580dfd5153c35db49d2a9c563fccb2dd109e6ff291d35950fbd30c5e5f","15;16;17;18"
6847,0.257313,-0.214756,0.337652,"0182ddf5748ae83f76a372f2f12190607fae262cb1fc454f4caef3c06d8840a8","15;16;17;18"
6869,0.270681,-0.282447,0.368815,"1186cf55162bea3f76a172c2f12190417bee22acb9f84d1c2caef7c4eda850a8","15;16;17;18;19"
6870,0.272510,-0.267975,0.369618,"116a4fad420b294c36b142c2d5829049722c6adc01d4c7158422fb402c8221a8","14;15;16;17;18;19"
6877,0.268705,-0.282233,0.348689,"a132e7dd648fe9577f6976f6f111946d7eae379c83fc45dd463af3c08f8870b9","15;16;17;18;19"
6881,0.266386,-0.273534,0.351024,"2302e7dd7e03e97b5ee972f6d128b46d7fac37acb1f865dd0c2afbc0fda870bd","15;16;17"
6883,0.267446,-0.276938,0.356545,"0102cf5d6e0be95b7ea172e2f10294697eec369c91f8455d042af2c06d8870a8","15;16;17;18"
6891,0.247175,-0.269283,0.357226,"567b36b24fd9b2c0ef8491ab6ed86f86baf1ef5306638efd9a500f3b673f2f47","14;15;16"
6898,0.246719,-0.277410,0.355147,"7ae932fa09dd52c88b34ad092edf6396c8fbe9424e6bdab19bd1013f520f4e06","13;14;16;17"
6904,0.215004,-0.295039,0.371648,"48993a6831dc7957ad4d7e01bf9f2250a43bdd1892a9b041e3fd20494280ef7b","15;16;17;18;19;20;21;22;23"
6905,0.216284,-0.296150,0.372706,"d8b93af813dc1047ad0de4112e9f22d0a4bbdd00460b32d5d3f1126b52042f5b","15;16;17;18;19;21;22;23"
6916,0.216421,-0.304459,0.370680,"5a99baf80bd511478f558c232c9f62cae6b3bb911e0bb2d1dbd5da7b9204ad5a","15;17;18;19;20;21;22;23;24"
6919,0.216387,-0.304656,0.369619,"395b6be57652ff7445cc7ee67b0db7607ef495eecdb824ac62e9a4806fbf70f9","15;16;17"
6921,0.169475,-0.307386,0.395297,"3b1079e1375e7950616cf7271b1d9730fe9d95ec8db231ccd3f9a2876f8e6cf7","15;16;19;20;21"
7146,0.285115,-0.202117,0.269550,"8c1c9e7781ecb523ba972710bcbf037b8177ea0234edb2624ff35603ca718782","16;17;18"
7152,0.298641,-0.243039,0.264175,"78b8fcf0ebe951ceabbfb4389eb7407aa3f7ff10026ffab1dff3713be259876b","15;16;17;18"
7160,0.282362,-0.207257,0.273545,"7df52e4e191f57f834e4e60ddbf70a90dcf4fb6ee9c3f93ff7ff873c4a7f6672","16;17;18"
7239,0.239904,-0.144283,0.320248,"bb1ae67517fa51775765f6bf6b2d96fd78e6ec9cbcfe759dd7fbd053e78cfe5e","14;16;17;18"
7266,0.301846,-0.282463,0.280993,"c424bd73886c5198ba3fa718d777495b815579383a45fb02c9eb717c80610762","16;17;18"
7279,0.273688,-0.227473,0.304586,"782118680d4d404d4315a00882c10090c880c8601a23da1193d1413dd10afe02","14;15;16"
7294,0.311524,-0.322106,0.269425,"c82096bcad18500bb3d38619cefb42dfc1e6fd102c4fc3c0dbf3d71b82e4fa4e","16;17;18"
7312,0.269847,-0.229489,0.310523,"d5c595a79c0a46a87ea28a40d7620952f1c76c6a68c1c93ebca6ef14087b8120","14;16;18"
7315,0.271443,-0.233673,0.311442,"49323f012bdc3110a44d96e59d16c2fe0414ec0c8789b100c3e132900a84077b","16;17;18"
7339,0.262417,-0.267298,0.340072,"032b47896eaba8472e31dae3958af4426eaf7fd5969bc7d09420aac02d8a318c","16;17;18;19;20"
7353,0.273549,-0.296018,0.365987,"098ad57574ab681776297ae4f32190f87b2e269c91f8450d44ae71c0ed8040a9","15;16;17;18;19;20"
7367,0.244623,-0.322210,0.372266,"2af130eaddd5d4edcf55a409aadc7e94c88bd3515e2bfaf53f59847f530edece","16;17;18;19;20"
7368,0.236194,-0.321440,0.362336,"2ac8369e4dd5b8cc9f15e403acde37cdc87993c3466f7af517739a2b131d7dce","16;17;18;19;20;21"
7962,0.096853,-0.127605,0.350093,"dd1d27a1b5af4bb285e89e449f37b16526f45d7eb99931bce9db61d0aead1171","18;19;20;22;23;31;32"
7966,0.089513,-0.128802,0.353191,"9d5b92f9a2072edc1e9a5466ddd3e9cd7759367ac3540b90e0cb6facbaf1a9a1","18;20;21;23"
7976,0.056787,-0.128080,0.361541,"1c5891e912e3098616e1c0a29d1741c85b3913902b9c519eedc7bfe4b69904ba","18;20;21"
7678,0.219080,-0.306444,0.379552,"0890bff82ce479578f5f3434bd9fe26ba7331719930f32d1cbd97aca9280a5fb","16;17;18;19;20;21;25"
7680,0.215105,-0.303292,0.368561,"5aaaa2984bd1b8478f1594a32c8e66cee63bbb95064b82f19b509aeb160cbddf","16;17;18;19;20;21;22;23"
7681,0.242052,-0.332997,0.385452,"0e5d32df75f7bee29d885e23acfe37c4fe7bb3c362ba2aff37768e8b177f2dcf","17;18;20;21"
7683,0.240690,-0.321164,0.369207,"2ac8b29e5dd5baee9f074013acde36c4d97993c126bf5aff1f579a2b930c3dce","17;18;19;20;21;22"
7687,0.237297,-0.323523,0.367041,"0add22df75d7bee21f0c5e03ecfe27c4fe7b93c362ba2aff37768f8b171d3dcf","18;20;21"
7689,0.242043,-0.321959,0.370343,"0a2d329f55f7baea1f404803ecfe35c4f97b938326ba1aff35768b2b175f3dce","17;19;20;21"
7693,0.313481,-0.453349,0.327397,"6c3d9166386c57b833aa2928f7f7413611fc6c6a0942fb2bfdb6253c62f30633","17;18;19"
7695,0.312110,-0.453334,0.326928,"6c3df147f94f47383ba869687e7781b4127c6c6a0172f90ea7be253a62f34631","17;18;19;20"
7700,0.292402,-0.474558,0.361558,"93beebd9f6b3f8575f4bf2f739afb4687fbb179db3fb27ff5e7fbac0bfccf1d9","17;18;19;20;22"
7702,0.082400,-0.408922,0.574741,"bd446ac5d432efff54c25fd65129bd697bc617aef9f42dce722ff684effbf0f0","17;19;20"
7707,0.087768,-0.395099,0.564619,"09b0eedd7c12e97b76f956e6b9af92696eac7f8d93d8e7dd5e2bfbc42fa071f9","17;18;19;20;21;22;23;24;25"
7717,0.093214,-0.387736,0.548613,"8dffeedffe32efff76f3dff6d9ef9f6b7fee7fdff3f4efff7e2fefc4a7fbf1f1","18;19;20;21;22;24;25"
7718,0.089292,-0.394981,0.566074,"09b2efdd7e1ae97b7ef9d6e6b98f946b7eac7fac83dce7dd5e2ffb8427a871f9","17;18;19;20;21;22;23;24;25"
7733,0.051179,-0.422447,0.570183,"0294a09913e1b8ca1e4748b38cde6a48ff1b9391129c18d70d149ae3954cb5d2","18;20;21;23"
7734,0.054227,-0.421966,0.571244,"8e70b09b43d5b0c81f1745138cde6b08ff19939126d43ad34f569a6f920c25d3","17;19;21"
7736,0.045469,-0.430973,0.582743,"8e70939b4bd5b8481f1950138c9e6d8ded1993d102569ad00f50daaf931d2d97","17;18;19"
7742,-0.041476,-0.401670,0.614799,"03b2e79d7e9ae9787f79d2e6f9eebced7fac7e8d83d9e7dd1c2efbc4afac71fd","17;18;19;20;21;22;23;24;25"
7744,-0.032986,-0.400839,0.617834,"83bf679ffebaabff7e715bf6f1e694657fef7e9db3d8eff73c2ebbc02d84b1fd","17;18;19;20;21;22;23;24"
7761,0.017941,-0.444783,0.583621,"bd12ee61e412ed5154eb76f6512dbb687e8417aca8b4258a56ebe684e7f870f1","17;18;20;25"
7766,0.023715,-0.426389,0.552054,"bd5feee3e632ffd4746afff6592dbb6b7fd637eaf9f42da276ebe684effbf0f1","17;18;22;23;24"
7771,-0.002524,-0.463471,0.600056,"0a3036986dd5b8408b1c10218c9e668fc611b311024392d015515aab120c25d3","17;18;19;20;21;23;24;25"
7777,-0.010405,-0.492611,0.649267,"3ddefcf3e47eff94117f7ff65b7d9f2bffc795ceb9f47de2fedbf780e7fffcd3","17;18;20;21;22;25"
7790,-0.019037,-0.474143,0.603232,"3d126e454412e95044c8f6665109bc607a8417a889b325885229a2846faa70f1","17;18;19;20;21;23"
7809,-0.053100,-0.500587,0.613509,"0e30b09a4b55b8c88b1c150b8c9e6e8fec1993d30643baf01751caaf121d2dd7","17;18;19"
7812,-0.058148,-0.507230,0.619767,"8a30909b43d1b8481e1741b38cde6e88db19939106d43ad20d159a6f970d3dd6","17;18;19"
7819,-0.036557,-0.475408,0.775198,"01326fcd6c8be9536e71d6e6998d946c6e8c3f9c83b8f7d55438bac81d8871f8","17;18;26;27"
7379,-0.046785,-0.403180,0.607289,"0320678d4f9ee94b6f71c2c2998e94ec6ead7a9d87d9f7d515289ac02f8c71fc","16;17;18;19;20;21;22;23;24;25;27"
8540,0.055913,-0.145117,0.368929,"0ddf1688ac116ddfef5e1ce48dc2f3e7174a0e7ec7412ed0aad967ac1ef429fd","20;22;25"
8543,0.055272,-0.151415,0.371450,"332de1c74e03ec7f00b299ea392fd1036eaf178fc97ac5c83c08efbc75ea32a8","20;22;23;24"
8577,0.244435,-0.276105,0.357877,"6aa4d5de49f118c8b712a4b868d6ecffcddbfa802b47eaf113f3d33f13c46eb4","18;20;21"
8580,0.249089,-0.285794,0.364021,"aeaaaeb3edddd9c79fbf949baaed770fcd63ff15be7d6ab0cf53dff1865cd4ca","20;21;22;23"
8589,0.198329,-0.269584,0.372047,"8fdffff7b616ffbcbfded6f7fdffbf637ff3bfefe5f42febeedfef84afff7159","18;20;25"
8592,0.215569,-0.296154,0.374716,"e8387cf524cf793779edf61cbf1f827386b67d08e9fcf10cc7fb70b06280467b","17;18;20;21;23;25"
8598,0.198308,-0.304406,0.387739,"5b127ae16d5df9502d6cf6ef9d1fd6f4ee99df8d8d2375c0d7d9aabb1f8c6ff7","17;18;21;22;25"
7986,0.095556,-0.138009,0.353426,"ae936c99ac2388b8167fd5f7c12ffa495f93b7f7b81e4fd7ce43ebfdb5adb451","17;18;21"
7995,0.000209,-0.127631,0.379862,"9a7891b193c39dc716e380b39d9761084f3993914b9c5192cdc79fb4b61805ba","18;20;29"
8000,0.247582,-0.186378,0.313947,"03b8f79c6e87b8ea9fb8d0e77cde3469fff93f8587fb9bd51d1adfee1d2c3197","18;19;20"
7577,0.262966,-0.209424,0.300151,"eba8d258cfbd7047fb5364182ab8d6bda3aaf218b77eb6e31e7a506bcb44ca8c","15;16;17;18;19"
7585,0.249138,-0.194694,0.315533,"032a5ffd648ba8573e2172f2b4999448ee3f770d93f8c5510438ba804d8853a9","17;18;19;20"
7623,0.240357,-0.257901,0.344064,"2500c74d4c1be04977b0e24a42c89d6d788c3aad0cf6c5d8142ac30465a87084","17;18;19;20"
7628,0.242662,-0.269321,0.355090,"99367cb92e6bb0525e6a527bdf189261b3057e01a4f54592d4632b937c481903","17;18;20;21"
7630,0.298343,-0.356335,0.307917,"ed7f060ea97fa7dce6eeff64cae6cb964d4eeeeefd53ef3276e527b1c377aef5","17;18;19;20"
7631,0.298716,-0.356777,0.307333,"6fff224fe95d3ef8f7eeddedc8fcdfb65f7eff67e563fffa7e7f25bbcef78ed7","17;18;19"
7634,0.245536,-0.268682,0.355165,"11b7ce35b21bae7974e0d3e7d9689aa17fc57ea5fdf00d4eac6fef806de6a995","17;18;19;20"
7637,0.243189,-0.274900,0.356556,"da02e7fce924591a3716d697cda7105e7ddfef8ca857f3c2d5b2da8832c42672","17;18;20;21"
7649,0.246976,-0.288092,0.359607,"6ab8b4fea9f118cb8f3fb4b9ecff6e5acdf3ff911a4beaf19bf7dfff9244a652","18;20;21"
7656,0.306976,-0.391835,0.310671,"6db4fd76f95e57b873fab46c7b7ddf3b95f6f42ead62fb286bff65bccae44273","17;18;19"
7657,0.307168,-0.393626,0.313071,"6d77734e795f5ff8e9ecfd6cdbdd9f349654df6ec5a3fd3e77dd25bc4eb742f5","17;18;19"
7660,0.219556,-0.293889,0.369314,"f930fd652c7f591f71eeb60c9b1dd33bcc947d2ca9f6f18ac7fb61b462a85671","17;19;21;23"
7662,0.305097,-0.393799,0.313797,"6d71796fe95f577c67ecfd6cdb9d9eb4944cfc6ec1b3fb1877fd21b44a97c6f1","17;18;19"
7665,0.305229,-0.395066,0.315059,"39711e4f081f615826e9e74c5383023034846c4809d2f30447e921006a836a30","17;18;19"
7666,0.217402,-0.296501,0.376247,"f8787d653c4f593b61ecb6289715d3735ef47d68c9fef10cf3e925b062a84679","15;17;18;19;20;21;24;25"
7667,0.305292,-0.394332,0.314668,"ed713a4b095f635867e8ef4c5b96863408cc6c6ec9b3fb3077f920304a93c2f5","17;18;19;20"
8510,0.090267,-0.128596,0.353317,"cb5d57d4e7ff6d36bdc8566e2cb7a5fda676bf5ca1d932ec3f5a74820efd507d","13;20;22;25"
8518,0.075649,-0.137772,0.361793,"3c89e4f7071078a463b166026b295c8269c431d94af81ba15febc541e78e780a","18;20;21"
8520,0.071579,-0.136342,0.363312,"3c89e6e3c55274e44111f2024b3934dae8d6a5d018fa01a07befd445e31efc8a","20;22;25"
7837,-0.060450,-0.640172,0.905059,"b35a639e2692ce70c448dae631c8b5e46ee016cfcda726af3028aa883fbf70fd","17;18;20;21;22"
7846,-0.119527,-0.660092,0.848428,"b502ea446402e95054c2f7f25189bc617e8437a8a9b7250a5229a2846daa70a1","17;18;19;20"
7848,-0.122776,-0.658893,0.840033,"35166f4e6482eb70c4c0f7e651c0b5657ea416eea9b32c8c1028e3807dab70f5","17;18;19;20;23"
7858,-0.153519,-0.702065,0.877594,"cf9d33b2fdb5bed7894a1d389cfefe268f539767b60f28e36a5dbeba965fc3fb","17;18;19"
8115,0.246006,-0.288642,0.360897,"7ab0f4f8abf119ce9757b4b3a9ffe67a6ff3ff911e4beed1dbf7bbfbb784a67b","18;20;21"
8118,0.254362,-0.293442,0.371329,"7ae9b2ba09dd10c89f35a409aedf6fdec9f3fb100e4bdaf19bd59f7b120c0f0e","16;17;18;20;21"
8120,0.248786,-0.294774,0.363097,"a772e1096c1bcad853fab1ee4248ddbf5fcc76ffaf76eff21c18c5bc5dbf52f5","17;18;19;20"
8143,0.022979,-0.439958,0.579724,"b74e479e2690ce70d5cad2e671c8b5e56ee016cfeda326ec302aaa883dbf781d","18;19;23;24"
8147,0.025089,-0.445319,0.594239,"174a67ce2492cb70c4c0d3e671c8b5e57ee016efadb324ec102aea803fbf70b5","17;18;19;22;24"
8154,0.013413,-0.447432,0.585809,"3b5a429c0e90cef6c448d0e72188b7c46ee217cdcf8b06bd3068ba883f9c781d","17;18;19;23"
8174,-0.036901,-0.465371,0.558970,"b9146ee1e422ed57706a77765939b0697ec417aaa9b4258276ebf084efd9f0b1","17;18;19;20;26"
8175,-0.056349,-0.502627,0.614122,"bd0660e5e612ee32512a7e72592994617a8617a8a8b4658a46eba084e7fc70a1","18;19;20;23;25"
8198,-0.037449,-0.473607,0.795123,"adedeedbecb9efdc76fb7fd2f9efdf6a7fee3fdef3f4eff36eaff7c4f7fbf0f1","18;19;20;21;22;23;26"
8200,-0.043108,-0.485637,0.809470,"0130efdd7c0be95b7ef1f686b18db46d7eac7fac83f877dd5e2af3cc7d8871f9","17;18;19;26"
8072,0.044221,-0.178994,0.386147,"d696e6c7a42274ff35bbd2f7482f604a6fd6efb0b8ff81e2ba76f6c68fd9b419","17;18;21"
8105,0.269174,-0.289398,0.354768,"21a2fffd740b697f77e976fe732990797fec36ada9feed1f5caef5846da870a9","16;17;18;19;20"
8108,0.244498,-0.281650,0.357475,"aeaeecbbacbbddcb97ff94bf8badd60bcdeeff95be7e6fb1ce53fdf597fddcc1","17;18;21"
8109,0.304463,-0.391943,0.313128,"3930de65100f613833a1664c53138091349c642809d8d10c9eef71046aa04ab8","18;19;20"
8385,0.085325,-0.402563,0.562987,"bd8ceef7f432efff54ea7e325969b9617bce37aaf8f42dae7eefe784e7fbf0e1","17;18;19;20;23"
8387,0.080489,-0.405760,0.564373,"bddeeff7f432efff54f27ff6516db96b7bce37bef9f42dae7eeff7c4e7fbf0e9","16;19;20;21;23;25"
8394,0.058392,-0.417293,0.566631,"0287208bd7f3ba671e0559a3ac2e3640df0b9395169804df2c148ac3954ebdc6","19;20;21;23"
8401,0.007905,-0.453066,0.591096,"bd126f457612e95854e4f6f6510dbd687e8c16a8a9b3250e5229a284effa70f1","18;19;23"
8413,0.016971,-0.451050,0.597949,"33cb429c5e918cf78405d0e72988b6c06ea39785ce0b06dd3020bec93d8cb8dd","18;19;20;21;22;25"
8418,0.021629,-0.450388,0.599422,"b516efcc2422e950d4c8d7f651e5bf647ea437aca9b724ca502ae2846dea70f1","18;19;20;23"
8422,-0.047437,-0.419676,0.625077,"95dfef56b402efff56cedef671edbd677fee36aaf9fd2fee782ee784e7f8f07d","17;18;19"
8450,0.146376,-0.504393,0.816729,"39b0fefd7c0f697b3ffbf626bbff96517fad77acb8fae39fdefff384f7a862f9","18;19;20;21;22;25"
8461,-0.018421,-0.585174,0.836864,"3d12eb45e412e95854c8f6f6512dbc687e8417aca9b3250852abe284eff8f0f1","19;21;22"
8462,-0.119378,-0.658396,0.844861,"351a634e6482eb50d4c8f76671c8b5647ce816ea89b32c8c5028a2807fab70f5","18;19;23"
8472,-0.179125,-0.718840,0.858460,"b54e6b4e4622cf7054c6f7e271c4b5655af816eaa9b72c8e602aa28075bb74a5","18;19;20"
8476,-0.165752,-0.702731,0.845383,"0a98fcf6749cd9188bd8b52affcffe24fea1b7d98b626adddfd9abf817aa5571","19;20;21"
8477,-0.270934,-0.861634,0.998010,"4b92fbcc7416d918dbcdb42eddaeb429fe851fa8856b26dd5a9ff3fc16a855f1","18;19;20;21;22"
8218,-0.053136,-0.603348,0.835401,"335a439e0e90cef0c440d0e631c8b5e46ee016cfcda306ad3028aa883fbf789d","17;18;22;25"
8219,-0.055592,-0.614115,0.854640,"351663cc2602ef70d4cad7e651e0b5657ea416eee9b324c8502aea806ffb7035","17;18;20;21;25"
8223,-0.112274,-0.643266,0.827262,"0eddf0f2e57cfeb7195b3c3bcc7e3fabaf539783f44938eaabdfdebf9675ad5f","17;18;19;20;22;24;25"
8234,-0.057710,-0.591495,0.803080,"355663cc2422ef50d4cad7e651c0b56d7ea416aea9b324c8102aab806dfb7065","17;18;20;21;25"
8611,-0.218646,-0.312487,0.494972,"78fb78623dc953dcabadbc29afdb40108af0ed504a2bcab1fbdd25fb629ace0b","20;22;24;25"
8617,-0.220640,-0.321539,0.501189,"571ca797af76acafbffa9ad7ccee97efe7e77f8ff5c1bfe89c7adf868c74b17d","20;21;22;23;24;25"
8640,0.024871,-0.567783,0.848448,"b853eee57632e95644e8ff76592db2e07e8497a8a9b0258876ebe2846ffa74f1","17;20;21"
8644,-0.123002,-0.660781,0.845251,"374a63de0e90ca70c4c0d0c671c8b5e46ee016ef8da326ac102aea883dbf7065","17;19;20;21;23"
8661,-0.239025,-0.782078,0.877972,"42d0fdd43456d9383bd8b526ff6fbe75ffa137a98b602acd8bdfebbe97a06575","20;21;22;25"
8875,-0.015199,-0.151389,0.391577,"119e3ddd36a6bb325c6b5a767c37b860f76717acb19c21ef2caebac09881a1b1","20;22;23;24"
8721,0.054898,-0.151864,0.375303,"158e9bf9b4ae6b9a7e0b7a54f761a860b76b3c1cb3bc012fc8af32c088c14121","21;22;24;25"
8783,0.219580,-0.302141,0.371965,"89187bf124ec7917ed5b7674bf1fb2698633179c93bc30c1c7f932c08ec0c5f9","21;22;23;24"
8795,0.310156,-0.450456,0.326410,"7c3db97e186c57b8b2eaa908f7f7413291fc6d422b43fa3bf1a6253860730632","18;19;21"
8797,0.181228,-0.308412,0.391603,"3b1079e1255ef950296cb6271b1d96a0ee9597a58db071c0d7f9aa836f8c7473","19;21;25"
8810,-0.226182,-0.324795,0.506786,"875cafdfac66afb2dcdad656f0fcb76f7d663bafe1d53fea253aff808df97174","7;22;23;24;25;28"
8814,-0.232444,-0.327275,0.515509,"5cf9bec7ae52bdbceef5d622f9ffd36a6274fbd990d9bfe07f2befc1a7b3f56b","21;22;23;24;25;26;27;28"
8817,-0.216978,-0.319850,0.491838,"5cf9fee72f52fbfce6bdd622f9fff3626af5ffdbc0f9afe05febe7c5a7b7756b","21;22;25"
8818,-0.221023,-0.322891,0.501643,"5a6362ec1e92fa58a584d7a369cfb7427eb5efe3c8a3a5ccd2e1ab9927a67c53","21;23;25;27"
8819,-0.237478,-0.324957,0.523552,"da5262e0231a79502524f6a78f0f92556e95dfe9c89725ccd2e9ea9527842f73","7;22;23;24;25;26;27"
8820,-0.215551,-0.320260,0.491760,"d3004ea92e1a78502d60d6d78b0a36c7ee85dfe58db745c092f98a932d8c7915","21;22;23;24;25;26;27"
8826,-0.218649,-0.323200,0.496943,"3b5366ad3c87ea58a5ccd7e769cbb7447eadffee8ca307ddd6e9a3883fae78d5","21;22;23;24;25;26;27"
8838,-0.007996,-0.462357,0.590571,"0a30b2984bd5b8488f5f14228cde628fec3993910643b2d01751daab120c2dd7","17;18;21;23;25"
8844,0.022956,-0.576727,0.859479,"bddfeff7f4367fff55cafff65b6dbb637fd637eef9f72daa7aefe784effbf0f1","17;21;23;25"
8918,-0.017144,-0.313297,0.423616,"3e9ef6faff91daf89f9fb4e7edffbfedfffbb7b1be6b0edfdadfffff9fec7ddf","22;24;27"
8930,-0.259910,-0.246375,0.500461,"4e5eeefead76ffb89ddedeb7edfebfefeff7ffe7edc7fbebf77fef9b9eff3d77","22;23;24;25;26;31"
8950,-0.248678,-0.296184,0.508129,"2aab2288df91bae78f05d8afac8c7684eaab8395962b86f53e549efbd70ebfce","7;22;23;24;26;27;28"
8956,-0.222505,-0.317546,0.500344,"53f997a73bcc3bccafe99aedafc640d6a6f57d554709dbe1b8f40ffa8816835d","22;24;25"
8961,-0.223908,-0.315118,0.504072,"78fb78623a8952f02b2cbc6dafdb40109ef8cd62ca2bd8bdfadd21fb6a9b4e1b","20;22;24;25"
8971,-0.153510,-0.656193,0.768416,"3ed8f4d635d4dbb08bdcb527eededf72eef9b5d1cb787af18fd9ebc327ae645f","21;22;23;25;26"
9005,0.216391,-0.303935,0.381484,"991a79e934ed79162d4df6769f1f9070eeb95f8c9bbc71c5c7f9b2c06d884479","19;23;25"
9006,0.216287,-0.303928,0.377294,"89187bf924ec79176d4d7674bf1f9078e6bb1f0c93bc71a1c7f932c06c88c5fb","19;23;25"
9845,-0.081016,-0.188741,0.425638,"8fdce9f7e77effbf11ef5eb6f97d9f6d375eb52ef1fc3daa6fdff584aff5ddf3","5;6;14;27;33"
9862,-0.083145,-0.225481,0.433866,"b91eee8d2472e95655cef6760a28b669e8a4ae89adbf25ca527bf2830fec7c4f","6;7;27;28"
9870,-0.099917,-0.223534,0.453336,"af9ce6dbeff7beff9fdffdb768fefeaffffbb797b6767af72f5fdfc79ffdecd7","6;22;24;25;27;28;29"
9886,-0.268535,-0.038031,0.430900,"59b8bc76ad1c5dbfebfda60dffff527e85f7fd1c8869fba0cbfb553dcae44a5a","7;27;28"
9262,-0.260885,-0.195367,0.480980,"6b32fffc7e92db785bc8f4e6fdfeb661fefd37bdaff2eecdde7fef8a2fac73f5","24;25;26;31"
9281,-0.258670,-0.224950,0.489275,"0312ffe57c0be9591ff8f6eedd8bf470febd7f2d81f3e3dcdefbebb45da841b1","6;7;23;24;25;26;29"
9285,-0.261287,-0.226525,0.492794,"09327fe56c0be9506f69f7ee9f8f94686e8d7f8d81bae7d0d6f9ba800e8841f9","6;7;23;24;25;26;28;29;30"
9288,-0.116773,-0.292640,0.472583,"7ab2eedd7dd7b1789ffcd6a768fde6ecfdfcffb189c3fbdd5f73efff3fac3cf7","7;24;25;27;28"
9295,-0.117818,-0.294815,0.476203,"6b3076cd6f5fb958afecd6afcc9ea6e6ee9dff8585f3f3d05779abbf178c3dd7","18;20;24;25;26;27"
9304,-0.259370,-0.245496,0.497585,"4b12fbed7e1af9583fe876eedd8ff4707efd3f0d8152afd9defbebac3fac11f1","7;24;25;26;29;30;31"
9307,-0.129287,-0.297749,0.483594,"0b306ac96d5df9502d6df6af8a9db6fcee9dff958dbbf1d0d7799ae34f8c7dff","24;25;27"
9327,-0.272950,-0.322654,0.530868,"2130eaf9fce5f9435e63701b119c7628df9b1395b6be75525f0fbae8d508f2d2","7;22;23;24;25;26;27;28"
9329,-0.278567,-0.323225,0.523051,"d85c9efc2d4c54b6bc1e8611ffbf235be175fd0268c593a3d3f37a1b02702d0b","7;24;25;26;27"
9331,-0.270270,-0.322216,0.514385,"06a5fa98f497beeb1ea0780becea7e00ff6b1391d67a9adb2d1f8fed956a098a","7;24;26;27;28"
9334,-0.273902,-0.320008,0.513844,"908d1dedb4cf4f370424da02f737004146b65de87999711de1a9aa5030888428","7;24;25;26;27"
9337,-0.287151,-0.326427,0.527552,"14cd1bfb96c3effd36015842f5e7a9407b7b17d863b8283feda7afc035daa5b8","24;26;28"
9339,-0.327120,-0.392226,0.550554,"23fd629bf697bee71e4158e728ecb6607f7b93d5d6ba3cff3e1c8eea955ef1dd","7;24;25;26"
9340,-0.327386,-0.389931,0.554414,"22cd628ad683aee75e41788328ec34207feb13d5d2ba0cff3e0c8fc0559ef1cc","24;25;26;27"
9342,-0.332825,-0.395092,0.560538,"028d228fd483aee756005802a8e83040786b13c1d2ba08ff2c068ec0155eb188","24;25;26;27"
9343,-0.337589,-0.397301,0.565324,"02cf029fd5d1b6ef1e0d5803a8f834c0d97b838176ba43ff2d369ecb105cbd8e","24;25;26;27"
9344,-0.338899,-0.401714,0.566785,"028d628bd683aee71e01588328ee34407f6b13d5d2ba0cff2c0e8ec0155eb188","24;25;26;27"
9347,-0.340351,-0.402615,0.559062,"029d229fd7f3bee71f075a83acfe30c4ff7b9381729810ff2d369ec3175cb5df","24;25;26;27"
9794,-0.027389,-0.119596,0.387727,"e85e7aee33325a3211ceffa74b8fb2c156749d66e4a5e4ae62ed20996fcf6c5b","2;9;11;27;28;29;32;34"
9061,-0.221001,-0.323801,0.498431,"5ecbf6ef3e12fa78a784f7a369cfb7426ef5efc3c8f3afc8dae9a39127ae6d4b","21;23;25;26;27"
9064,-0.244700,-0.292187,0.505459,"e332f8506cf5b953db5f34381c9cf6388f1bb711a76eb2d25f1f78ebd5484fff","7;23;24;26;27;28"
9077,-0.266900,-0.313912,0.511308,"2b676045755beeef71e4fe8f0b2897b47accc6edccbae58e3e7d852567be5ecc","7;22;23;24;25;26;28"
9079,-0.273362,-0.320989,0.513868,"10851fadb4c74f770421da02b73720407e2f1fa879b9511de1a5aa10308ab128","7;23;24;25;26;27"
9084,-0.269339,-0.322850,0.529136,"20a4f9e9b4ebb9535e6b7833971d5028db1b171992be4116cd8f3ae0f548d7e3","7;23;24;25;26;27"
9632,-0.017943,-0.136771,0.390361,"bceae6e35d52f2ecc7b9be1369b97cc2e9c6a7d24a7d8ba35fefe547630f7c8a","10;12;14;26;28;31;32"
9640,-0.016863,-0.151237,0.395406,"02953fff34e6b9370c415f22f437206166331b88319839df6fafbac01c0ab57b","20;23;24;25;26;27"
9737,-0.220469,-0.313226,0.487782,"52cbffcfaa523fadaedddea2fde6827266f7ffc110d9af65fc27efc1a4b2a579","26;27;28"
9738,-0.230933,-0.319693,0.506144,"5e6b7a463ad87b58aca497a369cf9f7276f5ffe2ca83af4dd261ab9927a32769","7;26;27;28"
9739,-0.234513,-0.324784,0.520012,"58636aec32127b58248497aa594f9b7076bddfebc883a4dcd2e9ab9927a62761","7;22;24;26;27;28"
9744,-0.261953,-0.269662,0.503792,"b1566bc876a34b7851c8fdfe52c5bd347ea817aee9b724de760ca0a87fab72b1","7;24;26;27;28"
9746,-0.245848,-0.293310,0.502860,"27ef634b5797ebf8574878c660c0b4a47fea12fee3ba6cff2e1c85c67f8ef2bd","6;23;26;27;28"
9750,-0.269106,-0.324903,0.522258,"26b5f8ccfc059efb1be87cab6cfdfd009f5bd775c2638adb3b1e8fbed7ee1bd3","22;24;25;26;28"
9751,-0.267917,-0.315033,0.515274,"2bb5624d557ff077796d7cbf2abc96b4fc9e97059cbaf5df1f7c90eb678cfedf","7;22;24;25;26;27;28"
9752,-0.272048,-0.324303,0.522458,"2efdb89adff59ec89bffd92b4cfe6fa8dd5b93d3d663faf33b158fff957fbfd7","22;23;25;26;27"
9454,0.038687,-0.180342,0.390543,"d6cdfe878d66ffc67df7cb13ccbd7e4afbc7fb07f8f7b9e2bffedf4687fff8d0","22;23;25;32"
9477,0.151971,-0.310397,0.403082,"3b126ae177565950416cf7a71b1f96f07e9595ac8db275ccd3f9a2846f8e74f3","19;24;25"
9480,0.139262,-0.309976,0.405386,"39107be477565b50416cf7a65b1fbff07e9c97efcdb2758cd3e9a0846fae7cf3","23;24;25"
9499,-0.087293,-0.228663,0.434935,"8b9efed2a5f0fc96dd5f567668fabe6fe763b691b7fd2ee22e7ffec38f5cfddf","21;22;25;26;27"
9514,-0.260353,-0.177216,0.475037,"df5ef7f7af76ffb6bdded6f6fd7eb7eff7f7ffefe5c5bfeef2fbef82aff5b175","23;25;26;31"
10388,-0.306419,0.073474,0.508934,"e8e8397a59c511ee9317a418bed76032c9f3ea006a6ffa37dbdf147b521026aa","6;28;29;30;31"
10391,-0.253120,-0.257750,0.485154,"0b127de1649db910ad5957769c1f9468e6197f1d839c63c14679bac20e8921f9","25;26;28;29"
10397,-0.269611,0.083961,0.530116,"76d8a51ecb4496ad83ff813b64fe2412cdf7f9c3f04bdaf33936dfffd137a65f","28;29;30"
10416,-0.409146,-0.041371,0.494192,"adfff84ffc3feffc76eaffd6d1e59a607fce76eee1f2fd7e6eafa7846ffbd2f1","6;7;28;29"
10418,-0.418515,-0.039864,0.502363,"8dbcef5ffe0feff876faf6f6d3ed9d617fce7eaeb1f46d7e7eafe784eff8f0f1","6;7;27;28;29;30"
10422,-0.491602,0.099956,0.469753,"bc536be5545e6f7875ecf706531f33717edc17eae9b3358cf3e9a18467bb76f1","6;28;29"
10424,-0.487039,0.099268,0.465044,"3c716ae5365e7b7875ecf7ae5b1f9b707edc15eec8b3358cf3e9a38427b37671","6;28;29"
10439,-0.302130,0.089748,0.551586,"ba107eec5fcfd043b521e21b9f9d2210ccb5f78108bf509dd7f39853650c16da","6;28;31"
10443,-0.303740,0.090136,0.560116,"b25813ba69e511478d1fe019069b6059c89b4b113a2f02f291905a7b5059a78b","28;29;30;31"
10447,-0.504375,0.052941,0.517642,"5b90367aa3b479bfad5957545cdf3ceda717bd04938933f543fb5aca8a05a933","6;28;29"
10451,-0.505112,0.054420,0.519969,"d6664aa452827a70b584d3876dcb23517ead97e76c97044ed0a1ab882da62b52","6;28;29"
10459,-0.509086,0.059136,0.534912,"462f9ae0abe53fc68fac98e38cb76142e677ffd20009a0f0fbd5affb8075052b","7;28;29"
10472,-0.458625,0.088682,0.553615,"a9c87f65465f7df6647676027b3f133b2ad473ee48fc753d47cb7005679946e8","28;29;30"
10490,-0.473538,0.092276,0.563138,"7c33dae0f4267b51318d7d6757f7eb507ebc07f81892800afea5a7cda5aaee93","6;28;29"
10492,-0.460539,0.089451,0.554356,"1341a74d0d4eed2dec60ae02d9f53c6678347beec1a137c0353ec714533ae164","28;29;30"
10521,-0.615383,0.098447,0.575105,"bc44fd7b8c63439856bff51a5371d97859cc263aa8f66b324fcff555f7fb74a2","6;28;29"
10528,-0.624880,0.091226,0.559759,"0df75a8acbd1bfd88e545daecdc6ebe47f4882ded613aeb37e452fefb6ffadf5","6;7;28"
10546,-0.589100,0.096701,0.723577,"7abce49c4b41946b92f680bb28bc670bebd7e3a1344b9eda5902df3fd56c36de","6;28;29;30"
10548,-0.576653,0.093731,0.719670,"d6bcb69a8bf516c79b5f893d6cfe6f1ba573d993364f3af33b165efb9255a55f","28;29;30"
9691,-0.122568,-0.295454,0.474324,"2822eecd5ddbf1587fb4f607cbc8d6427aacef3d84f3e7dd5e7b63b567ac7fc6","7;26;27"
9694,-0.262669,-0.158452,0.467891,"12227ce56e0bf9580fa4f6ab8f8fd4406e9d7fe180f2e7d0d6d9abb5358875e1","3;6;7;9;26;28;29;30;31"
9696,-0.123832,-0.293019,0.470449,"3b32eeed6fdbf1586ffcf6af4b8cf6ce7eadff858ff3f7d1d65ba3a36f8c7cd7","20;26;27"
9714,-0.260817,-0.195483,0.481850,"4f9cf3deef56fff9b9cefea6ecfebff6fff7bfafe1c3baebba7fef8a8ef4257d","25;26;28;29;30"
10001,-0.398452,-0.038366,0.511207,"15d7ede7b40a6fb876eadee6f3679b6077ce7defe9d0fd2eecefef942cf3d171","6;7;27;28;29;30"
10012,-0.225027,-0.322006,0.502004,"499defd7ae72bdfffcd7de22f8f7b66b63767b8991d9bfe85f2bff8186f0b56b","7;25;26;27"
10013,-0.395940,-0.042069,0.496997,"8777c78ffc23efdc3ee8dbf6dde694e47fcf7effa7d0edffbc3eaf843df7b1f5","27;28;29"
10025,-0.380891,-0.040886,0.482445,"877fe79ffe33effe7efadbf6d9e69ce47fef7eeff5d6efff3c2aef842df7b1f5","6;7;27;28"
10033,-0.259158,-0.268904,0.501246,"2bb0f4757b1fd8781ff974ed5afdd6b69e5df5358d7aebdd5edb71be5fac4ad7","6;27;28;29"
10051,-0.251046,-0.284775,0.495488,"5ab1b8e43f4ddb590bedbe2dbf9f5230b6b5fd51982bf39ddbfd2bfa560e077b","6;27;28"
10074,-0.502034,-0.040696,0.502431,"7eb8befe79dd10e8ab3db4096eff6712c9fbef410e6bdaf9dbd34f3b520e2f4a","6;7;27;28;29;30"
10077,-0.500731,-0.039231,0.501400,"fabc38fa99fd52efbfbea419aedf4613c9f3fd002a4ffab7fbd1157b5244065a","7;27;28;29;30"
10079,-0.506314,-0.039374,0.507921,"fabcbefaa9ed15e7bf3fa419eeff661b81f3ff003a4ffaf3fbd35f3bd2548f5a","6;7;27;28;29"
10088,-0.528022,-0.043157,0.505783,"daeaa69e2bb1b8caaf9498a76cce6ec6effbeb9506478af39a708fbf17042fd7","27;28;29"
10089,-0.529923,-0.042570,0.508685,"feabf29acbd198cfab1dbcbb2cee6ed6eff3ef911e4b8ef1ba509ffb9744afcf","27;28;29"
10091,-0.509722,-0.037720,0.511697,"5ebcbebeebc9b7ecbf97a7396cff2b5bb37beb023243aaf3fbf75f7b9276a7c3","6;7;27;28;29"
10098,-0.551944,-0.042719,0.501496,"6d57f965f40f6fb87dea766cd36399705ecc346ee9b06d0eeeef25846afb42f1","6;7;27;28;29"
10101,-0.552192,-0.042254,0.502469,"cd56f967b40e6fb87dea776cd373997017cc7c6ea9b4ed2eeeff25846afb4371","6;7;27;28;29"
10105,-0.545032,-0.041262,0.493863,"2d577965f40b6fb875ea7eecd36399707ecc166ee9b06d0e6eef25846ffbd2b1","6;7;27;28;29"
9580,-0.308107,-0.401159,0.682624,"7e8bc6ae0b125a68a79cf7a76fee2b527ee5ffe50cd38fcddae3ef812f2e3859","22;24;25;26;27"
9583,-0.290742,-0.385765,0.639039,"f202ce9c0812d868b79cd2a768ea3f5bfee5ffe58cc7c7c89a32cb930d243b57","22;23;24;25;26;27"
10695,-0.085570,-0.185764,0.423732,"fe1468e5e5565f16116e7db70b2f9e797edc95eef896758af7f9a085a7defc53","4;7;29"
10699,-0.087156,-0.187151,0.426914,"bd54ee65e4367f7f51ee7736593fbb697fcc97aeb9f66d8a77ebf784eff9f4f1","4;7;11;13;29;33"
10704,-0.070401,-0.224990,0.429826,"8bcf7dfd2680edb79e5356f6bd0fb06167233fcce30c26f7e6ebfe803c90b139","6;29;30"
10718,-0.296330,0.089110,0.388898,"cfbfbd17e07e35b73e7f5ef5fc36ca6f875ffe13b3d8eb636c377ec68855857b","6;29;30"
10976,-0.014974,0.031619,0.343600,"44a8be1eea99b5c8be9ec4b8f4e5c85e376e7b0ae243af715c237fb89070a7f1","5;30;32"
10981,0.019615,-0.035767,0.347708,"ddffeffebcb7cfbfdffbfef6fbfffb6f3feefdbffffdaffffafffffcaffdd579","0;11;30;31"
12085,0.063440,0.032291,0.323334,"533019a1221c79102d44e68d9f16c274a68d5c0c8d10f1c097f802022a862355","3;33;34"
12092,0.024184,0.031475,0.332799,"24717945704b633061a87f28531785341adc446a49b0e10c678c213063ab46a3","0;33;34"
12131,-0.076620,-0.048094,0.380335,"b5dfeb16922007fcd2d299f673e4f9327fc204eefb432e2fb806e5bcbdfbb271","3;4;11;33"
12143,0.053171,-0.128160,0.370714,"5a5af1af2f38969e4f8fdae3ef2cbfeef757ed018421a7ab92777a93b67f154f","2;12;33"
12146,0.034926,-0.122165,0.373862,"db706ac77650ef706ce417f6794ddf643ec43fefe194bdee760daf802f9e7579","4;33;34"
10756,-0.303827,0.025046,0.422551,"1add2bbf1fc1bfe716015ca3b5ff21406b7bb3c1629a12bfede79e8b3418b5ba","6;7;28;29"
10766,-0.247725,-0.073828,0.441922,"7c5ff9eebe6857984b40dd6af7fde962d6dabd638b23eaa3f2e525bbb4fbd463","5;6;9;29;30"
10785,-0.267629,-0.122144,0.465725,"63e2f9ed6e0bc9f81fb0b0ceff4bd4207fd97fbd8b72cfdddedbeffc7da851a1","9;26;29;30;31"
10789,-0.258178,-0.138799,0.455851,"df5ef7f7a63a7fb4fddad6e6ff7f93ef67f7fdeffddd2deee2fbff80a6f7e57d","7;29;30;31"
10810,-0.261322,-0.220256,0.486375,"2bb2ed6d7ddfd97857fc94eddbddd624df3dff358ff27f9d4f5be1b65fac56ff","6;7;9;27;28;29;30"
10811,-0.252383,-0.216429,0.475470,"afbdfcf3fe3fdffc1ffbbdbfdf7ddf299fdbd77ffa627bf7efdfadfeffdfd2f3","5;7;29;30"
9914,-0.264522,-0.108767,0.454202,"5f8efdf7a63a7ebc7df2b7f2df6f9d7b37f77dfffcf0adeceefff784a7f7e161","3;4;26;27;31"
9933,-0.317652,-0.042232,0.455678,"78b9bc70a9ed5197e33dbc08bfbf403a8cd3fd181a6bfa31dbdd7579c2c2c67b","5;6;7;27;28;29;30"
9950,-0.317882,-0.118311,0.488355,"d551dd46084e47b8a0daa7485377897b34d47c6a6945b908b1aa651428b34231","7;27;28;30"
9971,-0.351400,-0.048533,0.467366,"74acfbf3b46dffee7eaffb1af7ff5930f9df7f9378ffe96afbcfbff5c17be7e2","5;28;29;30"
9975,-0.358318,-0.047730,0.477664,"df7d7ae3ef7c7f966d62ffbd9f1f967ca7d7ff8fb517fde2f7fd9a92afd7e777","7;27;28;29"
10904,-0.492760,0.069959,0.531969,"ca3dfcc5c606bd3f28aa3e2a393fd4222eb735a9e158f14a6f8bffa46de0433b","6;29;30"
10912,-0.470070,0.094682,0.566469,"2da0e143f55d47f95f6b3158c2d5dca49908121ed334f9930f1c157e528ed6f4","6;29;30"
10918,-0.484148,0.095831,0.562788,"2929b9ed35f9c2424641780ab3b831e0c8fa12510f3a70b9e7eda039f1495caa","6;29;30"
10921,-0.397548,0.094181,0.597778,"5761438f16126ee874e0cbc251e8b9e478cc7aefcdd39decbc2e8f0425b77004","5;29;30"
10937,-0.653393,0.066960,0.601808,"b8b41aea53fd7353330d7d191fdf2a10b59bc5103aba1017dbdd206bf280ee83","7;28;29"
11745,0.008637,-0.127771,0.380376,"4fff6bc3e676ffb95ffe3ee6f92cdf6757463fcee5f8fdef6e7ff6c42fdff0fd","10;11;12;31;32"
11747,0.038327,-0.146285,0.381439,"8ab76cbbbdd7dffd5f5dd5b7e96eba21debb9ff5be297bffebdbaed3d78efddf","5;9;11;32"
11767,0.008224,-0.138172,0.388227,"bffe682f721b5efc196c7cef6b4f9ed036c995e6ef166dfff6ed25b07f9f0a59","3;5;10;11;14;32"
11770,-0.045819,-0.113494,0.395913,"bedc74e775de7ab023dc7f126b5d5eb6efd7b5d0eef4bb8fdff981c767ae7cd3","1;6;9;32;33"
10278,-0.369053,0.076822,0.380767,"2ab0b0dacdf5904b8b37a51b8c9e6e0ec993cb11126ffad19f501a7fd24c87c6","6;28;29"
10287,-0.313231,0.039373,0.441883,"018c1fffb0ce6fb6fe0b4e10bde3a060e16a3a0833d8237fecbf3e401880a1a8","7;28;29;30"
10295,-0.312015,0.028737,0.432510,"029c2bdb5fe1bac69e4758b3acff3640eb3b9381269a32ff6f379ecb954cb5da","28;29;30"
10297,-0.235669,-0.082439,0.434764,"fd4feffaac814fdcc6da9dee73c1f97b5fe27cfedb63eeb2f2e9e5bcbdfbf071","1;2;9;28;30;31"
10300,-0.260633,-0.053286,0.440435,"bdafef7f9cbfeefe76bafad8f3ecd5e1ddfe6efaf9ffff3fafeff734c1f9c4ac","28;29;30;31"
10323,-0.246484,-0.119273,0.452523,"fddff5befe7356fed2d218fa77f8f9f333f2bc63fd63ae3ffa4765bdb4fb9469","3;4;6;28;31"
10326,-0.243923,-0.127116,0.450765,"fcfff1faae3147fcd396996a77f8e9f357da0c73fb67aeb2b8c1657eb4fbd425","1;9;28;29"
10370,-0.307388,-0.126498,0.472798,"f550dd66284c45b8e0faa3485377897b00d47c6a6947ba28d1eb651c68b34230","27;28;30"
10183,-0.041659,-0.128576,0.399867,"0dfbec83bc96bfbceefd1ee4f8ecde62c647fe5fd7f8eff16e1dafc48c97995d","9;13;28;29;30;32"
10248,-0.076861,-0.218179,0.429210,"9a1e6fff2dfbfd579d6ed6f3ec3db7a9efbbb781a0fd21fad67bfa8317fdbdff","7;13;27;28;29"
11052,0.009142,-0.152664,0.391760,"da8f2fecb2c31f27840c9eb3ad27204166b3bd80788921bff9e3eed13408b563","10;30;32"
11082,-0.085015,-0.046309,0.387264,"dc5e76fea57276b3150e5672497bb1c171d695aa68d409eaf3fff68523f1ec03","9;30;31;32"
11085,-0.088311,-0.045923,0.389826,"961e1ab6b463dff61dce98f76e6c2781ffe397a7ede538eeb096ef929d7cbd59","9;11;30;32"
11117,-0.065199,-0.113254,0.400177,"7c7172f7f5d4f6d555eeb7276bdd5fcdfcfd9fe2ce73b9bd77dda5a76fbffcd3","4;10;30;31"
10648,-0.065518,-0.058328,0.385922,"82dc77df7697bcf71f4256666cbca465663b9700e19930ff367a1a821f9ca59f","27;29;34"
10617,-0.088196,0.075413,0.590151,"35620f27020f22187428f346d3108840784c6e6e88f0cd0ce5a22110693b52a1","10;11;30;31;33"
10628,-0.006112,-0.121133,0.383389,"ddf868c33fd4fb9847e8bf22791ddfe66ed4ffdaca35edf75feda3ad278f7c7b","29;30;31"
10551,-0.543058,0.085645,0.681077,"230f2294f49deef69c8c5ac720e8b780cc6a975df6b904ad2a18af8004cd59cd","6;28;30"
10574,-0.739267,0.104768,0.838715,"9d40dee3e4fe6e50755e77145f03ab59e20a065e4eb429a0c6d93401e2dbe281","28;29;30"
11435,0.038226,-0.179240,0.387277,"eebcbefeadfd57ef9fdffd19eeff66ffc9fbff133e6ffaf3fbff5fbbd27dfedf","10;11;12;13;31"
11462,-0.056668,-0.135884,0.401354,"b8fd5bfa57db56f01548f86f3bdd2191dcb885666da658bff3cd21397b0b7a5b","0;4;9;10;11;12;13;29;31;33"
11386,0.033574,0.032646,0.329447,"bcf77869780f57f8163ca52d53414b1119c8446a6a667b17fbc9257d73bb46f3","3;4;10;31;32;33;34"
11388,0.034022,0.034191,0.336859,"7123122c1dd95268e544e12946c027d4d8a0cc634c23e20c90b4001b102f7e46","9;31;32"
11397,-0.048924,0.031817,0.347458,"c5929d77282c6d38ee5ba354de73087b85446c0e81c58b01c5fb721088e14121","6;9;31"
11400,-0.059584,0.032856,0.350575,"95144d27140e631064f8e344d350197b604c6c6aa9f45d2ce4aa6114e82b5020","5;9;10;31"
11410,0.050531,-0.121975,0.370183,"adf56b4af5d6eff555ccf7125bddbe647efc16faf9b7bcce7b7da7c847aef475","0;9;10;31;32;33"
11412,0.030511,-0.127340,0.372250,"d1c41cbf2e5b94accc7a9233d7381aebc345fd6365654b9fa2e3fe973c3c990b","9;11;12;13;31"
11415,0.004053,-0.120227,0.379518,"3e98f4e765d479906bdc77236b5f5f52eef9b5d0cef0bbe1dfd983c767ae7c53","5;10;30;31"
11651,0.080365,0.032370,0.311377,"49706e650756791064644606d99d92e0640cfbc88dd0f5804769a2012f867cf6","4;9;32"
11210,-0.254206,-0.058968,0.433392,"fdfdee7fbc376ffe57feffb673fedf737dee7eaefff7ffbffeefe7d4fffffaf5","5;30;31"
11264,-0.285758,0.082043,0.492024,"8b9961d3d7fce8877f5153d2891e5cecef9b9391b7387ef70f5e9ac2b74cf5f4","28;30;31"
11289,-0.086983,0.084653,0.587363,"ba6032e849f5184f95006c190f9f222cdc39d3001e0f9290d3d9187b320caf8a","5;30;31;32"
11290,-0.094007,0.084360,0.574825,"bccd727397a65ec67503eb136b1b3d70f8bb1dda7abd01aef3fe804373d3e00a","9;30;31"
11296,-0.084613,0.082579,0.580658,"a8ac38facdfdd543da16a518bcd32139893adb08322f7a3f538911395250cfa2","9;30;31;32"
11303,-0.312261,0.058828,0.542023,"5906c6a5340a6a383ca0f3c6df2390d476cc7eae29d0cd4ea4aeab802ca34920","4;5;30;31"
11306,-0.296530,0.054729,0.519741,"d56f46a7ac0b6e803da0dbc2df4399d47acf6eee49d0cdeab4acaf802cf3e900","4;5;30;31"
11314,-0.159920,0.102409,0.639062,"3638bffa4ec5b9581e59517f149d6408ec9937d393f63b505500baee550937f3","30;31;32"
11486,0.138965,0.075518,0.453605,"3b907ae975df79516d697e221b9fbe34febd971c9cb860c4cffdb0c3778e46f3","9;31;32"
11538,-0.270997,-0.108425,0.454665,"50fb5ae63acc1bf8aaecbdedffdfc352b6f57d62c643ca4df2e12bb908a30f53","3;5;9;30;31"
11552,-0.039909,0.066105,0.497567,"e8f8b55c69cd418ebbbda418b2b74036c9fe68180a4ff233fffa553a4210466a","4;10;31;32"
11575,0.108977,0.081682,0.523343,"04b897bfcaa5a5cf9e3b4052f4ff680bb57b331133d89b715d027f609850a1b3","31;32"
11584,-0.261903,-0.229165,0.487505,"5a326fa103d23951376dd7a7090e92ec7e9dff948dd8f5c4d7e3bac32f842d77","28;30;31"
11600,-0.081281,0.081175,0.572354,"ad34bc438d3fc11952f3a51cd2585c2fd904783cb97479124fdbc574c86bd236","5;9;31;32"
11608,-0.099766,0.080999,0.595725,"66ad56e66c09cee98990a80ae6eb7d13daf34b634863caedb898cf3b447a428a","30;31;32"
11612,-0.120741,0.096353,0.606993,"76ff6966ec4ddefc09e8b9ef53fc5f239cd45567cd63faa87358e5bc4dffd6f3","3;5;9;31;32"
12163,0.010011,-0.121094,0.380348,"be5572ece557fe7d55eefd3f4b7d3fbdfef997e2fcb638de77dfe7a7f7fffed7","1;10;11;12;33"
12173,0.005706,-0.127609,0.382597,"bddbffa3b4567bb043fd7ee67f3ccb26efdf345d8bfc3da2cefb64c4efaf607d","3;12;33;34"
11865,0.231115,0.093406,0.495379,"238de0f9f4a3eaef1f0178c2fde9b460dfab17adb2ba4cff2ede9becf5c8f18d","32;33"
11866,0.227690,0.089885,0.495618,"2ab8bb5869fd7157bb5f7c3d2ebf663ccdbbb710973eb2d35fdf50ebd24c46ff","33;34"
11872,0.231405,0.092434,0.497675,"098e549d14abe8275c2372d2a72230c16b2a220d32bc45df8ca6ba40bc885988","32;33"
11876,0.254468,0.086481,0.492449,"22bd9af0d3edb1e6bf056c093cb76610ab3bc31002b912774f97106bd040c7fa","10;32"
11878,0.253322,0.085983,0.490096,"32f96bca5ed19fe48644dcaa30dc3620cafb93c34e2b2ebd7b05aeeb751ab4fa","32;33"
11713,-0.087426,-0.045691,0.386753,"b65e40e7b4239ef61d8ab8776b293501fff397a3eca408ae22de8f935d79f98b","9;32;34"
11925,0.194823,0.091045,0.536316,"874d6e8f4606ef7034c257c67167b7617eec13efe1963d6e742aea802db378f0","0;1;32;33;34"
11946,0.170232,0.083391,0.561265,"3fbefd57f257bff87bff74ae787ddf3d3fdfb7bda3523fff7f0fede6efe44ef5","9;31;32;33"
11951,-0.086113,0.072464,0.562907,"f526ad059c0fc6f852eada4f526899231d4c642fedf2e90e3d2e65b4697e52c5","4;32;33;34"
11966,-0.218414,0.081391,0.604350,"b9646be055564be851c2e61253993b71788c13ee68b7348e73c9800527a976ea","9;31;32"
11979,-0.177617,0.096682,0.635683,"94f0abbaa448b3c83e5d5113d5cd7808b359737353659a33d9a77bccd033b7f3","4;32;33"
11984,-0.158034,0.098285,0.624094,"d4872faa1cef4b78a45d8313d7672841b4127d6a3a812b15d9e36b54300bb573","31;32;33"
11991,-0.160667,0.087424,0.688074,"03f2ef0d7a5339f87efc54e5d5e6f660774d3ffdc7d13f5d4e2a6fa41ca625d5","5;9;31;32"
12254,0.125425,0.070501,0.466688,"be5f6a4a87fdd7d8e54efdbf6bdd3fb57cf2d563fd273ebff37d049b7fffdef7","4;32;33;34"
12259,0.124514,0.068498,0.455707,"5b43672532126a3065e053e7494a94e736ed35edc5d0a5cc0e68abc42fa67955","1;2;3;4;33;34"
12263,0.123159,0.072292,0.466376,"bbdd7c7eb577dffe554efc197b7d3739ddf395efecee78bfe3df559bf3fddefb","0;1;2;3;4;31;33;34"
12341,0.132745,0.096825,0.539427,"fc21f8e2b57d531c53aff7185bf95a78d99eb5383a36f992d3dda17de2fade22","1;33;34"
12361,0.193376,0.090829,0.533588,"b1046fed86624d3f75c257125329bb697bce15aff9d6358ef1effa8425f0f060","0;33;34"
12363,0.183693,0.089237,0.564826,"0f14efd5e676ed177cd35ff6d92c9eef7f4e37adb5f435c2242ffe84adf0f1f5","1;3;32;33;34"
12367,0.203771,0.084880,0.553270,"8fcded77b23a6fb677f35fb4f97fdb6b37573d8ff1dced2aeefff480a7f78079","0;33;34"
12632,-0.015714,-0.121103,0.391103,"e8bc72e775f47b51e7ccff323b9ffee2ee9cbf08ee37ab8767fda289278c74db","1;4;34"
12666,0.127058,0.070728,0.462577,"43126f45661ea913784956e4bc1e967d2615358d8198254d443afa800d80717d","0;1;2;3;34"
12712,0.227538,0.091034,0.499282,"02bc3bf973edb157be497875bc9f2440a73b1311339810774d143aea9000a7fb","0;33;34"
12742,0.117871,0.104199,0.531629,"dd7139603dcd577869e8bd089f9f493094985c7acb23f80cf3d9253c4a9b4773","0;3;10;34"
12759,-0.132589,0.098682,0.587120,"deae86b083f038c7bbff82bb0dae6adba7d7fd9136df80e29bc3ffe7a244af5b","1;3;4;5;32;34"
5547,-0.057894,-0.144929,0.410296,"9b5e778d2e32ae585d4252e66d28b5e07665be63a5b425eb14666a8237fd394d","0;9;10;11;12;13;29;31"
3509,-0.313983,-0.126191,0.483791,"dc70bd74086c5118a2b6a71897d7493b01d46c120a47fa00d1c1713ce0710662","5;7;29;30;31"
3973,-0.044212,-0.120314,0.395557,"f33679a1fcf4573b51eebf347f56c674dfa7b42fef36f99fb4fd21824c8d6475","0;4;7;9;13;29;30;31;32"
3511,-0.317670,-0.129121,0.487735,"7cb0bc7088ed511ba237a5181797481a81966d101a6ffa00dbc3717de0418662","4;5;6;7;27;28;29;30;31"
8250,0.265251,-0.265399,0.355949,"99ebc43d120a691d36a042e2f30380d972ec2aee49d4451dc4e3e300278028a8","15;16;17;18;19;20"
8252,0.240097,-0.252800,0.342039,"250075cd640b691875a07602d11395757a9c36a8c1f6e5c845b8e30467a860a0","13;18;19;20"
10960,-0.362372,-0.011431,0.510593,"60b4a8ba1dedd1cb8a7dad0db7fd5a12c99bff111a6bfa11d9d5197dd04a56f2","5;6;7;28;29;30"
11346,-0.299112,0.089103,0.552629,"b22036ec4d8f904b9f91a00b2e9f2418ecb9fb910a6f12dd93d19b7f100c2f8a","5;6;9;30;31"
10952,-0.252350,-0.237603,0.483701,"1f9efdffae1bdfb89ffa96e7fd6fbf43ffd3ffaff9616bfffedbef96bffc5979","7;29;30"
9769,0.034596,-0.137617,0.379686,"bc89e4e385547aa067316f12593b5ce669d6b1da1afc9da14fe98645a78f7802","6;15;26;34"
10602,-0.317354,0.075948,0.523376,"ed474546ec0b47b841eab5ec53619db718c4646ee967ef2a76aae5bc6ffb52a4","4;5;28;29;30"
